{"type":"FeatureCollection","metadata":{"status":"audit-candidate-not-productive","purpose":"label corridors from exact OSM topology; same line set only","algorithm":"merge OSM ways sharing exact endpoints while endpoint degree equals 2","distance_heuristics":false,"street_name_grouping":false},"features":[{"type":"Feature","properties":{"source":"osm_exact_topology_chain","lines":["20","23","33","42","43","44","45"],"line_count":7,"segment_count":1,"osm_way_ids":["38564843"]},"geometry":{"type":"LineString","coordinates":[[9.141979,49.9803803],[9.1415475,49.9803963]]}},{"type":"Feature","properties":{"source":"osm_exact_topology_chain","lines":["20","23","33","42","43","44","45"],"line_count":7,"segment_count":1,"osm_way_ids":["779860638"]},"geometry":{"type":"LineString","coordinates":[[9.1417652,49.9804132],[9.1420528,49.980396],[9.1421022,49.9803782],[9.142129,49.9803474],[9.142138,49.980311],[9.1421318,49.9801983],[9.1421274,49.980118]]}},{"type":"Feature","properties":{"source":"osm_exact_topology_chain","lines":["20","23","33","42","43","44","45"],"line_count":7,"segment_count":5,"osm_way_ids":["5106534","1262300178","51889367","51889366","24471847"]},"geometry":{"type":"LineString","coordinates":[[9.1503661,49.9782548],[9.1504842,49.9783734],[9.1505272,49.9784094],[9.1506685,49.9785338],[9.1507727,49.9786255],[9.1510144,49.9787956],[9.151514,49.9791092],[9.1517764,49.979271],[9.1518854,49.9793448],[9.1519399,49.9793739],[9.1520081,49.9794059],[9.1520613,49.9793936],[9.1521176,49.9793964],[9.1521573,49.9794088],[9.1521887,49.9794288],[9.152205,49.9794478],[9.1522134,49.9794689],[9.1522134,49.9794906],[9.152205,49.9795117],[9.1522658,49.9796115],[9.1523169,49.979674],[9.1524142,49.9797931]]}},{"type":"Feature","properties":{"source":"osm_exact_topology_chain","lines":["20","23","33","42","43","44","45"],"line_count":7,"segment_count":1,"osm_way_ids":["24471845"]},"geometry":{"type":"LineString","coordinates":[[9.1524142,49.9797931],[9.1525389,49.9798717],[9.1526123,49.9799138]]}},{"type":"Feature","properties":{"source":"osm_exact_topology_chain","lines":["20","23","33","42","43","44","45"],"line_count":7,"segment_count":6,"osm_way_ids":["24471844","51889365","55001222","228088191","251969764","228088192"]},"geometry":{"type":"LineString","coordinates":[[9.1524142,49.9797931],[9.1522992,49.9797211],[9.1522642,49.9796972],[9.1522008,49.9796539],[9.1521451,49.9796016],[9.1521115,49.9795641],[9.1520688,49.9795664],[9.1520271,49.9795599],[9.1519907,49.9795453],[9.1519632,49.9795242],[9.1519474,49.9794986],[9.1519449,49.9794711],[9.1518098,49.9793916],[9.1517357,49.979348],[9.1512934,49.9790842],[9.1512131,49.9790363],[9.1507057,49.9786753],[9.1505466,49.9785571],[9.1504284,49.9784646],[9.1503863,49.9784288],[9.1503524,49.9784],[9.1503046,49.9783593],[9.1502491,49.978329]]}},{"type":"Feature","properties":{"source":"osm_exact_topology_chain","lines":["20","23","33","42","43","44","45"],"line_count":7,"segment_count":7,"osm_way_ids":["36337012","203944327","580960392","5406252","51336714","29294800","30722914"]},"geometry":{"type":"LineString","coordinates":[[9.167463,49.9889179],[9.1676969,49.9889709],[9.1683189,49.9891119],[9.168558,49.9891919],[9.1687129,49.9892628],[9.1688259,49.9893263],[9.168901,49.9893795],[9.1690272,49.9894687],[9.1693281,49.9897151],[9.1694084,49.9897947],[9.1694622,49.9898441],[9.1695457,49.9899145],[9.1699276,49.9903095],[9.1703386,49.9907264],[9.1712426,49.99167],[9.171531,49.991954]]}},{"type":"Feature","properties":{"source":"osm_exact_topology_chain","lines":["1","2","4","8","9","10","11","20","23","24","25","33","42","43","44","45","61","62"],"line_count":18,"segment_count":1,"osm_way_ids":["38679523"]},"geometry":{"type":"LineString","coordinates":[[9.1421274,49.980118],[9.14212,49.9799843],[9.1421164,49.9799185]]}},{"type":"Feature","properties":{"source":"osm_exact_topology_chain","lines":["2","8","9","11","20","23","25","33","42","43","44","45"],"line_count":12,"segment_count":6,"osm_way_ids":["30412337","32547012","1467826049","15967762","53501123","143819687"]},"geometry":{"type":"LineString","coordinates":[[9.1421164,49.9799185],[9.1422945,49.9799107],[9.1423804,49.9799069],[9.1424811,49.9799026],[9.1428429,49.9798914],[9.142892,49.9798898],[9.1433448,49.9798739],[9.1434009,49.9798724],[9.1440026,49.9798508],[9.1442562,49.9798427],[9.144364,49.9798405],[9.1446485,49.9798287],[9.1447702,49.9798251],[9.1448909,49.9798203],[9.1449703,49.9798165],[9.1450928,49.9798118],[9.1457112,49.9797843],[9.1458101,49.9797823],[9.1463796,49.9797662],[9.1467838,49.9797547],[9.1469335,49.9797606]]}},{"type":"Feature","properties":{"source":"osm_exact_topology_chain","lines":["2","8","9","11","20","23","25","33","42","43","44","45"],"line_count":12,"segment_count":1,"osm_way_ids":["5048856"]},"geometry":{"type":"LineString","coordinates":[[9.1469335,49.9797606],[9.1469336,49.9797418],[9.1469403,49.9797236],[9.1469534,49.9797069],[9.1469721,49.9796925],[9.1469954,49.9796812],[9.1470221,49.9796737],[9.1470517,49.9796702],[9.1470817,49.9796713],[9.1471104,49.979677],[9.1471363,49.9796868],[9.1471578,49.9797003],[9.1471738,49.9797167],[9.1471816,49.9797301],[9.1471855,49.9797443],[9.1471855,49.9797586],[9.147179,49.9797781],[9.1471654,49.979796],[9.1471455,49.9798112],[9.1471204,49.9798229],[9.1470916,49.9798303],[9.1470609,49.9798329],[9.1470301,49.9798307],[9.1470011,49.9798238],[9.1469755,49.9798126],[9.146955,49.9797976],[9.1469407,49.97978],[9.1469335,49.9797606]]}},{"type":"Feature","properties":{"source":"osm_exact_topology_chain","lines":["2","8","9","11","20","23","25","33","42","43","44","45"],"line_count":12,"segment_count":2,"osm_way_ids":["53501122","51336702"]},"geometry":{"type":"LineString","coordinates":[[9.1471738,49.9797167],[9.1472788,49.9796771],[9.1473917,49.9796345],[9.1475519,49.979574],[9.1478616,49.979471],[9.148082,49.9793977],[9.1485145,49.9792461]]}},{"type":"Feature","properties":{"source":"osm_exact_topology_chain","lines":["20","23","25","33","42","43","44","45"],"line_count":8,"segment_count":2,"osm_way_ids":["23285629","228088190"]},"geometry":{"type":"LineString","coordinates":[[9.1485145,49.9792461],[9.1486446,49.9791692],[9.1489309,49.9789982],[9.1500694,49.9783365],[9.1501327,49.9782989],[9.1501557,49.9783128],[9.1501831,49.9783229],[9.1502155,49.9783287],[9.1502491,49.978329]]}},{"type":"Feature","properties":{"source":"osm_exact_topology_chain","lines":["20","23","25","33","42","43","44","45"],"line_count":8,"segment_count":3,"osm_way_ids":["5106535","237350816","51336703"]},"geometry":{"type":"LineString","coordinates":[[9.1493839,49.9773719],[9.149462,49.9774442],[9.149704,49.9776683],[9.1499786,49.9779225],[9.1501633,49.9781044],[9.1502209,49.9781593],[9.1502455,49.9781592],[9.1502697,49.9781619],[9.1502924,49.9781674],[9.1503131,49.9781754],[9.1503317,49.9781861],[9.1503469,49.9781988],[9.1503575,49.9782122],[9.1503643,49.9782265],[9.1503661,49.9782548]]}},{"type":"Feature","properties":{"source":"osm_exact_topology_chain","lines":["20","23","25","33","44","45"],"line_count":6,"segment_count":3,"osm_way_ids":["51336704","51336705","119760906"]},"geometry":{"type":"LineString","coordinates":[[9.1501327,49.9782989],[9.1501189,49.9782861],[9.1501089,49.9782718],[9.1501018,49.9782451],[9.150106,49.9782228],[9.1496885,49.9778002],[9.1493959,49.9775064],[9.1493368,49.9774501],[9.1492842,49.9774001]]}},{"type":"Feature","properties":{"source":"osm_exact_topology_chain","lines":["5","7","15","16","20","21","23","25","33","40","41","42","43","44","45","47","63"],"line_count":17,"segment_count":1,"osm_way_ids":["50005021"]},"geometry":{"type":"LineString","coordinates":[[9.1492842,49.9774001],[9.1492534,49.9773987],[9.1492237,49.9773932],[9.1491965,49.9773837],[9.1491729,49.9773709],[9.1491541,49.9773551],[9.1491409,49.9773371],[9.1491339,49.9773185],[9.149133,49.9772993],[9.1491381,49.9772803],[9.1491491,49.9772625],[9.1491649,49.9772468],[9.1491853,49.9772335],[9.1492093,49.977223],[9.1492361,49.9772158],[9.1492601,49.9772124],[9.1492845,49.9772117],[9.1493088,49.9772136],[9.1493323,49.977218],[9.1493543,49.9772249],[9.1493743,49.9772341],[9.1493915,49.9772453],[9.1494056,49.9772581],[9.1494162,49.9772723],[9.149423,49.9772875],[9.1494258,49.9773026],[9.1494247,49.9773179],[9.1494197,49.9773328],[9.1494112,49.977347],[9.1493991,49.9773602],[9.1493839,49.9773719],[9.1493626,49.9773835],[9.1493383,49.9773922],[9.1493118,49.9773978],[9.1492842,49.9774001]]}},{"type":"Feature","properties":{"source":"osm_exact_topology_chain","lines":["23","33","42","43","44"],"line_count":5,"segment_count":3,"osm_way_ids":["32345616","43783207","25478556"]},"geometry":{"type":"LineString","coordinates":[[9.1542527,49.9805592],[9.1540932,49.9805625],[9.1539289,49.9805478],[9.1538403,49.9805325],[9.1537784,49.9805147],[9.1535831,49.9804051],[9.1531542,49.9801514],[9.1528479,49.9799701],[9.1526123,49.9799138],[9.152664,49.9800069],[9.1527331,49.9800762],[9.1535324,49.9805462],[9.1536399,49.9805918],[9.1536984,49.9806075],[9.1538012,49.9806176],[9.1542527,49.9805592]]}},{"type":"Feature","properties":{"source":"osm_exact_topology_chain","lines":["23","33","42","43","44"],"line_count":5,"segment_count":14,"osm_way_ids":["21979432","5106533","1266822474","23159831","12336308","51889209","51888988","51888989","51888987","1268151248","51888986","5578394","5578393","513170523"]},"geometry":{"type":"LineString","coordinates":[[9.1542527,49.9805592],[9.1547928,49.9804787],[9.1549133,49.9804715],[9.155057,49.9804909],[9.1551835,49.9805098],[9.1552554,49.9805375],[9.1553347,49.9805693],[9.1553706,49.9805827],[9.1556315,49.9807206],[9.1556988,49.9807562],[9.1562732,49.9810567],[9.1566548,49.9812551],[9.1572703,49.9815751],[9.1574,49.9816448],[9.1575105,49.9817042],[9.1578895,49.9818947],[9.1579702,49.9819352],[9.1583494,49.9821267],[9.1586049,49.9822558],[9.1591967,49.9825429],[9.1595537,49.9826898],[9.1599852,49.9828664],[9.1600214,49.9829209],[9.1600343,49.9829855],[9.1600326,49.9830229],[9.160012,49.9830617],[9.1599861,49.9830957],[9.1599822,49.983101],[9.1598934,49.9832214],[9.1598765,49.9832442],[9.1597734,49.9833839],[9.1596843,49.9834958],[9.1593382,49.983952],[9.1589737,49.9844074],[9.1588807,49.9845236],[9.1588564,49.9845537],[9.158802,49.984622]]}},{"type":"Feature","properties":{"source":"osm_exact_topology_chain","lines":["23","42","43","44"],"line_count":4,"segment_count":1,"osm_way_ids":["513170513"]},"geometry":{"type":"LineString","coordinates":[[9.1589737,49.9844074],[9.1590132,49.9845645],[9.1590962,49.9847075]]}},{"type":"Feature","properties":{"source":"osm_exact_topology_chain","lines":["20","23","42","43","44","45"],"line_count":6,"segment_count":7,"osm_way_ids":["24340529","83705522","83705520","83705526","24340530","513170521","15966946"]},"geometry":{"type":"LineString","coordinates":[[9.167463,49.9889179],[9.1675309,49.988773],[9.167664,49.9884044],[9.1675209,49.9880423],[9.1673337,49.987885],[9.1672655,49.9878316],[9.1671655,49.9877552],[9.16646,49.987216],[9.1663799,49.9871551],[9.1657751,49.9866949],[9.1657249,49.986658],[9.1654865,49.9864775],[9.1652887,49.9863177],[9.1651704,49.9862222],[9.1646789,49.9860313],[9.1644752,49.9859855],[9.1641932,49.98596],[9.1638938,49.9859627],[9.1635287,49.9859661],[9.1634221,49.9859628],[9.1632714,49.9859507],[9.1630273,49.9858924],[9.1629236,49.9858676],[9.1621821,49.9856437],[9.1617618,49.9855152],[9.1616564,49.985483],[9.1610256,49.98529],[9.1609244,49.9852594],[9.1597452,49.9849035],[9.1590962,49.9847075],[9.1589355,49.9846608],[9.1588994,49.9846503],[9.158802,49.984622]]}},{"type":"Feature","properties":{"source":"osm_exact_topology_chain","lines":["20","23","43","44","45"],"line_count":5,"segment_count":4,"osm_way_ids":["30722912","250006152","136617151","12361661"]},"geometry":{"type":"LineString","coordinates":[[9.171531,49.991954],[9.1717408,49.9921643],[9.1719686,49.9923779],[9.1719805,49.9923877],[9.1721798,49.9925326],[9.1722825,49.9925918],[9.1723782,49.992647],[9.1725718,49.9927398],[9.1727426,49.9928063],[9.172966,49.9928654],[9.1731884,49.9929265],[9.1733947,49.9929669]]}},{"type":"Feature","properties":{"source":"osm_exact_topology_chain","lines":["20","23","43","44","45"],"line_count":5,"segment_count":4,"osm_way_ids":["791360515","439466252","438983433","791360514"]},"geometry":{"type":"LineString","coordinates":[[9.1733947,49.9929669],[9.1734609,49.9929749],[9.1735451,49.9929826],[9.1735311,49.993072],[9.1735326,49.993237],[9.1735444,49.993279],[9.1735499,49.9932922],[9.1735722,49.9933461],[9.1736181,49.9934169]]}},{"type":"Feature","properties":{"source":"osm_exact_topology_chain","lines":["20","23","43","44","45"],"line_count":5,"segment_count":2,"osm_way_ids":["791360512","24340605"]},"geometry":{"type":"LineString","coordinates":[[9.1733947,49.9929669],[9.1733824,49.9930565],[9.1734007,49.9931301],[9.1734287,49.9932034],[9.1734595,49.9932645],[9.173487,49.9933009],[9.1735354,49.9933543],[9.1736181,49.9934169]]}},{"type":"Feature","properties":{"source":"osm_exact_topology_chain","lines":["20","23","43","44","45"],"line_count":5,"segment_count":5,"osm_way_ids":["438983426","438983431","438983428","969174673","438983421"]},"geometry":{"type":"LineString","coordinates":[[9.1736181,49.9934169],[9.1739154,49.9935785],[9.1740068,49.9936261],[9.1741021,49.9936757],[9.1743231,49.9937906],[9.1744123,49.9938334],[9.1745295,49.993897],[9.1745905,49.9939332],[9.1747262,49.9940091],[9.1751347,49.9942426]]}},{"type":"Feature","properties":{"source":"osm_exact_topology_chain","lines":["20","23","43","44","45"],"line_count":5,"segment_count":7,"osm_way_ids":["30404166","99547974","37341400","1113478234","137006117","379712495","51335355"]},"geometry":{"type":"LineString","coordinates":[[9.1829913,49.9971075],[9.1830661,49.9971438],[9.1830986,49.9971582],[9.1831694,49.9971806],[9.1834654,49.9972465],[9.1835305,49.9972645],[9.1835833,49.9972894],[9.183659,49.9972954],[9.1836828,49.9972973],[9.1840656,49.9973275],[9.1845846,49.9973769],[9.184795,49.9974335],[9.1850465,49.9975007],[9.1855935,49.9976789],[9.1857536,49.9977335],[9.1861336,49.9978648],[9.1865137,49.9979848],[9.1866355,49.9980186],[9.1872085,49.9982094],[9.187459,49.9982934],[9.1877163,49.9983797],[9.1880353,49.9984988],[9.188275,49.9985825],[9.1892227,49.9989006],[9.1905851,49.9993654],[9.1906059,49.9993729],[9.1906993,49.9994032],[9.1908055,49.9994398],[9.1908316,49.9994485],[9.1911438,49.999557],[9.191566,49.9997025],[9.1924276,49.9999955],[9.1926287,50.0000655]]}},{"type":"Feature","properties":{"source":"osm_exact_topology_chain","lines":["20","23","43","44","45"],"line_count":5,"segment_count":3,"osm_way_ids":["1496296084","779987686","150274352"]},"geometry":{"type":"LineString","coordinates":[[9.1926287,50.0000655],[9.1926662,50.0000739],[9.1927362,50.000083],[9.1928809,50.0000713],[9.1929992,50.0000522],[9.1931013,50.000037],[9.1931716,50.0001239],[9.1932105,50.0001838],[9.1932465,50.0002267],[9.1933055,50.0002811],[9.1933695,50.0003278]]}},{"type":"Feature","properties":{"source":"osm_exact_topology_chain","lines":["20","23","43","44","45"],"line_count":5,"segment_count":2,"osm_way_ids":["1496296083","1496296082"]},"geometry":{"type":"LineString","coordinates":[[9.1926287,50.0000655],[9.1927443,50.0001136],[9.1928461,50.0001341],[9.1929595,50.0001366],[9.193039,50.0001522],[9.1931341,50.0002027],[9.1931484,50.0002212],[9.1931951,50.0002604],[9.1932503,50.0002953],[9.1933695,50.0003278]]}},{"type":"Feature","properties":{"source":"osm_exact_topology_chain","lines":["20","23","43","44","45"],"line_count":5,"segment_count":7,"osm_way_ids":["51335356","459849267","459849271","43783890","24287572","51335357","1481893719"]},"geometry":{"type":"LineString","coordinates":[[9.1933695,50.0003278],[9.1935836,50.0003995],[9.1936283,50.0004156],[9.193945,50.0005205],[9.1945543,50.0007292],[9.1947233,50.0007932],[9.1952177,50.0009562],[9.1952641,50.0009722],[9.1954451,50.0010381],[9.1955292,50.0010687],[9.1955759,50.0010865],[9.195641,50.0011093],[9.1963609,50.0013689],[9.1964171,50.001388],[9.1965325,50.0014298],[9.1967937,50.0015244],[9.1971838,50.0016564],[9.1973386,50.0017077],[9.1976705,50.0018029],[9.1984467,50.0020199],[9.198821,50.0021331],[9.1992152,50.0022584],[9.1995433,50.0023913],[9.2000634,50.0025975],[9.200593,50.0027876],[9.2006575,50.0028102],[9.200763,50.0028472]]}},{"type":"Feature","properties":{"source":"osm_exact_topology_chain","lines":["7","20","23","43","44","45"],"line_count":6,"segment_count":10,"osm_way_ids":["460699021","187409245","30404168","442533639","37341398","116606425","37341399","99547989","1445302844","1445302843"]},"geometry":{"type":"LineString","coordinates":[[9.1751347,49.9942426],[9.1754861,49.9944649],[9.1759822,49.9947924],[9.1762877,49.9950109],[9.1764622,49.9951335],[9.1767575,49.9953468],[9.1768615,49.9954219],[9.17689,49.9954425],[9.1769867,49.9955124],[9.1770866,49.9955846],[9.1772373,49.9956934],[9.1775691,49.9959335],[9.1776753,49.9960124],[9.1778496,49.9961426],[9.1780652,49.9962999],[9.1781046,49.9963274],[9.1781448,49.9963554],[9.1785535,49.9966487],[9.1788157,49.9968316],[9.1790963,49.9970113],[9.179305,49.9970908],[9.1797531,49.9972054],[9.1799955,49.9972524],[9.1802465,49.9972985],[9.1805031,49.9973394],[9.1808955,49.9973916],[9.1811245,49.9974196],[9.1812839,49.9974321],[9.1813596,49.9974253],[9.1814855,49.9973941],[9.1815889,49.9973681],[9.1816796,49.9973404],[9.1817871,49.9973118],[9.1818289,49.9973007],[9.1819956,49.9972591],[9.1821774,49.9972242],[9.1823612,49.9971956],[9.1827151,49.997148],[9.1828323,49.9971384],[9.1828582,49.9971363],[9.1828915,49.9971315],[9.182914,49.9971283],[9.1829654,49.9971176],[9.1829913,49.9971075]]}},{"type":"Feature","properties":{"source":"osm_exact_topology_chain","lines":["20","21","23","43","44","45"],"line_count":6,"segment_count":4,"osm_way_ids":["1387544329","30169345","441785357","441785356"]},"geometry":{"type":"LineString","coordinates":[[9.200763,50.0028472],[9.2009543,50.0029151],[9.2010756,50.0029602],[9.2011579,50.0029882],[9.2013551,50.0030554],[9.2015276,50.0031076],[9.2017154,50.0031493],[9.2020371,50.0032008],[9.2020624,50.0032048],[9.2024279,50.0032633],[9.2025598,50.0032817],[9.202618,50.0032906],[9.2026799,50.0032998],[9.2027553,50.0033113],[9.2030273,50.0033631],[9.2032304,50.0034113],[9.2033307,50.0034506]]}},{"type":"Feature","properties":{"source":"osm_exact_topology_chain","lines":["20","21","23","44"],"line_count":4,"segment_count":4,"osm_way_ids":["8160027","59086949","70141486","1313317639"]},"geometry":{"type":"LineString","coordinates":[[9.2033307,50.0034506],[9.2033938,50.0035456],[9.2033863,50.0036572],[9.2033135,50.0040255],[9.2033094,50.0040566],[9.2032941,50.00414],[9.2032884,50.0041666],[9.2032545,50.0044059],[9.2032111,50.0046519],[9.2032022,50.0047077],[9.2031944,50.0047695],[9.2032259,50.0052686],[9.2032213,50.0053309],[9.2031923,50.0056326],[9.2031695,50.0058867],[9.2031784,50.0061268],[9.2031881,50.0062619],[9.2031889,50.0062797],[9.2032037,50.0064499],[9.2032241,50.0065364],[9.203234,50.0065703],[9.2032776,50.0067086],[9.2033555,50.006944],[9.2033896,50.0070443],[9.203494,50.0072831],[9.2036156,50.0074739],[9.2036609,50.0075423],[9.2036829,50.0075764],[9.2038659,50.0078558],[9.2039796,50.0080332],[9.2040027,50.0080702],[9.2041539,50.0083051],[9.2041979,50.0083815],[9.2042313,50.008492]]}},{"type":"Feature","properties":{"source":"osm_exact_topology_chain","lines":["20","23","44"],"line_count":3,"segment_count":10,"osm_way_ids":["10985290","64188418","64188419","779430351","6277356","82220462","38913767","126254316","1421147170","38913766"]},"geometry":{"type":"LineString","coordinates":[[9.2042313,50.008492],[9.2043169,50.0084949],[9.2043248,50.0084965],[9.204401,50.0085125],[9.204531,50.0085846],[9.2054529,50.009144],[9.2056006,50.0092423],[9.205808,50.0093809],[9.2060671,50.0095805],[9.2062371,50.0097241],[9.2063889,50.0098419],[9.2066992,50.0097889],[9.2069412,50.00974],[9.2073679,50.0096809],[9.2074517,50.0096744],[9.20747,50.009673],[9.207941,50.0096344],[9.2080602,50.0096264],[9.2081975,50.0096157],[9.2084859,50.0095942],[9.2088591,50.009572],[9.2089329,50.0095669],[9.2089541,50.0095654],[9.2091417,50.0095529],[9.2092829,50.009544],[9.209676,50.0095182],[9.2098973,50.0095027],[9.2100116,50.0094924],[9.2100881,50.0094887],[9.2102551,50.0094788],[9.2104281,50.009473],[9.2116183,50.0094344],[9.2117582,50.0094315],[9.2118318,50.0094297],[9.2125507,50.0094126],[9.213166,50.0093996],[9.2136299,50.0093912],[9.2138347,50.0093878],[9.2141607,50.0093781],[9.2145196,50.0093775],[9.2150961,50.0093702]]}},{"type":"Feature","properties":{"source":"osm_exact_topology_chain","lines":["23","44"],"line_count":2,"segment_count":1,"osm_way_ids":["664449310"]},"geometry":{"type":"LineString","coordinates":[[9.2169527,50.0065031],[9.216543,50.007054],[9.2156954,50.0081496],[9.2155165,50.0083967],[9.2154534,50.0085109],[9.2153212,50.0087583],[9.2151421,50.0092449],[9.2150961,50.0093702]]}},{"type":"Feature","properties":{"source":"osm_exact_topology_chain","lines":["43","44","45"],"line_count":3,"segment_count":4,"osm_way_ids":["30169811","126670646","103264846","126662861"]},"geometry":{"type":"LineString","coordinates":[[9.2171178,50.0055195],[9.2177697,50.005572],[9.2188767,50.0056616],[9.2191571,50.0056769],[9.2194001,50.0056853],[9.2196473,50.0056939],[9.2198814,50.0056978],[9.2199885,50.0056991],[9.2204466,50.0056981],[9.2206604,50.0056901],[9.2210483,50.0056662],[9.2213877,50.0056233]]}},{"type":"Feature","properties":{"source":"osm_exact_topology_chain","lines":["43","44","45"],"line_count":3,"segment_count":5,"osm_way_ids":["39218331","51782373","126662859","230678623","230678622"]},"geometry":{"type":"LineString","coordinates":[[9.2213877,50.0056233],[9.2215496,50.0055694],[9.2216842,50.0055058],[9.2219033,50.0053694],[9.2220819,50.0052375],[9.2221471,50.0051906],[9.2221663,50.0051816],[9.2222174,50.0051651],[9.2222738,50.0051593],[9.2224694,50.0052408],[9.2226541,50.0053107],[9.2228114,50.00537],[9.22292,50.005402],[9.2230348,50.0054298]]}},{"type":"Feature","properties":{"source":"osm_exact_topology_chain","lines":["43","44","45"],"line_count":3,"segment_count":1,"osm_way_ids":["230678624"]},"geometry":{"type":"LineString","coordinates":[[9.2213877,50.0056233],[9.221511,50.005609],[9.2216554,50.005579],[9.2217531,50.0055421],[9.2219682,50.0054251],[9.2220977,50.0053441],[9.2222635,50.0052515]]}},{"type":"Feature","properties":{"source":"osm_exact_topology_chain","lines":["33","42","43","44","45"],"line_count":5,"segment_count":7,"osm_way_ids":["230682199","51878940","51878941","149427685","51878938","126670645","149058066"]},"geometry":{"type":"LineString","coordinates":[[9.2255062,50.0053268],[9.2254335,50.0053317],[9.2254157,50.0053329],[9.2246438,50.0053853],[9.2240717,50.0054242],[9.2236377,50.0054519],[9.2235475,50.0054526],[9.2232912,50.0054478],[9.2230348,50.0054298],[9.2228714,50.0054185],[9.2227629,50.0054022],[9.2226386,50.0053737],[9.2225567,50.0053515],[9.2223822,50.0052949],[9.2222635,50.0052515]]}},{"type":"Feature","properties":{"source":"osm_exact_topology_chain","lines":["42","43","44","45"],"line_count":4,"segment_count":2,"osm_way_ids":["30185004","230682198"]},"geometry":{"type":"LineString","coordinates":[[9.2255062,50.0053268],[9.225865,50.0053024],[9.2260041,50.005293],[9.2261556,50.0052827]]}},{"type":"Feature","properties":{"source":"osm_exact_topology_chain","lines":["44","45"],"line_count":2,"segment_count":8,"osm_way_ids":["52891639","1489934974","1489934970","1489934971","1489934972","1489934975","1489934976","1489934973"]},"geometry":{"type":"LineString","coordinates":[[9.2421215,50.0068495],[9.2421507,50.0067939],[9.2422071,50.0067478],[9.2422423,50.00673],[9.2422809,50.0067184],[9.2423509,50.0067054],[9.2423955,50.0067034],[9.24245,50.006709],[9.2424932,50.0067168],[9.2425465,50.0067362],[9.2425917,50.0067629],[9.2426217,50.00679],[9.2426431,50.0068204],[9.2426551,50.0068529],[9.2426571,50.0068862],[9.2426482,50.0069216],[9.2426281,50.0069551],[9.2425977,50.0069852],[9.2425583,50.0070107],[9.2424977,50.0070346],[9.2424294,50.0070476],[9.2423583,50.0070486],[9.2422892,50.0070376],[9.242219,50.0070114],[9.2421641,50.006973],[9.2421295,50.0069258],[9.2421189,50.006888],[9.2421215,50.0068495]]}},{"type":"Feature","properties":{"source":"osm_exact_topology_chain","lines":["20","45"],"line_count":2,"segment_count":3,"osm_way_ids":["25478555","35672852","314030752"]},"geometry":{"type":"LineString","coordinates":[[9.1526123,49.9799138],[9.1528066,49.9800187],[9.1536374,49.980546],[9.1538346,49.9806838],[9.1539387,49.9807929],[9.1540916,49.9809923],[9.1541491,49.9810841],[9.1542412,49.9812402]]}},{"type":"Feature","properties":{"source":"osm_exact_topology_chain","lines":["20","45"],"line_count":2,"segment_count":2,"osm_way_ids":["38567428","35672850"]},"geometry":{"type":"LineString","coordinates":[[9.1542412,49.9812402],[9.1543202,49.9813839],[9.1543896,49.9815058],[9.1542053,49.9815858],[9.154115,49.9816247]]}},{"type":"Feature","properties":{"source":"osm_exact_topology_chain","lines":["20","45"],"line_count":2,"segment_count":1,"osm_way_ids":["236039615"]},"geometry":{"type":"LineString","coordinates":[[9.1542412,49.9812402],[9.1542166,49.9813345],[9.1541857,49.9814199],[9.1541644,49.9814718],[9.154115,49.9816247]]}},{"type":"Feature","properties":{"source":"osm_exact_topology_chain","lines":["20","45"],"line_count":2,"segment_count":2,"osm_way_ids":["35672849","136617150"]},"geometry":{"type":"LineString","coordinates":[[9.154115,49.9816247],[9.1534891,49.9819046],[9.1534362,49.9819292]]}},{"type":"Feature","properties":{"source":"osm_exact_topology_chain","lines":["20","45"],"line_count":2,"segment_count":3,"osm_way_ids":["37938408","234562191","256827657"]},"geometry":{"type":"LineString","coordinates":[[9.1534362,49.9819292],[9.1532272,49.9821276],[9.1531286,49.9822232],[9.1529579,49.9823592],[9.1528563,49.9824564],[9.1527765,49.9825176],[9.1525561,49.9826456],[9.1525322,49.9826884],[9.1525184,49.9827246],[9.1525137,49.9827642],[9.1525216,49.9828083],[9.1525461,49.982862]]}},{"type":"Feature","properties":{"source":"osm_exact_topology_chain","lines":["20","45"],"line_count":2,"segment_count":3,"osm_way_ids":["25478834","24803663","24803664"]},"geometry":{"type":"LineString","coordinates":[[9.1534362,49.9819292],[9.1530171,49.9820422],[9.1528009,49.9821354],[9.1526062,49.9822346],[9.1525048,49.9823014],[9.152428,49.9823703],[9.1523764,49.9824371],[9.1523355,49.982506],[9.1522876,49.9825689],[9.1522489,49.9826267],[9.152222,49.9826695],[9.1521666,49.9827379],[9.1523496,49.9827977],[9.1525461,49.982862]]}},{"type":"Feature","properties":{"source":"osm_exact_topology_chain","lines":["20","45"],"line_count":2,"segment_count":4,"osm_way_ids":["256941512","53501127","53501128","513170522"]},"geometry":{"type":"LineString","coordinates":[[9.1525461,49.982862],[9.1525827,49.9828745],[9.1528824,49.9829773],[9.1531437,49.983061],[9.1533262,49.9831188],[9.1536058,49.9831851],[9.1536992,49.9832022],[9.153892,49.9832361],[9.1542964,49.9833059],[9.1547266,49.9833777],[9.1548558,49.9834018],[9.1551498,49.9834597],[9.1554264,49.983531],[9.1555762,49.9835713],[9.1556182,49.9835813],[9.1559339,49.9836857],[9.1560044,49.9837067],[9.1561214,49.9837437],[9.1569837,49.9840178],[9.1570816,49.9840487],[9.1578149,49.9842905],[9.1582499,49.9844276],[9.158539,49.9845344],[9.1586257,49.9845621],[9.1586866,49.9845837],[9.158802,49.984622]]}},{"type":"Feature","properties":{"source":"osm_exact_topology_chain","lines":["20","23"],"line_count":2,"segment_count":7,"osm_way_ids":["664449311","127736078","309413558","127736071","127563795","51339029","29184155"]},"geometry":{"type":"LineString","coordinates":[[9.2212523,50.0102303],[9.2214115,50.0102644],[9.2217606,50.0103572],[9.2220341,50.0104283],[9.2222394,50.0104801],[9.2223454,50.0105067],[9.2224158,50.0105327],[9.2226012,50.0106011],[9.2227506,50.010699],[9.2228711,50.0107838],[9.2230582,50.0108829],[9.2233386,50.0109905],[9.2236268,50.0110804]]}},{"type":"Feature","properties":{"source":"osm_exact_topology_chain","lines":["20","23"],"line_count":2,"segment_count":4,"osm_way_ids":["301346741","27671917","27683578","29184154"]},"geometry":{"type":"LineString","coordinates":[[9.2236268,50.0110804],[9.2239826,50.0111746],[9.2246565,50.0113274],[9.2250937,50.0114124],[9.2252114,50.0114166],[9.2253146,50.0114127],[9.2254131,50.0113932],[9.2255275,50.011358],[9.2256306,50.0113072],[9.2257361,50.0112204],[9.2257908,50.0111417],[9.225809,50.0110818],[9.225789,50.0109584],[9.2256592,50.0108457],[9.2255853,50.0107962],[9.2254719,50.0107605],[9.2253575,50.0107383],[9.225234,50.0107364],[9.2250804,50.0107608],[9.2249658,50.0107965],[9.2246778,50.0109295]]}},{"type":"Feature","properties":{"source":"osm_exact_topology_chain","lines":["20","23"],"line_count":2,"segment_count":2,"osm_way_ids":["127736097","27683577"]},"geometry":{"type":"LineString","coordinates":[[9.2236268,50.0110804],[9.2236271,50.0111216],[9.2235999,50.0112197],[9.2234774,50.0114268],[9.2233864,50.011552],[9.2232513,50.0116624],[9.2228877,50.0119061]]}},{"type":"Feature","properties":{"source":"osm_exact_topology_chain","lines":["20","23","33"],"line_count":3,"segment_count":12,"osm_way_ids":["30168996","501947328","498584318","501947333","498584319","128417467","35406329","124389755","35406331","128640464","404801353","404801352"]},"geometry":{"type":"LineString","coordinates":[[9.2246778,50.0109295],[9.2245795,50.0109952],[9.2244749,50.0110684],[9.2243193,50.0111693],[9.2241262,50.0112891],[9.2237395,50.0114967],[9.2234462,50.0116467],[9.2232478,50.0117415],[9.2228877,50.0119061],[9.2227904,50.0119497],[9.2223376,50.0121548],[9.2216853,50.0124476],[9.2212763,50.0126482],[9.2210151,50.0127845],[9.2203447,50.0131908],[9.220123,50.0133531],[9.2197005,50.0137168],[9.2194189,50.0139986],[9.2191158,50.0143589],[9.2187122,50.0150121],[9.2185044,50.0155408],[9.2182798,50.0161494],[9.2179247,50.0167355],[9.2177315,50.0169888],[9.2176111,50.0171494],[9.2174571,50.0172984],[9.2168388,50.0178478],[9.2158529,50.0186165],[9.2156114,50.018864],[9.2150241,50.019421],[9.2146955,50.0197791],[9.21443,50.0201422],[9.2139147,50.0208148],[9.2136628,50.0211407],[9.2134311,50.0214758],[9.2131408,50.0219378],[9.2125864,50.0228116],[9.212035,50.0237528],[9.2116448,50.0245363],[9.2113851,50.0250862],[9.211216,50.0255635],[9.2111337,50.0260249],[9.2110598,50.0263486],[9.2110571,50.0265533],[9.2110776,50.0267636],[9.2111356,50.0271913],[9.2111391,50.0272177],[9.2111579,50.0274032],[9.2111644,50.0274687],[9.2111812,50.0276031],[9.2111909,50.0277142],[9.2111966,50.0278478],[9.2112045,50.0280306],[9.2111804,50.0283395],[9.2110783,50.0287648],[9.2108277,50.0292762],[9.2106871,50.0295267],[9.2105244,50.0297365],[9.2104365,50.0298324]]}},{"type":"Feature","properties":{"source":"osm_exact_topology_chain","lines":["20","23","33"],"line_count":3,"segment_count":1,"osm_way_ids":["10972332"]},"geometry":{"type":"LineString","coordinates":[[9.1915369,50.0542447],[9.1915411,50.0541622],[9.1915527,50.053931],[9.1915947,50.0536634],[9.1916379,50.0535439],[9.1917037,50.0534245],[9.1918953,50.0531655],[9.1921831,50.0529159],[9.1924379,50.0527482],[9.1927207,50.0525951],[9.1933214,50.0523125],[9.1937488,50.052099],[9.1941235,50.0518601],[9.1945448,50.0514879],[9.1948407,50.0511064],[9.1950548,50.050698],[9.1951683,50.0502629],[9.19518,50.0501111],[9.1952661,50.04899],[9.1954588,50.047899],[9.1955805,50.0474877],[9.1957931,50.0470607],[9.1960326,50.0465965],[9.1962332,50.0463278],[9.1963794,50.0461319],[9.1973366,50.0451576],[9.1975139,50.0449851],[9.1976442,50.0448182],[9.1978083,50.0446378],[9.1979067,50.0445046],[9.1979637,50.0444275],[9.1980952,50.0442509],[9.198131,50.0441914],[9.1984347,50.0436859],[9.1984921,50.0435785],[9.1986188,50.0433113],[9.1987055,50.0431]]}},{"type":"Feature","properties":{"source":"osm_exact_topology_chain","lines":["20","23","33"],"line_count":3,"segment_count":1,"osm_way_ids":["465274268"]},"geometry":{"type":"LineString","coordinates":[[9.1913464,50.0543794],[9.1913474,50.0543564],[9.1913668,50.0543149],[9.1913876,50.0542937],[9.1914143,50.0542756],[9.1914716,50.0542534],[9.1915369,50.0542447],[9.191597,50.0542493],[9.1916521,50.0542654],[9.1916971,50.0542914],[9.1917277,50.0543249],[9.1917411,50.0543628],[9.191736,50.0544015],[9.1917101,50.0544403],[9.191666,50.0544715],[9.1916083,50.0544916],[9.1915436,50.0544986],[9.1914818,50.0544922],[9.1914261,50.0544737],[9.1913823,50.0544449],[9.1913547,50.0544088],[9.1913518,50.0544021],[9.1913464,50.0543794]]}},{"type":"Feature","properties":{"source":"osm_exact_topology_chain","lines":["20","33"],"line_count":2,"segment_count":7,"osm_way_ids":["1391373808","377057546","10968933","251407996","572049245","188142255","446105322"]},"geometry":{"type":"LineString","coordinates":[[9.191736,50.0544015],[9.1918635,50.0544181],[9.1922701,50.0544674],[9.1923641,50.0544743],[9.1930773,50.0545088],[9.1934404,50.0545189],[9.1935176,50.054521],[9.1939618,50.0545218],[9.194458,50.0545317],[9.1950234,50.0545309],[9.195592,50.0545604],[9.195704,50.0545655],[9.1962667,50.0546165],[9.1968214,50.0546692],[9.1977642,50.0547746],[9.1987267,50.054888],[9.1993457,50.0549901],[9.1999646,50.0551266],[9.2002039,50.0551946],[9.2007178,50.0553287],[9.201162,50.0554835],[9.2025828,50.056089],[9.2029894,50.0562929],[9.2033289,50.0565471],[9.203804,50.0569632],[9.2039782,50.0571077],[9.2043543,50.0573245],[9.2049118,50.0575725],[9.205658,50.0577244],[9.2061686,50.0577723],[9.2065349,50.0577814]]}},{"type":"Feature","properties":{"source":"osm_exact_topology_chain","lines":["20","33"],"line_count":2,"segment_count":1,"osm_way_ids":["188142253"]},"geometry":{"type":"LineString","coordinates":[[9.2065349,50.0577814],[9.2069357,50.0577851]]}},{"type":"Feature","properties":{"source":"osm_exact_topology_chain","lines":["20","33"],"line_count":2,"segment_count":2,"osm_way_ids":["188142254","188142252"]},"geometry":{"type":"LineString","coordinates":[[9.2065349,50.0577814],[9.2065531,50.0578321],[9.2065922,50.0578777],[9.2066492,50.0579147],[9.2067199,50.0579402],[9.2067987,50.0579523],[9.2068554,50.057952],[9.2068958,50.0579505],[9.2069177,50.0578576],[9.2069357,50.0577851]]}},{"type":"Feature","properties":{"source":"osm_exact_topology_chain","lines":["20","33"],"line_count":2,"segment_count":11,"osm_way_ids":["10968930","251407995","10968928","75414245","813149019","813149017","253326966","75414266","10968926","426767267","446105323"]},"geometry":{"type":"LineString","coordinates":[[9.2069357,50.0577851],[9.2078278,50.0577981],[9.2080604,50.0577591],[9.2084801,50.0576501],[9.2093831,50.0573489],[9.2097363,50.0572576],[9.2098037,50.0572473],[9.209861,50.0572397],[9.2099449,50.0572332],[9.2100339,50.0572304],[9.2101164,50.0572313],[9.2102049,50.0572335],[9.2102884,50.0572368],[9.2103768,50.0572478],[9.2104635,50.0572649],[9.2105401,50.0572823],[9.2106109,50.0573024],[9.2107184,50.057334],[9.2108216,50.0573646],[9.2109284,50.0573943],[9.2110352,50.0574212],[9.2111602,50.057449],[9.2112537,50.0574684],[9.2113235,50.0574813],[9.2113934,50.0574911],[9.2114731,50.057499],[9.2115542,50.0575034],[9.2117145,50.0575139],[9.2118545,50.0575239],[9.211957,50.0575323],[9.2120292,50.0575379],[9.2121845,50.0575476],[9.212324,50.0575579],[9.2124405,50.0575672],[9.2126511,50.0575822],[9.2128214,50.057594],[9.2129528,50.0576013],[9.2131065,50.0576106],[9.2131749,50.057617],[9.2132389,50.0576231],[9.2133343,50.0576371],[9.2134186,50.0576459],[9.2135055,50.0576525],[9.2135566,50.0576545],[9.2136042,50.0576571],[9.2137254,50.0576626],[9.2138461,50.057667],[9.2139728,50.0576697],[9.214059,50.0576691],[9.2141317,50.0576686],[9.2142194,50.0576669],[9.2142905,50.0576647],[9.21436,50.0576597],[9.2144468,50.0576525],[9.2145439,50.0576443],[9.2146717,50.0576336],[9.2148022,50.0576239],[9.214914,50.0576156],[9.2149964,50.0576087],[9.2150824,50.0576008],[9.215155,50.0575954],[9.215243,50.0575879],[9.2153335,50.0575811],[9.215405,50.0575757],[9.2154892,50.0575704],[9.2155757,50.0575642],[9.2156564,50.0575597],[9.2157357,50.057555],[9.215821,50.0575523],[9.2159023,50.0575501],[9.2159892,50.0575486],[9.2160756,50.0575466],[9.216158,50.0575455],[9.2162392,50.0575439],[9.216322,50.0575438],[9.2164037,50.0575443],[9.216485,50.0575452],[9.2166562,50.0575482],[9.2168252,50.0575534],[9.216992,50.057557],[9.2171573,50.0575618],[9.2173178,50.057566],[9.2174857,50.0575714],[9.2176522,50.0575755],[9.2178213,50.0575814],[9.2179875,50.0575875],[9.2181584,50.0575946],[9.2183243,50.0576023],[9.2184877,50.0576098],[9.2186532,50.0576205],[9.2188211,50.0576325],[9.2189455,50.0576443],[9.218984,50.0576477],[9.2190662,50.0576557],[9.2191485,50.0576643],[9.219233,50.057673],[9.219314,50.0576822],[9.2194804,50.0577029],[9.2197727,50.0577393],[9.2203511,50.057816],[9.22169,50.0579988],[9.2217678,50.0580094],[9.2219229,50.0580318],[9.2220853,50.0580573],[9.2222386,50.0580866],[9.222395,50.0581295],[9.2225471,50.0581759],[9.2227025,50.0582349],[9.2228371,50.0582992],[9.2230641,50.0584152],[9.2231959,50.0584893],[9.2233006,50.0585432],[9.223352,50.0585689],[9.2233951,50.058592],[9.2234518,50.05862],[9.2235063,50.0586407],[9.2236426,50.058692],[9.223781,50.0587346],[9.2238878,50.0587669],[9.2241683,50.0588371],[9.2243419,50.0588803],[9.2245135,50.0589228],[9.22463,50.0589587],[9.2247861,50.059012],[9.2249194,50.0590614],[9.225071,50.0591239],[9.2251682,50.0591707],[9.2252604,50.0592142],[9.2253009,50.0592349],[9.2253989,50.0592848],[9.2255175,50.0593506],[9.2255378,50.0593636],[9.2255522,50.0593728],[9.2256258,50.0594199],[9.22569,50.0594634],[9.2257456,50.0595039],[9.2258006,50.0595457],[9.2259068,50.0596262],[9.225987,50.059683],[9.2260601,50.0597304],[9.2261654,50.0598005],[9.2262635,50.0598568],[9.2264039,50.0599264],[9.2265781,50.0600096],[9.2269105,50.0601574],[9.2272723,50.0603271],[9.2274706,50.0604222],[9.227599,50.0604884],[9.2276665,50.0605273],[9.2277472,50.0605778],[9.2278669,50.0606549],[9.2279737,50.0607338],[9.2280797,50.0608204],[9.2281614,50.0608936],[9.2282402,50.0609678],[9.228395,50.061117],[9.2285348,50.061258],[9.2287046,50.0614003],[9.2287815,50.0614592],[9.2288871,50.0615341],[9.2289977,50.0616057],[9.2291196,50.0616832],[9.2292429,50.0617528],[9.2294036,50.0618388],[9.2295613,50.061927],[9.2297872,50.0620468],[9.2300176,50.0621684]]}},{"type":"Feature","properties":{"source":"osm_exact_topology_chain","lines":["20","33"],"line_count":2,"segment_count":2,"osm_way_ids":["10968925","49041393"]},"geometry":{"type":"LineString","coordinates":[[9.2300176,50.0621684],[9.2301299,50.0621976],[9.2302629,50.0622638],[9.2306945,50.0624749],[9.2308092,50.0625396],[9.2309119,50.0626045],[9.230992,50.0626683]]}},{"type":"Feature","properties":{"source":"osm_exact_topology_chain","lines":["20","33"],"line_count":2,"segment_count":2,"osm_way_ids":["446105321","426767265"]},"geometry":{"type":"LineString","coordinates":[[9.2300176,50.0621684],[9.2300802,50.0622323],[9.2301338,50.0622658],[9.2302496,50.0623236],[9.2304511,50.0624231],[9.2305955,50.0624938],[9.2306497,50.0625207],[9.2307348,50.0625626],[9.2307593,50.062575],[9.2308263,50.0626053],[9.2308814,50.0626305],[9.230992,50.0626683]]}},{"type":"Feature","properties":{"source":"osm_exact_topology_chain","lines":["20","33"],"line_count":2,"segment_count":7,"osm_way_ids":["426767270","49041392","1183981921","75414255","10968923","187631393","1112516912"]},"geometry":{"type":"LineString","coordinates":[[9.230992,50.0626683],[9.2310851,50.0627142],[9.231136,50.0627372],[9.2311886,50.0627606],[9.2312783,50.0628022],[9.2313537,50.0628372],[9.2316082,50.062955],[9.2317502,50.0630189],[9.2318897,50.0630835],[9.2319457,50.0631103],[9.2321549,50.0632104],[9.2324065,50.0633233],[9.2325206,50.0633749],[9.2325764,50.0633992],[9.2326382,50.0634235],[9.2326871,50.0634403],[9.2327733,50.0634621],[9.2328387,50.0634735],[9.2328938,50.0634805],[9.2329643,50.0634875],[9.2332651,50.0635177],[9.2333641,50.0635293],[9.2334388,50.0635401],[9.2335489,50.063556],[9.2336586,50.0635759],[9.2337089,50.0635878],[9.2337658,50.0636054],[9.2338317,50.0636302],[9.2338699,50.0636477],[9.2339068,50.0636678],[9.2339388,50.063689],[9.2339719,50.0637157],[9.234019,50.0637558],[9.2340474,50.0637893],[9.2340582,50.0638052],[9.2340685,50.0638203],[9.2340846,50.0638461],[9.2341114,50.0638908],[9.2341274,50.0639283],[9.2341435,50.0639703],[9.2341859,50.06411],[9.2342045,50.0641889],[9.2342312,50.0643275],[9.2342855,50.0645014],[9.2342985,50.0645432],[9.2343057,50.0645665],[9.2343156,50.0645884],[9.2343281,50.06461],[9.2343416,50.0646302],[9.2343734,50.0646795],[9.2344792,50.0648261],[9.2344962,50.0648496],[9.2345157,50.0648731],[9.2345346,50.0648932],[9.2345548,50.0649125],[9.2346006,50.064953],[9.234757,50.0650798],[9.2349452,50.0652195],[9.2350846,50.0653253],[9.235174,50.0653952],[9.2353335,50.0655172],[9.2354174,50.0655767],[9.2355234,50.0656446],[9.2356027,50.065701],[9.2356708,50.0657513],[9.2357504,50.0658174],[9.2358142,50.0658759],[9.2358741,50.0659307],[9.2359808,50.0660225],[9.2360392,50.0660682],[9.2361001,50.0661136],[9.2362398,50.0662148],[9.2364877,50.0663839],[9.2367377,50.0665573],[9.2370194,50.0667492],[9.2371116,50.0668129],[9.2372545,50.0669118],[9.2373774,50.0669926],[9.2374579,50.0670463],[9.2376189,50.0671562],[9.2379109,50.0673624],[9.2380251,50.0674476],[9.238129,50.0675277],[9.238221,50.0676043],[9.2382775,50.0676535],[9.2382896,50.067664],[9.2383983,50.0677641],[9.2384895,50.0678512],[9.2385806,50.0679453],[9.2386333,50.0680049],[9.2386743,50.0680547],[9.2387568,50.068162],[9.2388775,50.0683289],[9.2389656,50.0684555],[9.2390301,50.0685537],[9.2390858,50.0686398],[9.2391364,50.068727],[9.2392395,50.0689116],[9.2393058,50.0690404],[9.2393722,50.0691675],[9.2394111,50.0692423],[9.2394467,50.069315],[9.2395291,50.0694853],[9.2396149,50.0696613],[9.2396465,50.0697234],[9.2397219,50.0698752],[9.2398566,50.0701258],[9.2400496,50.0704772],[9.2401986,50.0707435],[9.2403377,50.0709935],[9.2403807,50.0710718],[9.2404174,50.0711414],[9.2404326,50.0711721],[9.2404871,50.0712826]]}},{"type":"Feature","properties":{"source":"osm_exact_topology_chain","lines":["20","33"],"line_count":2,"segment_count":8,"osm_way_ids":["27527380","27527379","1304307720","1304307721","94164662","1395160175","803199246","49041271"]},"geometry":{"type":"LineString","coordinates":[[9.2456703,50.0789959],[9.2458343,50.0793188],[9.2458504,50.0793462],[9.2459255,50.0794616],[9.2459804,50.0795404],[9.2460118,50.079586],[9.2461041,50.0797197],[9.2461878,50.0798443],[9.2462799,50.079977],[9.2463018,50.0800237],[9.246314,50.0800687],[9.2463177,50.0801048],[9.2463151,50.0802277],[9.2463052,50.0802752],[9.2462965,50.0803152],[9.2462802,50.0803809],[9.2462663,50.0804276],[9.2462534,50.0804602],[9.2462288,50.0805308],[9.2462147,50.080598],[9.2462086,50.0806363],[9.2462057,50.0806657],[9.2462026,50.080756],[9.2461999,50.0808295],[9.2462039,50.0808733],[9.2462078,50.0808953],[9.2462115,50.0809112],[9.24622,50.0809422],[9.2462294,50.0809689],[9.2462361,50.0809891],[9.2462478,50.0810228],[9.2462691,50.0810954],[9.2462898,50.0811655],[9.2463139,50.081249],[9.2463502,50.0813768],[9.2463602,50.0814121],[9.2463749,50.0814702],[9.24639,50.0815362],[9.2464078,50.0816023],[9.2464246,50.0816698],[9.2464541,50.0818204],[9.2464864,50.0819847],[9.2464976,50.0820446],[9.2465144,50.0821053],[9.2465312,50.0821659],[9.2465419,50.0822249],[9.2465497,50.0822772],[9.2465634,50.0823445],[9.2465728,50.0824047],[9.2465781,50.0824547],[9.2465815,50.0824998],[9.2465848,50.082542],[9.2465857,50.0825687],[9.246588,50.0825963],[9.2465868,50.0826091],[9.2465815,50.0826431],[9.2465781,50.0826659],[9.2465734,50.082687],[9.2465627,50.082721],[9.2465533,50.0827533],[9.246529,50.0828593],[9.2465211,50.0829138],[9.2465104,50.082965],[9.2464956,50.0830493],[9.2464846,50.08309],[9.2464752,50.0831315],[9.2464681,50.0831689],[9.2464608,50.0832113],[9.2464524,50.0832582],[9.2464474,50.0832894],[9.2464392,50.0833368],[9.2464336,50.0833735],[9.2464316,50.0834049],[9.246435,50.0834596],[9.246437,50.0834957],[9.2464396,50.08354],[9.2464443,50.0835839],[9.2464464,50.0836123],[9.246449,50.0836437],[9.2464497,50.0836747],[9.2464516,50.083715],[9.2464504,50.0837397],[9.2464477,50.0837599],[9.246437,50.083784],[9.2464289,50.0838021],[9.2464163,50.0838209]]}},{"type":"Feature","properties":{"source":"osm_exact_topology_chain","lines":["20","28","33"],"line_count":3,"segment_count":5,"osm_way_ids":["446101614","446101615","26666823","60628380","440052794"]},"geometry":{"type":"LineString","coordinates":[[9.2464163,50.0838209],[9.2464061,50.0838378],[9.2463961,50.0838498],[9.2463786,50.0838731],[9.2463605,50.0838942],[9.246331,50.0839269],[9.2463008,50.0839527],[9.246274,50.083975],[9.2462371,50.0840022],[9.2462103,50.0840207],[9.2461708,50.0840473],[9.2461296,50.0840705],[9.246095,50.0840908],[9.2460541,50.0841114],[9.2460195,50.0841257],[9.2459481,50.0841527],[9.2458911,50.084176],[9.2458536,50.0841923],[9.2458222,50.0842073],[9.2457798,50.0842311],[9.2457486,50.0842507],[9.2457181,50.0842706],[9.245692,50.0842922],[9.2456625,50.0843145],[9.2456323,50.0843395],[9.2455994,50.0843683],[9.2455599,50.0844045],[9.2455465,50.0844174],[9.2455351,50.0844285],[9.2455049,50.0844608],[9.2454821,50.0844884],[9.245462,50.0845124],[9.2454492,50.0845297],[9.2454331,50.084552],[9.2454239,50.0845678],[9.245411,50.0845839],[9.2454003,50.0846041],[9.2453902,50.0846252],[9.2453808,50.0846441],[9.2453715,50.0846708],[9.2453668,50.0846988],[9.2453652,50.0847308],[9.2453634,50.0847504],[9.2453627,50.0847689],[9.2453634,50.0847895],[9.2453661,50.0848098],[9.2453735,50.0848433],[9.2453866,50.0848702],[9.2454036,50.0849048],[9.2454249,50.0849395],[9.2454553,50.0849866],[9.2454948,50.0850421],[9.2455331,50.0850955],[9.2455652,50.0851355],[9.2455915,50.0851693],[9.2456132,50.0852002],[9.2456301,50.0852283],[9.2456529,50.0852618],[9.2456663,50.0852924],[9.2456743,50.0853173],[9.2456776,50.0853372],[9.2456803,50.0853707],[9.245681,50.0854047],[9.2456797,50.0854399],[9.2456734,50.0854809],[9.2456655,50.0855136],[9.2456569,50.0855458],[9.2456495,50.0855725],[9.2456401,50.0855935],[9.2456314,50.0856168],[9.2456194,50.0856378],[9.2456032,50.0856676]]}},{"type":"Feature","properties":{"source":"osm_exact_topology_chain","lines":["20","27","28","33"],"line_count":4,"segment_count":4,"osm_way_ids":["492366284","14961865","389267631","94164666"]},"geometry":{"type":"LineString","coordinates":[[9.2456032,50.0856676],[9.2455878,50.0856895],[9.2455762,50.0857055],[9.2455489,50.085736],[9.2455336,50.0857506],[9.2455167,50.0857648],[9.2454994,50.0857772],[9.2454768,50.0857912],[9.2454535,50.0858052],[9.2454223,50.0858232],[9.2453767,50.0858469],[9.2453478,50.0858635],[9.2453327,50.0858721],[9.2453166,50.0858826],[9.2452928,50.0858988],[9.2452569,50.0859214],[9.2452275,50.0859403],[9.2451878,50.0859666],[9.245155,50.0859891],[9.2451238,50.0860118],[9.2450974,50.0860294],[9.2450709,50.0860477],[9.24504,50.0860672],[9.2450065,50.0860879],[9.2449649,50.0861098],[9.2449107,50.0861345],[9.2448646,50.0861546],[9.2448034,50.0861783],[9.2447137,50.0862088],[9.2446342,50.0862333],[9.2446088,50.0862411],[9.2445176,50.0862703],[9.2444607,50.0862879],[9.2444204,50.0863017]]}},{"type":"Feature","properties":{"source":"osm_exact_topology_chain","lines":["20","25","27","28","29","30","33"],"line_count":7,"segment_count":3,"osm_way_ids":["1102597235","1102597234","1102597233"]},"geometry":{"type":"LineString","coordinates":[[9.2444204,50.0863017],[9.244291,50.086181],[9.2442673,50.0861589],[9.2441417,50.0860417],[9.2440407,50.0859442]]}},{"type":"Feature","properties":{"source":"osm_exact_topology_chain","lines":["7","21"],"line_count":2,"segment_count":1,"osm_way_ids":["38564846"]},"geometry":{"type":"LineString","coordinates":[[9.1415109,49.9802089],[9.1412478,49.9802173]]}},{"type":"Feature","properties":{"source":"osm_exact_topology_chain","lines":["7","21"],"line_count":2,"segment_count":23,"osm_way_ids":["1260682019","32070710","7924652","967876308","1194039135","51511353","7925532","23862214","1268151247","682260311","969174686","27756051","6189104","44065894","425929020","1088362374","23885661","137006134","414632876","6189103","137006135","6189444","6189443"]},"geometry":{"type":"LineString","coordinates":[[9.1554376,49.9765437],[9.155504,49.9765778],[9.1555949,49.9766243],[9.1558194,49.9767348],[9.156367,49.977001],[9.1566591,49.9771464],[9.1570159,49.9772855],[9.1573494,49.9774262],[9.1575822,49.9775244],[9.1578253,49.977589],[9.15892,49.9779662],[9.1591374,49.9780329],[9.1592975,49.9780786],[9.1594753,49.9781458],[9.1597818,49.9782601],[9.1599833,49.9783355],[9.160086,49.9783873],[9.1601557,49.9784345],[9.1602459,49.9785062],[9.1602558,49.9785236],[9.1603085,49.9786163],[9.160365,49.9787872],[9.1604609,49.9790772],[9.1606229,49.9793299],[9.1606838,49.9794036],[9.16106,49.9798323],[9.1614315,49.9802592],[9.1613456,49.9804133],[9.1610518,49.980652],[9.1609346,49.9807471],[9.1607761,49.980881],[9.1606487,49.9809957],[9.1605982,49.9810842],[9.1604859,49.9812948],[9.16048,49.9813237],[9.1604372,49.9815342],[9.1604639,49.9819357],[9.1604496,49.9822544],[9.160446,49.9823351],[9.1604153,49.9824753],[9.1603626,49.9825878],[9.1601644,49.9828536],[9.1601672,49.9829036],[9.1601866,49.9829435],[9.1602243,49.9829822],[9.1603298,49.9830379],[9.1615114,49.9836762],[9.1617593,49.9837886],[9.1624124,49.9840817],[9.1626557,49.984197],[9.1628561,49.9842833],[9.1630538,49.9843841],[9.1632755,49.9844937],[9.1633977,49.9845497],[9.1634338,49.9845663],[9.1639017,49.984781],[9.1646026,49.985013],[9.1648088,49.9850806],[9.1651196,49.9851824],[9.1665566,49.985651],[9.1681477,49.9861478],[9.1694225,49.9865865],[9.1703592,49.9868996],[9.1704571,49.9869196],[9.1705242,49.9869218],[9.1705801,49.9869111],[9.1706466,49.9868766],[9.1707171,49.9867978],[9.1707924,49.9866906],[9.1709494,49.9864962],[9.1710468,49.9863985],[9.1711961,49.9863111],[9.1712773,49.9862945],[9.1713545,49.9862929],[9.1714484,49.9862957],[9.171561,49.9863021],[9.1718832,49.9863324],[9.1722255,49.9863622],[9.1726705,49.9863851],[9.1729926,49.9863978],[9.1730732,49.9864144],[9.1730911,49.9864293],[9.1731863,49.9865064],[9.173377,49.9866108],[9.173589,49.9867068],[9.1739089,49.9868353],[9.1742193,49.9869557],[9.1743594,49.9870386],[9.1744491,49.9871058],[9.1749694,49.9875855],[9.175077,49.9876711],[9.1752369,49.987757],[9.1753713,49.9877973],[9.1755329,49.9878265],[9.175718,49.9878345],[9.176044,49.9878023],[9.1761982,49.9877904],[9.1763251,49.9877927],[9.1764537,49.9878155],[9.1764911,49.9878222],[9.1766425,49.9878843],[9.1768045,49.9880386],[9.1768773,49.9881035],[9.1769174,49.9881393],[9.1771726,49.9883326],[9.1773765,49.9884241],[9.177606,49.9885161],[9.1777038,49.9885555],[9.1791497,49.9890946],[9.179522,49.9892329],[9.1806841,49.9896977],[9.1808333,49.9897415],[9.1811271,49.9898428],[9.1815409,49.9900196],[9.1819442,49.9901805],[9.1822829,49.9903369],[9.1827358,49.9905773],[9.1828095,49.9906133],[9.1828587,49.9906365],[9.1831352,49.9907911],[9.1833391,49.9909093],[9.1834357,49.9909632],[9.1836384,49.9910502],[9.1837604,49.9910936],[9.183861,49.9911265],[9.1840898,49.9911715],[9.1842682,49.99119],[9.1844694,49.9912083],[9.1847576,49.9912496],[9.1849371,49.9912885],[9.1850936,49.9913424],[9.1852024,49.9914058],[9.1852701,49.9914932],[9.1852703,49.9915879],[9.1852316,49.9916582],[9.1851291,49.9917936],[9.18506,49.9918831],[9.1849795,49.9919736],[9.1848231,49.9920821]]}},{"type":"Feature","properties":{"source":"osm_exact_topology_chain","lines":["7","21"],"line_count":2,"segment_count":4,"osm_way_ids":["463426558","463426568","463426566","463426571"]},"geometry":{"type":"LineString","coordinates":[[9.1848231,49.9920821],[9.1848412,49.9921496],[9.1848032,49.9922122],[9.1847117,49.9922512],[9.1846053,49.9922531],[9.1845141,49.9922177],[9.1844672,49.9921562],[9.1844795,49.9920882],[9.1845469,49.9920353],[9.1846482,49.9920142],[9.1847512,49.9920316],[9.1848231,49.9920821]]}},{"type":"Feature","properties":{"source":"osm_exact_topology_chain","lines":["7","21"],"line_count":2,"segment_count":1,"osm_way_ids":["24215524"]},"geometry":{"type":"LineString","coordinates":[[9.1757965,50.0182904],[9.1758344,50.0183187],[9.1758809,50.0183613],[9.17595,50.0184352],[9.1759742,50.0184649],[9.176028,50.0185464],[9.1760667,50.0186153],[9.1760754,50.0186497]]}},{"type":"Feature","properties":{"source":"osm_exact_topology_chain","lines":["1","2","3","4","7","10","11","21","61","62"],"line_count":10,"segment_count":1,"osm_way_ids":["319136230"]},"geometry":{"type":"LineString","coordinates":[[9.1412269,49.9801475],[9.1413711,49.9801422]]}},{"type":"Feature","properties":{"source":"osm_exact_topology_chain","lines":["1","3","4","7","10","21","61","62"],"line_count":8,"segment_count":1,"osm_way_ids":["319136231"]},"geometry":{"type":"LineString","coordinates":[[9.1410389,49.9801528],[9.1412269,49.9801475]]}},{"type":"Feature","properties":{"source":"osm_exact_topology_chain","lines":["1","3","4","7","10","12","16","21","61","62"],"line_count":10,"segment_count":1,"osm_way_ids":["319136234"]},"geometry":{"type":"LineString","coordinates":[[9.140725,49.9801649],[9.1409418,49.9801559],[9.1410389,49.9801528]]}},{"type":"Feature","properties":{"source":"osm_exact_topology_chain","lines":["1","3","7","12","16","21","61","62"],"line_count":8,"segment_count":1,"osm_way_ids":["319136232"]},"geometry":{"type":"LineString","coordinates":[[9.1406691,49.9801673],[9.140725,49.9801649]]}},{"type":"Feature","properties":{"source":"osm_exact_topology_chain","lines":["1","3","5","7","12","15","16","21","40","41","47","61","62","63"],"line_count":14,"segment_count":1,"osm_way_ids":["319136236"]},"geometry":{"type":"LineString","coordinates":[[9.140208,49.9801802],[9.1406691,49.9801673]]}},{"type":"Feature","properties":{"source":"osm_exact_topology_chain","lines":["3","5","7","12","15","16","21","40","41","47","63"],"line_count":11,"segment_count":2,"osm_way_ids":["38679524","38564834"]},"geometry":{"type":"LineString","coordinates":[[9.140208,49.9801802],[9.1397452,49.9801937],[9.1397833,49.9800847],[9.1398917,49.9799483]]}},{"type":"Feature","properties":{"source":"osm_exact_topology_chain","lines":["1","3","4","5","6","7","10","12","14","15","16","21","24","31","40","41","42","43","47","50","53","54","55","60","61","62","63","BG2","BG3","OF-85"],"line_count":30,"segment_count":1,"osm_way_ids":["5048858"]},"geometry":{"type":"LineString","coordinates":[[9.1398116,49.9798801],[9.1398269,49.9799046],[9.1398499,49.9799275],[9.1398917,49.9799483]]}},{"type":"Feature","properties":{"source":"osm_exact_topology_chain","lines":["1","3","4","5","6","7","10","12","14","15","16","21","24","31","40","41","42","43","47","50","53","54","55","60","61","62","63","BG2","BG3","OF-85"],"line_count":30,"segment_count":1,"osm_way_ids":["30412076"]},"geometry":{"type":"LineString","coordinates":[[9.1404247,49.9787133],[9.1405633,49.9787228],[9.1406129,49.9787254],[9.1418483,49.9788218],[9.1420502,49.9788232]]}},{"type":"Feature","properties":{"source":"osm_exact_topology_chain","lines":["1","3","4","5","6","7","10","12","15","16","21","40","41","42","43","47","53","54","55","60","61","62","63","BG2","BG3"],"line_count":25,"segment_count":1,"osm_way_ids":["5048859"]},"geometry":{"type":"LineString","coordinates":[[9.1398116,49.9798801],[9.1397982,49.979824],[9.1398064,49.9797749],[9.139875,49.9796565],[9.1403635,49.9788168],[9.1403796,49.9787883],[9.1403957,49.9787633],[9.1404247,49.9787133]]}},{"type":"Feature","properties":{"source":"osm_exact_topology_chain","lines":["1","3","4","5","6","7","10","12","15","16","21","40","41","42","43","47","53","54","55","60","61","62","63","BG2","BG3"],"line_count":25,"segment_count":4,"osm_way_ids":["5729841","12343517","51779072","753923097"]},"geometry":{"type":"LineString","coordinates":[[9.1420502,49.9788232],[9.1422293,49.9788143],[9.1423086,49.9787476],[9.1424762,49.9787014],[9.1429112,49.9785002],[9.1433716,49.9783262],[9.1438677,49.9781441],[9.1448223,49.9777679],[9.1456627,49.9774416]]}},{"type":"Feature","properties":{"source":"osm_exact_topology_chain","lines":["5","7","15","16","21","40","41","42","43","47","63"],"line_count":11,"segment_count":5,"osm_way_ids":["30412040","237320562","48441078","50004715","48441073"]},"geometry":{"type":"LineString","coordinates":[[9.1456627,49.9774416],[9.1458225,49.977375],[9.1463849,49.9771522],[9.1467117,49.9770246],[9.1474414,49.9767362],[9.1475951,49.9766794],[9.1476937,49.9766459],[9.1477952,49.9766162],[9.1479411,49.9765885],[9.1480185,49.9765811],[9.1480853,49.9765807],[9.14816,49.9765871],[9.1482209,49.9765972],[9.1483433,49.9766283],[9.1484577,49.9766677],[9.1485305,49.9766954],[9.1485872,49.9767218],[9.1486582,49.976759],[9.1487461,49.9768138],[9.1488272,49.9768741],[9.1489358,49.9769543]]}},{"type":"Feature","properties":{"source":"osm_exact_topology_chain","lines":["5","7","15","16","21","40","41","43","47","63"],"line_count":10,"segment_count":1,"osm_way_ids":["23104589"]},"geometry":{"type":"LineString","coordinates":[[9.1489358,49.9769543],[9.1491135,49.9770333],[9.1491837,49.9770859],[9.1492315,49.9771165],[9.1492922,49.977144],[9.1493791,49.9771678],[9.149487,49.9771864],[9.1496111,49.9772027],[9.1498117,49.9772296]]}},{"type":"Feature","properties":{"source":"osm_exact_topology_chain","lines":["5","7","15","16","21","40","41","43","47","63"],"line_count":10,"segment_count":5,"osm_way_ids":["30782177","1279859965","50339527","83343381","83343387"]},"geometry":{"type":"LineString","coordinates":[[9.1498117,49.9772296],[9.1498426,49.9772251],[9.1502459,49.9771741],[9.1509655,49.9770839],[9.1509917,49.9770806],[9.1513663,49.9770345],[9.1514416,49.9770249],[9.1516474,49.9769995],[9.1525787,49.9768843],[9.1532446,49.9768024],[9.1535053,49.9767703],[9.154465,49.9766558],[9.1544956,49.9766511]]}},{"type":"Feature","properties":{"source":"osm_exact_topology_chain","lines":["5","7","15","16","21","40","41","43","47","63"],"line_count":10,"segment_count":1,"osm_way_ids":["4014605"]},"geometry":{"type":"LineString","coordinates":[[9.1498117,49.9772296],[9.149485,49.9772782],[9.149423,49.9772875]]}},{"type":"Feature","properties":{"source":"osm_exact_topology_chain","lines":["5","7","15","16","21","40","41","43","47","63"],"line_count":10,"segment_count":1,"osm_way_ids":["842228697"]},"geometry":{"type":"LineString","coordinates":[[9.1544956,49.9766511],[9.1545385,49.976616],[9.1546112,49.9765854],[9.1547414,49.976525],[9.1547901,49.9764954]]}},{"type":"Feature","properties":{"source":"osm_exact_topology_chain","lines":["5","7","15","16","21","40","41","43","47","63"],"line_count":10,"segment_count":1,"osm_way_ids":["842228696"]},"geometry":{"type":"LineString","coordinates":[[9.1544956,49.9766511],[9.1546322,49.9766403],[9.1548056,49.9766209],[9.1548661,49.9766184]]}},{"type":"Feature","properties":{"source":"osm_exact_topology_chain","lines":["5","7","12","15","16","21","40","41","43","47","63"],"line_count":11,"segment_count":1,"osm_way_ids":["1266826728"]},"geometry":{"type":"LineString","coordinates":[[9.1547893,49.9765573],[9.1547808,49.9765283],[9.1547901,49.9764954],[9.1548134,49.9764658],[9.1548499,49.9764425],[9.154887,49.9764297],[9.154928,49.9764234],[9.1549752,49.9764244],[9.155017,49.9764339],[9.1550572,49.9764521],[9.155087,49.9764773],[9.1551037,49.976507],[9.1551056,49.9765397],[9.1550916,49.9765712],[9.1550684,49.9765978],[9.155028,49.9766166],[9.1549863,49.9766279],[9.1549414,49.9766314],[9.1548967,49.9766268],[9.1548661,49.9766184],[9.154834,49.9766038],[9.1548086,49.976584],[9.1547893,49.9765573]]}},{"type":"Feature","properties":{"source":"osm_exact_topology_chain","lines":["7","12","16","21","43"],"line_count":5,"segment_count":4,"osm_way_ids":["1132956231","10938596","32070707","1394125090"]},"geometry":{"type":"LineString","coordinates":[[9.1551037,49.976507],[9.1551433,49.9765179],[9.155234,49.9765297],[9.1553563,49.976539],[9.1554376,49.9765437],[9.1553667,49.9765697],[9.1552564,49.976591],[9.1551034,49.9766086],[9.155028,49.9766166]]}},{"type":"Feature","properties":{"source":"osm_exact_topology_chain","lines":["43","45"],"line_count":2,"segment_count":11,"osm_way_ids":["778303685","1437146209","29550523","70018893","39218337","39218333","778303686","39218332","103264849","29224148","103264851"]},"geometry":{"type":"LineString","coordinates":[[9.2033307,50.0034506],[9.2043681,50.0036471],[9.2044177,50.0036568],[9.2044609,50.0036646],[9.2044857,50.0036697],[9.2046474,50.0037033],[9.2051233,50.003802],[9.2053295,50.0038448],[9.2057789,50.0039449],[9.2061032,50.0040022],[9.2064385,50.0040644],[9.2070714,50.0041845],[9.2070979,50.0041899],[9.2073346,50.0042348],[9.2074684,50.0042605],[9.2074755,50.0042623],[9.2078115,50.0043472],[9.2079417,50.0043801],[9.2079802,50.0043912],[9.2082134,50.0044532],[9.2085511,50.0045464],[9.2086623,50.0045757],[9.2088148,50.0046021],[9.2094868,50.0047183],[9.2100925,50.0048244],[9.2102277,50.0048467],[9.2109278,50.0049625],[9.2111456,50.0050007],[9.2112719,50.0050184],[9.2114459,50.0050423],[9.2116202,50.0050634],[9.2119832,50.005111],[9.212307,50.0051377],[9.2127189,50.0051763],[9.2129506,50.0051948],[9.2140951,50.0052869],[9.2146334,50.0053265],[9.2150007,50.0053602],[9.2171178,50.0055195]]}},{"type":"Feature","properties":{"source":"osm_exact_topology_chain","lines":["43","45"],"line_count":2,"segment_count":2,"osm_way_ids":["30137782","304517621"]},"geometry":{"type":"LineString","coordinates":[[9.2254335,50.0053317],[9.2256662,50.0052312],[9.2257527,50.0051728],[9.2258555,50.0050916],[9.2259179,50.005018],[9.2257806,50.0044529]]}},{"type":"Feature","properties":{"source":"osm_exact_topology_chain","lines":["33","42","43","45"],"line_count":4,"segment_count":7,"osm_way_ids":["30721242","5368102","6269449","51339027","35479880","6269448","254826703"]},"geometry":{"type":"LineString","coordinates":[[9.22456,50.0012922],[9.2246163,50.0014381],[9.2247742,50.001847],[9.2249525,50.0023401],[9.2253271,50.003328],[9.2255996,50.0040275],[9.2257806,50.0044529],[9.2260383,50.0049725],[9.2260971,50.0051215],[9.2261556,50.0052827]]}},{"type":"Feature","properties":{"source":"osm_exact_topology_chain","lines":["42","43","45"],"line_count":3,"segment_count":7,"osm_way_ids":["35479879","22803722","104141301","22803798","132444684","22803799","6187875"]},"geometry":{"type":"LineString","coordinates":[[9.22456,50.0012922],[9.2244821,50.0010905],[9.2243893,50.0008502],[9.2243592,50.0007724],[9.2242527,50.0004965],[9.2241823,50.0002948],[9.2241534,50.0002032],[9.2241567,50.0001264],[9.2242322,50.0000226],[9.2243588,49.9999401],[9.225101,49.9997107],[9.2253515,49.9996465]]}},{"type":"Feature","properties":{"source":"osm_exact_topology_chain","lines":["42","43","45","47"],"line_count":4,"segment_count":2,"osm_way_ids":["30312067","146883346"]},"geometry":{"type":"LineString","coordinates":[[9.2253515,49.9996465],[9.2265289,49.9995219],[9.2268642,49.9994939],[9.2277925,49.9994393],[9.2282678,49.999389],[9.2284368,49.9993638]]}},{"type":"Feature","properties":{"source":"osm_exact_topology_chain","lines":["41","42","43","45","47"],"line_count":5,"segment_count":5,"osm_way_ids":["1137797453","1137797452","58828113","146883343","146883344"]},"geometry":{"type":"LineString","coordinates":[[9.2284368,49.9993638],[9.2287447,49.9993179],[9.2288703,49.9992992],[9.2290519,49.9992761],[9.2303154,49.9990919],[9.2308766,49.9990086]]}},{"type":"Feature","properties":{"source":"osm_exact_topology_chain","lines":["41","42","45","47"],"line_count":4,"segment_count":6,"osm_way_ids":["134784904","134784899","25479198","146883350","35479620","1520734385"]},"geometry":{"type":"LineString","coordinates":[[9.2308766,49.9990086],[9.231071,49.9989754],[9.2318088,49.9989009],[9.2322028,49.9988748],[9.232631,49.9988766],[9.2331216,49.9988761],[9.233491,49.9988795],[9.2339632,49.9988838],[9.2344582,49.998875],[9.2349599,49.9988488],[9.2351741,49.9988363],[9.2353735,49.9988217],[9.2355889,49.9987973],[9.2356635,49.9987833],[9.2356899,49.9987782],[9.2358805,49.9987396],[9.2362295,49.9986519],[9.2363715,49.9986039],[9.2366108,49.99853],[9.2367413,49.9984859]]}},{"type":"Feature","properties":{"source":"osm_exact_topology_chain","lines":["41","42","45","47"],"line_count":4,"segment_count":1,"osm_way_ids":["1520734384"]},"geometry":{"type":"LineString","coordinates":[[9.2367413,49.9984859],[9.2368039,49.9984498],[9.2369249,49.9984058],[9.2371599,49.9983375],[9.2371975,49.9983271],[9.2372659,49.9983012]]}},{"type":"Feature","properties":{"source":"osm_exact_topology_chain","lines":["41","42","45","47"],"line_count":4,"segment_count":1,"osm_way_ids":["302775389"]},"geometry":{"type":"LineString","coordinates":[[9.2367413,49.9984859],[9.2368478,49.9984705],[9.2370351,49.9984268],[9.237203,49.9984035],[9.237356,49.9983859]]}},{"type":"Feature","properties":{"source":"osm_exact_topology_chain","lines":["41","42","45","47"],"line_count":4,"segment_count":1,"osm_way_ids":["22803721"]},"geometry":{"type":"LineString","coordinates":[[9.2374455,49.9984092],[9.2373987,49.9984008],[9.237356,49.9983859],[9.2373116,49.9983642],[9.2372845,49.9983374],[9.2372659,49.9983012],[9.2372654,49.9982677],[9.2372758,49.9982309],[9.2373012,49.9981973],[9.2373397,49.9981694],[9.2373885,49.9981491],[9.237444,49.9981381],[9.2375021,49.9981371],[9.2375582,49.9981461],[9.2376085,49.9981645],[9.2376492,49.9981909],[9.2376775,49.9982233],[9.2376902,49.9982545],[9.2376913,49.9982867],[9.2376807,49.9983182],[9.237659,49.9983472],[9.2376273,49.9983722],[9.2375875,49.9983917],[9.2375472,49.9984047],[9.237494,49.9984105],[9.2374455,49.9984092]]}},{"type":"Feature","properties":{"source":"osm_exact_topology_chain","lines":["5","15","40","41","47","63"],"line_count":6,"segment_count":1,"osm_way_ids":["38564848"]},"geometry":{"type":"LineString","coordinates":[[9.1409448,49.9802284],[9.1404777,49.9802463]]}},{"type":"Feature","properties":{"source":"osm_exact_topology_chain","lines":["5","15","40","41","47","63"],"line_count":6,"segment_count":1,"osm_way_ids":["751425450"]},"geometry":{"type":"LineString","coordinates":[[9.1547631,49.9740898],[9.1547828,49.9740849],[9.154866,49.9740453],[9.1550054,49.9739959]]}},{"type":"Feature","properties":{"source":"osm_exact_topology_chain","lines":["5","15","40","41","47","63"],"line_count":6,"segment_count":12,"osm_way_ids":["751425449","159171324","159171348","103088982","471111391","1349992369","103088983","1349992370","32070481","228086399","159171330","313957536"]},"geometry":{"type":"LineString","coordinates":[[9.1550054,49.9739959],[9.155173,49.9739081],[9.1556887,49.9736328],[9.1557025,49.9736252],[9.1558214,49.9735596],[9.1559521,49.9734838],[9.1561188,49.9733932],[9.1570826,49.9728692],[9.1575435,49.972621],[9.1582604,49.9722499],[9.1583188,49.9722211],[9.1583829,49.9721874],[9.1584819,49.9721354],[9.1585844,49.9720778],[9.1587212,49.9720014],[9.1587999,49.9719578],[9.1588271,49.9719425],[9.1589234,49.9718879],[9.1589803,49.9718578],[9.1590657,49.9718127],[9.1591137,49.9717873],[9.1592684,49.971704],[9.1593179,49.971678],[9.1598811,49.971365],[9.1599935,49.9713096],[9.1601878,49.971214],[9.1602629,49.9711729],[9.1606778,49.9709461],[9.1608002,49.9708792],[9.1609817,49.970781],[9.1614158,49.9705393],[9.1614414,49.9705251],[9.1615306,49.9704754]]}},{"type":"Feature","properties":{"source":"osm_exact_topology_chain","lines":["5","15","40","41","47","63"],"line_count":6,"segment_count":1,"osm_way_ids":["23100074"]},"geometry":{"type":"LineString","coordinates":[[9.1550054,49.9739959],[9.1549317,49.9740921],[9.1548852,49.9741478],[9.1548778,49.9741637]]}},{"type":"Feature","properties":{"source":"osm_exact_topology_chain","lines":["5","12","15","40","41","47","63"],"line_count":7,"segment_count":1,"osm_way_ids":["842228694"]},"geometry":{"type":"LineString","coordinates":[[9.1548499,49.9764425],[9.1548613,49.9764212],[9.1548694,49.9763451],[9.1548865,49.9762344]]}},{"type":"Feature","properties":{"source":"osm_exact_topology_chain","lines":["5","12","15","40","41","47","63"],"line_count":7,"segment_count":4,"osm_way_ids":["1436174492","1394125096","51993246","191133670"]},"geometry":{"type":"LineString","coordinates":[[9.1548865,49.9762344],[9.1548755,49.976151],[9.1548719,49.9761235],[9.1548456,49.975868],[9.1548203,49.9756835],[9.1547879,49.9754476],[9.1547648,49.9752801],[9.1546859,49.9747045],[9.1546724,49.9746065]]}},{"type":"Feature","properties":{"source":"osm_exact_topology_chain","lines":["5","12","15","40","41","47","63"],"line_count":7,"segment_count":2,"osm_way_ids":["842228695","1132956229"]},"geometry":{"type":"LineString","coordinates":[[9.1548865,49.9762344],[9.1549524,49.9763429],[9.1549781,49.9764012],[9.155017,49.9764339]]}},{"type":"Feature","properties":{"source":"osm_exact_topology_chain","lines":["5","12","15","40","41","47","63"],"line_count":7,"segment_count":1,"osm_way_ids":["4081890"]},"geometry":{"type":"LineString","coordinates":[[9.1546724,49.9746065],[9.1546664,49.9745319],[9.1546542,49.9744324],[9.1546505,49.9743321],[9.1546335,49.974283]]}},{"type":"Feature","properties":{"source":"osm_exact_topology_chain","lines":["5","12","15","40","41","47","63"],"line_count":7,"segment_count":2,"osm_way_ids":["751425455","191133672"]},"geometry":{"type":"LineString","coordinates":[[9.1546724,49.9746065],[9.154749,49.9744451],[9.1547735,49.9743883],[9.1547893,49.9743348],[9.1548113,49.97428]]}},{"type":"Feature","properties":{"source":"osm_exact_topology_chain","lines":["5","12","15","40","41","47","63"],"line_count":7,"segment_count":1,"osm_way_ids":["1266928057"]},"geometry":{"type":"LineString","coordinates":[[9.1546765,49.9742947],[9.1546335,49.974283],[9.1546113,49.9742727],[9.1545764,49.9742458],[9.1545569,49.9742129],[9.1545552,49.9741778],[9.1545715,49.9741442],[9.1545972,49.9741202],[9.1546321,49.9741017],[9.1546735,49.97409],[9.1547183,49.9740859],[9.1547631,49.9740898],[9.1548021,49.9741004],[9.1548356,49.9741171],[9.1548614,49.9741386],[9.1548778,49.9741637],[9.1548834,49.9741844],[9.1548826,49.9742054],[9.1548702,49.9742343],[9.1548458,49.9742599],[9.1548113,49.97428],[9.1547692,49.9742932],[9.154723,49.9742982],[9.1546765,49.9742947]]}},{"type":"Feature","properties":{"source":"osm_exact_topology_chain","lines":["5","15"],"line_count":2,"segment_count":2,"osm_way_ids":["144070773","146875550"]},"geometry":{"type":"LineString","coordinates":[[9.1717672,49.9650447],[9.1716817,49.9649872],[9.1715656,49.9649124],[9.1715336,49.964891],[9.1713345,49.9647576]]}},{"type":"Feature","properties":{"source":"osm_exact_topology_chain","lines":["15","40","41","47","63"],"line_count":5,"segment_count":1,"osm_way_ids":["144070781"]},"geometry":{"type":"LineString","coordinates":[[9.1716817,49.9649872],[9.1718048,49.9649161],[9.1720693,49.964774]]}},{"type":"Feature","properties":{"source":"osm_exact_topology_chain","lines":["10","15","40","41","47","63"],"line_count":6,"segment_count":4,"osm_way_ids":["144070779","144070772","23035781","305846542"]},"geometry":{"type":"LineString","coordinates":[[9.1720693,49.964774],[9.1727478,49.9644055],[9.1747309,49.9633364],[9.1748543,49.9632752],[9.1749185,49.9632318],[9.1748948,49.9631877],[9.1748963,49.963141],[9.1749227,49.9630975],[9.1749707,49.9630625],[9.1750319,49.9630409],[9.1751008,49.9630336],[9.1751643,49.9630402],[9.1752216,49.9630591],[9.1753127,49.9630218],[9.1762031,49.9625393],[9.1764926,49.9623825],[9.1766521,49.962296],[9.1767661,49.9622341],[9.1767483,49.962199],[9.1767459,49.9621622],[9.1767592,49.9621264],[9.176787,49.9620942]]}},{"type":"Feature","properties":{"source":"osm_exact_topology_chain","lines":["10","15"],"line_count":2,"segment_count":4,"osm_way_ids":["30273337","146875551","840598809","22993847"]},"geometry":{"type":"LineString","coordinates":[[9.176787,49.9620942],[9.1767011,49.9620225],[9.1766227,49.9619636],[9.1763813,49.9617825],[9.1763341,49.9616841],[9.1768496,49.9614051],[9.1768751,49.9613568],[9.176834,49.9613003],[9.1761122,49.9605576],[9.1758512,49.9603661],[9.1757936,49.9603238],[9.1755913,49.9601754],[9.1752275,49.959918],[9.1747591,49.9597132],[9.1741293,49.9596587],[9.1734311,49.9597723],[9.1726779,49.9599902],[9.1721332,49.9602186],[9.1719315,49.9603331],[9.1716312,49.9605227],[9.1712909,49.9608443],[9.1712518,49.9608902],[9.170657,49.9615339],[9.1705718,49.9616272],[9.1702762,49.961959],[9.1694812,49.9628367]]}},{"type":"Feature","properties":{"source":"osm_exact_topology_chain","lines":["5","40","41","47","63"],"line_count":5,"segment_count":8,"osm_way_ids":["159171321","313957535","159171336","310620008","32070480","159172034","159172035","144070778"]},"geometry":{"type":"LineString","coordinates":[[9.1615306,49.9704754],[9.1616774,49.9704001],[9.1620016,49.9702337],[9.1623863,49.9700299],[9.162482,49.9699792],[9.1632511,49.9695678],[9.1643778,49.9689733],[9.1644738,49.9689227],[9.1645654,49.9688743],[9.1646141,49.9688482],[9.164863,49.9687146],[9.1649832,49.9686501],[9.1651411,49.968567],[9.1661623,49.9680072],[9.1667319,49.9677017],[9.167625,49.9672279],[9.1678215,49.9671213],[9.1679874,49.9670314],[9.1690534,49.9664533],[9.169544,49.9661926],[9.1697705,49.9660722],[9.1698195,49.9660462],[9.1700643,49.9659122],[9.1700762,49.9659058],[9.1709896,49.9654164]]}},{"type":"Feature","properties":{"source":"osm_exact_topology_chain","lines":["5","40","41","47","63"],"line_count":5,"segment_count":1,"osm_way_ids":["144070787"]},"geometry":{"type":"LineString","coordinates":[[9.1709896,49.9654164],[9.1713289,49.9652051]]}},{"type":"Feature","properties":{"source":"osm_exact_topology_chain","lines":["5","40","41","47","63"],"line_count":5,"segment_count":1,"osm_way_ids":["226051149"]},"geometry":{"type":"LineString","coordinates":[[9.1709896,49.9654164],[9.1713943,49.9652286],[9.1715851,49.9651397],[9.1717672,49.9650447]]}},{"type":"Feature","properties":{"source":"osm_exact_topology_chain","lines":["40","41","47","63"],"line_count":4,"segment_count":1,"osm_way_ids":["314143365"]},"geometry":{"type":"LineString","coordinates":[[9.1713289,49.9652051],[9.171485,49.9651075],[9.1715189,49.9650863],[9.1716817,49.9649872]]}},{"type":"Feature","properties":{"source":"osm_exact_topology_chain","lines":["40","41","47","63"],"line_count":4,"segment_count":2,"osm_way_ids":["305846545","23035787"]},"geometry":{"type":"LineString","coordinates":[[9.176787,49.9620942],[9.1768275,49.962068],[9.1768775,49.9620499],[9.1769282,49.9620416],[9.1769805,49.9620417],[9.1770313,49.9620501],[9.1770773,49.9620664],[9.177206,49.9619963],[9.1774286,49.9618766],[9.1777711,49.9616923],[9.1779127,49.9616501]]}},{"type":"Feature","properties":{"source":"osm_exact_topology_chain","lines":["40","41","47","63"],"line_count":4,"segment_count":3,"osm_way_ids":["144070785","385733556","385733561"]},"geometry":{"type":"LineString","coordinates":[[9.1779127,49.9616501],[9.1779347,49.9616383],[9.1780318,49.9615837],[9.1782545,49.9614659],[9.1786107,49.9612742],[9.1790232,49.961052],[9.1795343,49.9607768],[9.1799087,49.9606328]]}},{"type":"Feature","properties":{"source":"osm_exact_topology_chain","lines":["40","41","47","63"],"line_count":4,"segment_count":9,"osm_way_ids":["10516441","305846543","7974594","305846540","205227977","159177042","171175399","905619451","671543339"]},"geometry":{"type":"LineString","coordinates":[[9.1779127,49.9616501],[9.1778368,49.9617278],[9.177591,49.96186],[9.1774818,49.9619187],[9.1772628,49.9620365],[9.17714,49.9621135],[9.1771583,49.9621459],[9.1771625,49.962187],[9.1771471,49.962227],[9.1771135,49.9622623],[9.177065,49.9622892],[9.1770062,49.9623055],[9.1769426,49.9623095],[9.1769109,49.9623068],[9.1768803,49.962301],[9.1768324,49.9622846],[9.1767128,49.9623361],[9.1753765,49.9630792],[9.1752996,49.9631316],[9.1753047,49.9631871],[9.1752837,49.9632284],[9.1752432,49.9632633],[9.1751778,49.9632905],[9.1751014,49.9633003],[9.1750247,49.9632913],[9.1749182,49.9633325],[9.1748035,49.9633781],[9.1736633,49.9639846],[9.1733123,49.9641799],[9.1730474,49.9643275],[9.1729268,49.9644035],[9.1725847,49.9646001],[9.1725355,49.9646268],[9.1724794,49.9646596],[9.1721368,49.9648448],[9.1720754,49.964878],[9.1719118,49.9649665],[9.1718892,49.9649787],[9.1717672,49.9650447]]}},{"type":"Feature","properties":{"source":"osm_exact_topology_chain","lines":["40","41","47","63"],"line_count":4,"segment_count":2,"osm_way_ids":["144070774","186453914"]},"geometry":{"type":"LineString","coordinates":[[9.1799087,49.9606328],[9.1800261,49.9605735],[9.1800926,49.9605408],[9.18018,49.9604908],[9.1802044,49.960448],[9.180233,49.9604236],[9.1802697,49.9604041],[9.1803124,49.9603907],[9.1803589,49.9603841],[9.1804064,49.9603846]]}},{"type":"Feature","properties":{"source":"osm_exact_topology_chain","lines":["40","41","47","63"],"line_count":4,"segment_count":2,"osm_way_ids":["10516442","4758021"]},"geometry":{"type":"LineString","coordinates":[[9.1799087,49.9606328],[9.180054,49.9606212],[9.1801362,49.9606134],[9.1802694,49.9606229],[9.1803247,49.9606389],[9.1803848,49.9606436],[9.1804444,49.9606367],[9.1804714,49.9606269],[9.1805089,49.9606134],[9.180556,49.9605767],[9.1805795,49.9605316]]}},{"type":"Feature","properties":{"source":"osm_exact_topology_chain","lines":["40","41","47","63"],"line_count":4,"segment_count":1,"osm_way_ids":["1104985525"]},"geometry":{"type":"LineString","coordinates":[[9.1804912,49.9604052],[9.1805335,49.9604294],[9.1805637,49.9604602],[9.1805794,49.9604952]]}},{"type":"Feature","properties":{"source":"osm_exact_topology_chain","lines":["40","41","47"],"line_count":3,"segment_count":1,"osm_way_ids":["1104985524"]},"geometry":{"type":"LineString","coordinates":[[9.1804064,49.9603846],[9.1804525,49.9603923],[9.1804912,49.9604052]]}},{"type":"Feature","properties":{"source":"osm_exact_topology_chain","lines":["40","41","47"],"line_count":3,"segment_count":1,"osm_way_ids":["144942745"]},"geometry":{"type":"LineString","coordinates":[[9.1805794,49.9604952],[9.1807676,49.9605306]]}},{"type":"Feature","properties":{"source":"osm_exact_topology_chain","lines":["40","41","47"],"line_count":3,"segment_count":12,"osm_way_ids":["359656772","1391373811","671546687","144942732","144942731","352084290","144942729","671546686","370343823","370343822","360344877","360344880"]},"geometry":{"type":"LineString","coordinates":[[9.1807676,49.9605306],[9.1809906,49.9605406],[9.1815691,49.9605679],[9.1821291,49.9606221],[9.1827062,49.960701],[9.1832965,49.96085],[9.1837184,49.960997],[9.1840202,49.9611518],[9.1842358,49.9612855],[9.1847476,49.9616442],[9.1867256,49.9630852],[9.1873846,49.9635114],[9.1880152,49.9638041],[9.1881188,49.9638463],[9.1881828,49.9638714],[9.1884735,49.9639852],[9.1886695,49.9640505],[9.1887989,49.9640904],[9.1888956,49.9641213],[9.1889821,49.9641464],[9.1892568,49.9642162],[9.1898374,49.9643447],[9.190073,49.9643839],[9.1903086,49.9644141],[9.1913652,49.9644936],[9.1913985,49.9644961],[9.1915197,49.9645006],[9.1919964,49.9645212],[9.192168,49.9645294],[9.1922089,49.9645313],[9.192433,49.964538],[9.1926056,49.9645498],[9.1927427,49.9645561],[9.1928733,49.9645622],[9.1930167,49.9645657],[9.1931348,49.9645707],[9.1938735,49.9645963],[9.1938859,49.9645965],[9.1940781,49.9646034],[9.1942084,49.9646082],[9.1944057,49.9646163],[9.1952926,49.9646546],[9.1963111,49.9646964],[9.1967155,49.9647124],[9.196815,49.9647172],[9.1970431,49.9647265],[9.1975594,49.9647512],[9.1979081,49.9647673],[9.1979738,49.9647706],[9.1983614,49.9647887],[9.200918,49.9649084],[9.201965,49.9649558]]}},{"type":"Feature","properties":{"source":"osm_exact_topology_chain","lines":["40","41","47"],"line_count":3,"segment_count":1,"osm_way_ids":["359656779"]},"geometry":{"type":"LineString","coordinates":[[9.1807676,49.9605306],[9.1805795,49.9605316]]}},{"type":"Feature","properties":{"source":"osm_exact_topology_chain","lines":["40","41","47"],"line_count":3,"segment_count":6,"osm_way_ids":["186452848","148890398","372116082","148890397","26346804","26346805"]},"geometry":{"type":"LineString","coordinates":[[9.2204111,49.961564],[9.220866,49.9614961],[9.2222366,49.9612854],[9.2225296,49.9612227],[9.2228212,49.9611383],[9.2230155,49.9610778],[9.2236421,49.9608833],[9.2253002,49.9603551],[9.2260339,49.9601342],[9.2263781,49.9600765],[9.2272459,49.9599751],[9.2280286,49.9598837],[9.233458,49.9592305],[9.2344059,49.9591164],[9.2346149,49.9591056],[9.2349266,49.9590954],[9.2354539,49.959138],[9.2359318,49.9592064],[9.2363328,49.9592655],[9.2367981,49.9593395],[9.237132,49.9593918],[9.2373938,49.9594328],[9.2381824,49.9595562],[9.2385335,49.9596112],[9.2388921,49.9596645],[9.239492,49.9597537],[9.2397341,49.9597877],[9.2400267,49.9598379],[9.2406259,49.9599449],[9.2411276,49.9600724],[9.2411845,49.9600909],[9.2432428,49.9608497],[9.2436456,49.9609597],[9.244163,49.9610594],[9.2443639,49.9610792],[9.2446006,49.9610871],[9.2447019,49.9610905],[9.2451472,49.9610973],[9.2454518,49.9610748],[9.2457997,49.9610363],[9.2460372,49.9609709]]}},{"type":"Feature","properties":{"source":"osm_exact_topology_chain","lines":["16","40","41","43","47"],"line_count":5,"segment_count":2,"osm_way_ids":["1208750773","186451013"]},"geometry":{"type":"LineString","coordinates":[[9.201965,49.9649558],[9.2023981,49.9649654],[9.202451,49.9649665],[9.2028736,49.9649489],[9.2029808,49.9649357],[9.2030589,49.9649264],[9.2032772,49.964895],[9.2033437,49.9648801],[9.2036239,49.9648057],[9.2041183,49.9646458]]}},{"type":"Feature","properties":{"source":"osm_exact_topology_chain","lines":["16","40","41","47"],"line_count":4,"segment_count":7,"osm_way_ids":["186451016","43068994","1028603310","40287095","706127459","311411744","186452849"]},"geometry":{"type":"LineString","coordinates":[[9.2041183,49.9646458],[9.2044163,49.9645152],[9.2047524,49.9643407],[9.2049988,49.9641787],[9.2052272,49.9640088],[9.2053695,49.9638856],[9.2055167,49.9637392],[9.205676,49.9635496],[9.205812,49.9633535],[9.205932,49.9631289],[9.2060149,49.962968],[9.2060883,49.9627127],[9.2062116,49.9620045],[9.2063439,49.9612113],[9.2063842,49.9609563],[9.206389,49.9609261],[9.2063992,49.960862],[9.2064334,49.9606458],[9.2064625,49.9604619],[9.2064792,49.9603406],[9.2065016,49.9602158],[9.2065315,49.9601047],[9.2065688,49.9600095],[9.2066294,49.9599249],[9.2066924,49.9598599],[9.2067677,49.9598067],[9.2068419,49.9597688],[9.2069677,49.9597243],[9.2071719,49.9596785],[9.2074159,49.9596369],[9.2076597,49.9596179],[9.2079573,49.9596124],[9.2082155,49.9596172],[9.2085837,49.959638],[9.2089525,49.9596745],[9.2091348,49.9596953],[9.2092721,49.9597138],[9.2096512,49.9597931],[9.2097229,49.9598165],[9.2098037,49.9598442],[9.2102595,49.9600725],[9.2104965,49.9602073],[9.2108009,49.960407],[9.2109755,49.9605216],[9.2110097,49.9605441],[9.2110404,49.9605601],[9.2113056,49.9606954],[9.2115872,49.9608093],[9.2117426,49.9608539],[9.2118911,49.9608847],[9.212044,49.9609026],[9.2121412,49.9609139],[9.2122584,49.9609249],[9.2123869,49.9609248],[9.2126169,49.9609047],[9.2129376,49.9608588],[9.2136268,49.9606931],[9.2142867,49.9606086],[9.2145678,49.9605892],[9.2148819,49.9605893],[9.2152478,49.9606108],[9.2155618,49.9606606],[9.2158941,49.9607403],[9.2163162,49.9608804],[9.2167275,49.9610285],[9.217053,49.9611364],[9.2172779,49.9612125],[9.2176351,49.9613543],[9.2182914,49.9615441],[9.2186929,49.9616284],[9.2188753,49.9616449],[9.2190678,49.9616548],[9.2192911,49.96165],[9.2197336,49.9616195],[9.2202544,49.9615811],[9.2204111,49.961564]]}},{"type":"Feature","properties":{"source":"osm_exact_topology_chain","lines":["40","41"],"line_count":2,"segment_count":11,"osm_way_ids":["59043990","1037107915","59043987","404287065","117880694","1385577460","186462380","1494184156","1494184155","228121870","228121871"]},"geometry":{"type":"LineString","coordinates":[[9.2460372,49.9609709],[9.2462661,49.9608784],[9.2463827,49.9608183],[9.2465494,49.9607186],[9.2468147,49.9605755],[9.2472824,49.9603713],[9.2473542,49.9603332],[9.2474505,49.9602821],[9.2475084,49.9602514],[9.2480326,49.9599263],[9.248165,49.9598365],[9.248276,49.9597125],[9.2484304,49.9594305],[9.2485678,49.9591816],[9.2486639,49.958959],[9.2486902,49.9588195],[9.2486405,49.9586611],[9.2485778,49.9585294],[9.2484773,49.9583193],[9.2484272,49.9581848],[9.2484085,49.957966],[9.2484277,49.957786],[9.2486857,49.9565501],[9.2487996,49.9560282],[9.2489503,49.9555062],[9.2491602,49.9551441],[9.2494918,49.9548301],[9.2499545,49.9545548],[9.2514378,49.9538472],[9.2522551,49.9534391],[9.2523806,49.9533782],[9.2524601,49.9533412],[9.252667,49.9532333],[9.2529458,49.9530664],[9.253252,49.9527996],[9.2533993,49.9526061],[9.2534799,49.9524085],[9.2535207,49.952228],[9.2535343,49.9519555],[9.2535258,49.9513088],[9.2535428,49.9508186],[9.2536006,49.9504312],[9.25432,49.9481911]]}},{"type":"Feature","properties":{"source":"osm_exact_topology_chain","lines":["41","47"],"line_count":2,"segment_count":6,"osm_way_ids":["59043989","43068985","285259636","43068984","386799274","33305804"]},"geometry":{"type":"LineString","coordinates":[[9.2460372,49.9609709],[9.2460818,49.9610328],[9.246099,49.9611085],[9.2459456,49.9615115],[9.245921,49.9616176],[9.2459278,49.9616507],[9.2459602,49.9616956],[9.2461103,49.9618471],[9.2463014,49.9620942],[9.2466187,49.9626635],[9.2467206,49.9628874],[9.2469358,49.9634396],[9.2470524,49.9635954],[9.2471478,49.9636988],[9.2477973,49.9641643],[9.2478575,49.9642297],[9.2478705,49.9642787],[9.2478264,49.9648907],[9.2478331,49.9649913],[9.2478432,49.9650295],[9.2479484,49.965306],[9.2481382,49.9657889],[9.2481595,49.9658431],[9.2482723,49.9660628],[9.248858,49.9668692],[9.2491727,49.9673026],[9.2492269,49.9673751],[9.2492811,49.9674475]]}},{"type":"Feature","properties":{"source":"osm_exact_topology_chain","lines":["41","47"],"line_count":2,"segment_count":1,"osm_way_ids":["778334950"]},"geometry":{"type":"LineString","coordinates":[[9.2492811,49.9674475],[9.2493613,49.9674355],[9.2494431,49.9674416],[9.2495168,49.9674651],[9.2495738,49.9675034]]}},{"type":"Feature","properties":{"source":"osm_exact_topology_chain","lines":["41","47"],"line_count":2,"segment_count":1,"osm_way_ids":["33358861"]},"geometry":{"type":"LineString","coordinates":[[9.2492811,49.9674475],[9.249214,49.9674752],[9.2491647,49.9675155],[9.2491387,49.9675639],[9.2491388,49.9676152],[9.2491776,49.9676766],[9.2492529,49.9677218],[9.2493508,49.9677426],[9.2494532,49.9677349]]}},{"type":"Feature","properties":{"source":"osm_exact_topology_chain","lines":["41","47"],"line_count":2,"segment_count":1,"osm_way_ids":["1137797455"]},"geometry":{"type":"LineString","coordinates":[[9.2496124,49.9675693],[9.2496018,49.9676386],[9.2495449,49.9676978],[9.2494532,49.9677349]]}},{"type":"Feature","properties":{"source":"osm_exact_topology_chain","lines":["41","47"],"line_count":2,"segment_count":25,"osm_way_ids":["1039766941","1424639898","1039766945","683217849","683217850","1039766939","1039766944","26346771","1013306820","26346770","379714350","379714344","237683356","237683355","22803816","25933738","151231004","22803719","151231005","149012358","230683478","331080863","52248604","52248607","306396750"]},"geometry":{"type":"LineString","coordinates":[[9.2494532,49.9677349],[9.2494888,49.9678229],[9.2497146,49.9682433],[9.2498012,49.9683681],[9.2499947,49.9686191],[9.2500972,49.968765],[9.250274,49.9691089],[9.2504591,49.9693123],[9.2505452,49.9694069],[9.2513245,49.9699673],[9.2514448,49.9700398],[9.2516838,49.970184],[9.251824,49.9702798],[9.2519554,49.97038],[9.2522998,49.9706936],[9.2525557,49.9709617],[9.2528331,49.9713098],[9.2530512,49.9717288],[9.2531243,49.9719209],[9.2531516,49.9720726],[9.2531289,49.9723576],[9.2531313,49.9725706],[9.2531489,49.9726992],[9.2532118,49.9729573],[9.25331,49.9732399],[9.2533716,49.9734278],[9.2534323,49.9735701],[9.2535087,49.9736812],[9.2536628,49.9738368],[9.2537452,49.9739203],[9.2537754,49.973948],[9.2538245,49.9740002],[9.2539315,49.9740997],[9.2544975,49.9745448],[9.2545667,49.974609],[9.2546838,49.9747844],[9.2547711,49.97496],[9.2547903,49.9749953],[9.2550068,49.9753937],[9.2550339,49.9754645],[9.255044,49.9755648],[9.2550512,49.9756557],[9.255046,49.9759302],[9.2550332,49.9763595],[9.2550422,49.9764715],[9.2550882,49.9765609],[9.2552992,49.9768424],[9.2553285,49.9768787],[9.2554207,49.9769542],[9.2557108,49.9771918],[9.2561485,49.9775152],[9.2562236,49.9775811],[9.2566806,49.9779978],[9.2567161,49.9780302],[9.256866,49.9781946],[9.257225,49.9787756],[9.2572379,49.9788439],[9.2572279,49.9789306],[9.2571057,49.9790612],[9.256888,49.9792023],[9.2564328,49.9794974],[9.2563833,49.9795312],[9.2562754,49.9795946],[9.256041,49.9797263],[9.2557769,49.9798777],[9.2557199,49.9799134],[9.2556493,49.979967],[9.2556094,49.9799973],[9.2555516,49.9800407],[9.2554741,49.9800988],[9.2551535,49.9804161],[9.2549671,49.9806503],[9.2548123,49.9808889],[9.2547793,49.9809602],[9.2547619,49.9810329],[9.254728,49.9812888],[9.2547158,49.9813806],[9.254708,49.9819765],[9.2548454,49.9828565],[9.2548595,49.9830926],[9.2548916,49.9834026],[9.2549009,49.9835415],[9.2549206,49.9837129],[9.2549577,49.9840888],[9.2549622,49.9843914],[9.2549593,49.9845566],[9.2549484,49.9847061],[9.254923,49.9848379],[9.2548962,49.984951],[9.2548527,49.9850963],[9.2547646,49.9853332],[9.2546753,49.9855188],[9.2545602,49.9857093],[9.2544753,49.985829],[9.2544565,49.985852],[9.2544052,49.9859171],[9.254236,49.9861127],[9.2540089,49.9863393],[9.2536794,49.9866584],[9.2533452,49.9870058],[9.253242,49.9871769],[9.2530391,49.9874829]]}},{"type":"Feature","properties":{"source":"osm_exact_topology_chain","lines":["41","42","47"],"line_count":3,"segment_count":6,"osm_way_ids":["37652461","149000845","6187878","505361061","505361060","1520673194"]},"geometry":{"type":"LineString","coordinates":[[9.2530391,49.9874829],[9.2530263,49.9875054],[9.2529709,49.987639],[9.2529041,49.9878364],[9.2528245,49.9882481],[9.252743,49.9886046],[9.2526566,49.988843],[9.2524736,49.9891941],[9.2523227,49.9894106],[9.2521607,49.9896146],[9.2518736,49.9898957],[9.2516084,49.9901021],[9.2513092,49.9902861],[9.250981,49.9904448],[9.250648,49.9905723],[9.2504864,49.9906175],[9.2503112,49.9906648],[9.2499757,49.9907441],[9.2498881,49.9907636],[9.2493035,49.9908941],[9.2491133,49.9909367],[9.2489406,49.9909894],[9.2487452,49.9910769],[9.2485184,49.9912261],[9.2483421,49.9914033],[9.2481903,49.9916154],[9.248063,49.9918913],[9.2478887,49.9924241],[9.2478085,49.992616],[9.2474328,49.9933346],[9.2470091,49.9941842],[9.2468555,49.9944023],[9.2466095,49.994652],[9.2464272,49.994824],[9.2462818,49.9949177],[9.2460851,49.995013],[9.244566,49.9955839],[9.2438068,49.995867],[9.2437687,49.9958817]]}},{"type":"Feature","properties":{"source":"osm_exact_topology_chain","lines":["41","42","47"],"line_count":3,"segment_count":1,"osm_way_ids":["1520673193"]},"geometry":{"type":"LineString","coordinates":[[9.2437687,49.9958817],[9.2436976,49.9959352],[9.2435777,49.9959946],[9.2432737,49.9961388],[9.243193,49.9961737]]}},{"type":"Feature","properties":{"source":"osm_exact_topology_chain","lines":["41","42","47"],"line_count":3,"segment_count":1,"osm_way_ids":["1520673192"]},"geometry":{"type":"LineString","coordinates":[[9.2437687,49.9958817],[9.2436631,49.9958901],[9.2435276,49.9959488],[9.2435035,49.9959582],[9.2433264,49.9960624],[9.2432396,49.9961218],[9.243193,49.9961737]]}},{"type":"Feature","properties":{"source":"osm_exact_topology_chain","lines":["41","42","47"],"line_count":3,"segment_count":1,"osm_way_ids":["30185005"]},"geometry":{"type":"LineString","coordinates":[[9.243193,49.9961737],[9.2431086,49.9962157],[9.2427133,49.9964729],[9.2418379,49.9971292],[9.2415547,49.9972902],[9.2412178,49.9974118],[9.2407265,49.9975415],[9.2401756,49.9976494],[9.2388215,49.9978595],[9.2383683,49.9979488],[9.2382465,49.9979783]]}},{"type":"Feature","properties":{"source":"osm_exact_topology_chain","lines":["41","42","47"],"line_count":3,"segment_count":1,"osm_way_ids":["1520734376"]},"geometry":{"type":"LineString","coordinates":[[9.2382465,49.9979783],[9.2381372,49.9980161],[9.2379312,49.9980894],[9.2378283,49.9981379],[9.2377483,49.9981772],[9.2376775,49.9982233]]}},{"type":"Feature","properties":{"source":"osm_exact_topology_chain","lines":["41","42","47"],"line_count":3,"segment_count":1,"osm_way_ids":["1520734375"]},"geometry":{"type":"LineString","coordinates":[[9.2382465,49.9979783],[9.2380302,49.9980159],[9.2375021,49.9981371]]}},{"type":"Feature","properties":{"source":"osm_exact_topology_chain","lines":["41","42"],"line_count":2,"segment_count":2,"osm_way_ids":["1520673190","1520673189"]},"geometry":{"type":"LineString","coordinates":[[9.2435392,49.9955996],[9.2436105,49.9957184],[9.2436501,49.9957677],[9.2437004,49.995829],[9.2438068,49.995867],[9.2438079,49.9957981],[9.243741,49.9957401],[9.2436549,49.9956701],[9.2435392,49.9955996]]}},{"type":"Feature","properties":{"source":"osm_exact_topology_chain","lines":["41","42"],"line_count":2,"segment_count":1,"osm_way_ids":["148093446"]},"geometry":{"type":"LineString","coordinates":[[9.2435392,49.9955996],[9.243534,49.9955952],[9.2434462,49.995519],[9.2434319,49.9955066],[9.2432587,49.9953653],[9.2431915,49.9953161]]}},{"type":"Feature","properties":{"source":"osm_exact_topology_chain","lines":["41","42"],"line_count":2,"segment_count":1,"osm_way_ids":["148093445"]},"geometry":{"type":"LineString","coordinates":[[9.2430192,49.9952916],[9.2430102,49.9952748],[9.2430079,49.9952571],[9.2430123,49.9952396],[9.2430232,49.9952233],[9.24304,49.9952092],[9.2430678,49.9951958],[9.2431005,49.9951886],[9.2431351,49.9951881],[9.2431684,49.9951943],[9.2431971,49.9952068],[9.2432203,49.9952264],[9.243232,49.9952499],[9.2432308,49.9952745],[9.2432167,49.9952975],[9.2431915,49.9953161],[9.2431614,49.9953273],[9.2431273,49.9953322],[9.2430926,49.99533],[9.2430605,49.9953212],[9.2430342,49.9953065],[9.2430192,49.9952916]]}},{"type":"Feature","properties":{"source":"osm_exact_topology_chain","lines":["1","2","3","4","5","6","7","8","9","10","11","12","14","15","16","20","21","23","24","25","31","33","40","41","42","43","44","45","47","50","53","54","55","60","61","62","63","BG2","BG3","OF-85"],"line_count":40,"segment_count":1,"osm_way_ids":["319136229"]},"geometry":{"type":"LineString","coordinates":[[9.1413864,49.9799494],[9.1419725,49.979924],[9.1421164,49.9799185]]}},{"type":"Feature","properties":{"source":"osm_exact_topology_chain","lines":["1","4","10","24","42","43","61","62"],"line_count":8,"segment_count":1,"osm_way_ids":["319136228"]},"geometry":{"type":"LineString","coordinates":[[9.1407334,49.9799748],[9.1413864,49.9799494]]}},{"type":"Feature","properties":{"source":"osm_exact_topology_chain","lines":["1","4","6","10","24","42","43","53","54","55","60","61","62","BG2","BG3"],"line_count":15,"segment_count":1,"osm_way_ids":["319136227"]},"geometry":{"type":"LineString","coordinates":[[9.1402965,49.979988],[9.1407334,49.9799748]]}},{"type":"Feature","properties":{"source":"osm_exact_topology_chain","lines":["1","4","6","10","14","24","31","42","43","50","53","54","55","60","61","62","BG2","BG3","OF-85"],"line_count":19,"segment_count":1,"osm_way_ids":["38874625"]},"geometry":{"type":"LineString","coordinates":[[9.1398917,49.9799483],[9.1399705,49.9799804],[9.1400613,49.9799967],[9.1402965,49.979988]]}},{"type":"Feature","properties":{"source":"osm_exact_topology_chain","lines":["42","43"],"line_count":2,"segment_count":1,"osm_way_ids":["30782176"]},"geometry":{"type":"LineString","coordinates":[[9.1489358,49.9769543],[9.1491979,49.9771827],[9.1492361,49.9772158]]}},{"type":"Feature","properties":{"source":"osm_exact_topology_chain","lines":["33","42"],"line_count":2,"segment_count":19,"osm_way_ids":["10967548","5106436","5106437","51339022","51339021","51339020","9703871","51339025","51339024","51339023","51339026","5610093","9703911","328606328","51339028","5153645","30721244","328606329","97721207"]},"geometry":{"type":"LineString","coordinates":[[9.168901,49.9893795],[9.1694239,49.9895045],[9.1696477,49.9895208],[9.1703221,49.9894706],[9.1705261,49.9894615],[9.1709082,49.9894866],[9.1713549,49.9895619],[9.1718659,49.9896784],[9.1723964,49.9898621],[9.1727796,49.9900374],[9.172885,49.9900923],[9.1733066,49.9903528],[9.1737947,49.9907303],[9.1743467,49.9911461],[9.1745197,49.9912372],[9.1747005,49.991306],[9.1750719,49.9914398],[9.1754104,49.9915262],[9.1763551,49.9917489],[9.178567,49.9921723],[9.1801698,49.9925163],[9.1811454,49.9927258],[9.1829485,49.9932043],[9.1845135,49.9936514],[9.1866288,49.9943188],[9.188909,49.995121],[9.1915329,49.9960571],[9.1963622,49.9977325],[9.1964368,49.9977567],[9.1989184,49.9984999],[9.2014141,49.9992725],[9.2038091,49.9999785],[9.2064549,50.0006793],[9.2093422,50.0014154],[9.2107104,50.0017336],[9.2121146,50.0020234],[9.2132237,50.002224],[9.2145547,50.0024507],[9.2157789,50.0026103],[9.216905,50.0027359],[9.2173967,50.0027761],[9.2185068,50.0028508],[9.2190452,50.002863],[9.2195118,50.002841],[9.2198687,50.0028109],[9.220169,50.0027621],[9.2203437,50.0027139],[9.2205876,50.0026375],[9.2207697,50.0025501],[9.2210153,50.0023767],[9.2212633,50.0021957],[9.2214366,50.0020707],[9.221661,50.0019465],[9.2218931,50.0018355],[9.2219769,50.0018007],[9.2221587,50.0017367],[9.2222401,50.0017111],[9.2223382,50.001703],[9.2223831,50.0016858],[9.2224309,50.0016706],[9.2225356,50.0016458],[9.2228363,50.0015714],[9.2231497,50.0015167],[9.223541,50.0014536],[9.2241995,50.0013299]]}},{"type":"Feature","properties":{"source":"osm_exact_topology_chain","lines":["33","42"],"line_count":2,"segment_count":22,"osm_way_ids":["230678621","149058068","126687454","126687448","23858770","23858769","35568169","51881072","10579871","9703913","9703890","51884850","51884851","51884852","51884853","5627591","1456362794","227477847","51885779","12533416","15575863","30722913"]},"geometry":{"type":"LineString","coordinates":[[9.2222635,50.0052515],[9.2221471,50.0051906],[9.2219385,50.0050608],[9.2218491,50.0049936],[9.2217546,50.004902],[9.221679,50.0048172],[9.2214347,50.0045518],[9.2213656,50.004459],[9.2212155,50.0042447],[9.2210791,50.0040539],[9.2209965,50.0039579],[9.2208217,50.0037732],[9.2207238,50.0036698],[9.2206263,50.003572],[9.2205122,50.0034824],[9.2203677,50.0033772],[9.2202102,50.0033126],[9.2200582,50.0032568],[9.2198711,50.0032019],[9.2196385,50.0031453],[9.2191271,50.0030431],[9.218715,50.0029907],[9.2182303,50.0029618],[9.2175514,50.0029163],[9.2168507,50.0028571],[9.2161641,50.0027839],[9.2154229,50.0027037],[9.2143437,50.0025557],[9.2131965,50.0023699],[9.2120692,50.0021558],[9.2106642,50.0018628],[9.2092721,50.00155],[9.2063553,50.0008228],[9.2037161,50.0001123],[9.201309,49.9993913],[9.1988097,49.9986636],[9.1968072,49.9980449],[9.1941399,49.9971348],[9.1913969,49.9961989],[9.188796,49.9952693],[9.186482,49.994498],[9.1843789,49.9938074],[9.1833504,49.9934686],[9.181213,49.9928924],[9.1783305,49.9922634],[9.1779411,49.9921823],[9.1772371,49.9920453],[9.1754755,49.9917526],[9.1742862,49.9915907],[9.1730928,49.991441],[9.1725139,49.9913787],[9.1704862,49.9912215],[9.1698465,49.9911863],[9.1695311,49.9912265],[9.1692066,49.9912982],[9.1690004,49.9913784],[9.1688369,49.9914823],[9.1687227,49.9916037],[9.1686511,49.991738],[9.1686426,49.9919432],[9.1687184,49.9921636],[9.1689765,49.9923669],[9.1693308,49.9925441],[9.1696516,49.9926615],[9.1700425,49.9927663],[9.1703,49.9928102],[9.170541,49.9928404],[9.1707702,49.9928488],[9.1709639,49.9928434],[9.1711321,49.9928165],[9.1712891,49.9927663],[9.1714257,49.9926973],[9.1715557,49.992622],[9.1716048,49.9924318],[9.1716143,49.992275],[9.171531,49.991954]]}},{"type":"Feature","properties":{"source":"osm_exact_topology_chain","lines":["42","47"],"line_count":2,"segment_count":1,"osm_way_ids":["10427059"]},"geometry":{"type":"LineString","coordinates":[[9.2530391,49.9874829],[9.2531115,49.9874639],[9.2532034,49.9874547],[9.2533973,49.9874664],[9.2537001,49.9875567]]}},{"type":"Feature","properties":{"source":"osm_exact_topology_chain","lines":["42","47"],"line_count":2,"segment_count":39,"osm_way_ids":["149000843","52248609","52248603","8034985","10427055","391912968","391912969","34781066","22876766","34781068","34781069","40871390","40871391","52248612","8034950","1374935719","1374935720","34781070","22876767","372484175","1116605604","372484167","34781071","433779225","52248613","36253407","36253408","31154019","1374937045","34781072","33870194","263623944","263623945","1374937044","33870175","31288580","47422586","116539519","627635961"]},"geometry":{"type":"LineString","coordinates":[[9.2537001,49.9875567],[9.253756,49.9875652],[9.2541156,49.987622],[9.254683,49.987709],[9.2552788,49.987778],[9.2555913,49.9877898],[9.2559226,49.9877871],[9.2562517,49.9877621],[9.2565749,49.9877151],[9.2568882,49.9876461],[9.2571213,49.9875672],[9.2574589,49.9874171],[9.25772,49.9872371],[9.2581678,49.9868716],[9.2588182,49.9863934],[9.2595165,49.9859996],[9.2604746,49.9856124],[9.2608252,49.9855046],[9.2609619,49.9854737],[9.2617799,49.9853495],[9.2623456,49.9852845],[9.2635382,49.9851609],[9.2640415,49.9851391],[9.2650621,49.9851407],[9.2655045,49.9850904],[9.2658806,49.9849994],[9.266141,49.9848882],[9.2665002,49.9846542],[9.2667075,49.9844738],[9.267104,49.9841295],[9.2675096,49.9838905],[9.2679371,49.9837043],[9.2685971,49.9834883],[9.2699469,49.9830929],[9.2701077,49.9830398],[9.2704093,49.9829399],[9.270905,49.9827718],[9.2713338,49.9825856],[9.2725631,49.9817721],[9.2732347,49.9813394],[9.2734228,49.9812375],[9.2736467,49.9811344],[9.2738006,49.9810708],[9.2746073,49.980766],[9.2751169,49.9805913],[9.2752128,49.9805594],[9.2754583,49.980486],[9.275591,49.9804482],[9.2758881,49.9803693],[9.2761955,49.9803065],[9.2771873,49.9801325],[9.2778397,49.9800142],[9.2780181,49.9799892],[9.2782367,49.9799616],[9.2787517,49.979921],[9.2789547,49.979905],[9.2791605,49.9798791],[9.279296,49.9798498],[9.2794811,49.9797963],[9.2802988,49.9795031],[9.2810323,49.9792675],[9.2811883,49.979216],[9.2813103,49.9791686],[9.2814097,49.9791245],[9.2820375,49.9788186],[9.2822042,49.9787516],[9.2823274,49.9787012],[9.2824589,49.9786642],[9.2824942,49.9786591],[9.2826933,49.9786172],[9.2828715,49.9785947],[9.283034,49.9785793],[9.2831682,49.9785682],[9.2836132,49.9785127],[9.2837803,49.9784744],[9.2844208,49.9783184],[9.2852181,49.9780387],[9.2859097,49.9778855],[9.2862823,49.9777461],[9.2868679,49.9774851],[9.2874308,49.9773202],[9.2879786,49.9771609],[9.2884913,49.9770569],[9.288869,49.9769271],[9.2892847,49.9767031],[9.289728,49.9765425],[9.290495,49.9763917],[9.2909028,49.9763534],[9.2913465,49.9763174],[9.2915898,49.9762933],[9.2917594,49.9762752],[9.2921227,49.9762327],[9.292605,49.976169],[9.2930288,49.9760633],[9.2937854,49.9758496],[9.2952184,49.9754369],[9.2954097,49.975426],[9.2955204,49.975404],[9.2957398,49.9753574],[9.2957955,49.9753455],[9.2962294,49.9752458],[9.2969057,49.9750411],[9.2969217,49.9750341],[9.297506,49.9747792],[9.2975939,49.9747397],[9.2977107,49.9746787],[9.2979148,49.9745731],[9.2987105,49.9742775],[9.298869,49.974217],[9.2995565,49.9739684],[9.299942,49.9738701],[9.3000238,49.9738237],[9.3001764,49.9734888],[9.3003699,49.9728143],[9.3003907,49.9727705],[9.3004162,49.972726],[9.3004466,49.9726829],[9.3004914,49.9726492],[9.3005444,49.9726124],[9.3006078,49.9725868],[9.3006867,49.9725717],[9.3007659,49.9725672],[9.3008451,49.97257],[9.3009355,49.9725753],[9.3010169,49.9725873],[9.301111,49.9726053],[9.3012003,49.9726197],[9.3014929,49.9726798],[9.3019893,49.9727799],[9.3022173,49.9728217],[9.3023536,49.9728381],[9.3031768,49.9729187],[9.3036452,49.9729044],[9.303972,49.9728945],[9.3040517,49.9728921],[9.3044736,49.9728738],[9.3047056,49.972869],[9.3053873,49.9728547],[9.3070175,49.9730591],[9.3077582,49.97325],[9.3084468,49.97352],[9.3091442,49.9736462],[9.3093174,49.9736875],[9.3094185,49.9737348],[9.3095048,49.9737818],[9.309659,49.9738807],[9.3101556,49.9742018],[9.3102004,49.9742256],[9.3102546,49.9742544],[9.3111347,49.9746514],[9.3116681,49.9747881],[9.3118455,49.9748097],[9.3126185,49.9748273],[9.3132945,49.9748767],[9.3161381,49.9750016],[9.3164926,49.9750021],[9.316712,49.9750023],[9.3173662,49.9750032],[9.3177688,49.9749933],[9.3188363,49.9748783],[9.3194098,49.9747284],[9.3198448,49.9745739],[9.3205197,49.9742611],[9.3210408,49.9739924],[9.3219136,49.973557],[9.3225893,49.9732784],[9.3238469,49.9729875],[9.3253564,49.9727966],[9.3257572,49.9727637],[9.3261951,49.9727754],[9.3269472,49.9728047],[9.3283254,49.9729046],[9.329879,49.9729028],[9.3315546,49.973051],[9.3335494,49.9735981],[9.3340713,49.9737023],[9.3349515,49.9737805],[9.3350735,49.9738176],[9.3367867,49.974339],[9.3376095,49.9744462],[9.3380175,49.9744936],[9.3382967,49.9745246],[9.338485,49.9745948],[9.3385821,49.9746556],[9.3390985,49.9751928],[9.3396792,49.9761105],[9.3406368,49.9772455],[9.3418478,49.978397],[9.3422701,49.9785685],[9.3427142,49.9786358],[9.3435883,49.9786192],[9.3438464,49.9785814],[9.344003,49.9784763],[9.3439971,49.9783891],[9.3439265,49.9783272],[9.3437515,49.9783058],[9.3432061,49.9782945],[9.3428122,49.9781955],[9.342452,49.9779639],[9.3422321,49.9776303],[9.3418998,49.9768432],[9.3418065,49.9764486],[9.341855,49.976342],[9.3420342,49.9762331],[9.3422446,49.9761732],[9.3424663,49.9761381],[9.3446748,49.9759805],[9.3459728,49.9758274],[9.3468862,49.9756499],[9.3481077,49.9753877],[9.3506935,49.9746093],[9.3517952,49.9742663],[9.3518792,49.9742259],[9.3519548,49.9741896],[9.3520642,49.9741393],[9.3521511,49.9740376],[9.352191,49.9739298],[9.352125,49.9735736],[9.3521448,49.9731778],[9.3523427,49.9720762],[9.3523229,49.9717793],[9.3524101,49.9716375],[9.3525472,49.9715221],[9.3526816,49.9714661],[9.3528563,49.9714321],[9.3530235,49.9714564],[9.3531625,49.9715213],[9.3533452,49.9716857],[9.3539409,49.9723329],[9.3545452,49.9727522],[9.3548791,49.9729092],[9.3551875,49.9729832],[9.3557237,49.9730555],[9.3565843,49.973158],[9.357024,49.9732469],[9.358889,49.9738014],[9.3590138,49.9738257],[9.3591474,49.9738368],[9.3591654,49.9738376],[9.3594308,49.9738496],[9.3600141,49.9738357],[9.3604398,49.9738023]]}},{"type":"Feature","properties":{"source":"osm_exact_topology_chain","lines":["42","47"],"line_count":2,"segment_count":1,"osm_way_ids":["149000844"]},"geometry":{"type":"LineString","coordinates":[[9.2537001,49.9875567],[9.2535231,49.9875486],[9.2533339,49.9875433],[9.253216,49.9875316],[9.2530263,49.9875054]]}},{"type":"Feature","properties":{"source":"osm_exact_topology_chain","lines":["42","47"],"line_count":2,"segment_count":7,"osm_way_ids":["77475555","627635959","1126184794","380280195","226420294","42715392","324571164"]},"geometry":{"type":"LineString","coordinates":[[9.3604398,49.9738023],[9.3605903,49.9737851],[9.3612403,49.9736913],[9.3624185,49.9735293],[9.3629511,49.9734723],[9.3637136,49.9733696],[9.3641931,49.9732798],[9.3646914,49.9731641],[9.3650108,49.9730558],[9.3655395,49.9728543],[9.3662412,49.9725889],[9.3681772,49.9719039],[9.3686228,49.9717248],[9.368987,49.9716331],[9.3694255,49.971572],[9.3701546,49.9714856],[9.3714165,49.9713201],[9.3728412,49.9712197],[9.3735838,49.9710669],[9.3740993,49.9708518],[9.3745314,49.9706016],[9.3748907,49.9703515],[9.3753004,49.9699909],[9.3758414,49.9694573],[9.3763729,49.9686849],[9.3766857,49.9683565],[9.3767634,49.9683033],[9.3769906,49.9681911],[9.3772457,49.9681181],[9.3784129,49.9678492],[9.378803,49.9676918],[9.3791495,49.9675122],[9.3797222,49.9672176],[9.3802615,49.9668457],[9.3810374,49.9662346],[9.3813191,49.9660432],[9.3821296,49.9656655],[9.3832637,49.965244],[9.3838364,49.9650372],[9.3843202,49.9648222],[9.3852724,49.9643737],[9.3858582,49.9641318],[9.3860719,49.9640393],[9.3862342,49.9639781],[9.3865295,49.9639454],[9.3868612,49.9638797],[9.3871604,49.9638338],[9.3874619,49.9637981],[9.3879363,49.9637586],[9.3885852,49.9637079],[9.3887324,49.9636964],[9.3889182,49.9636833],[9.3890599,49.9636747],[9.3893367,49.9636645]]}},{"type":"Feature","properties":{"source":"osm_exact_topology_chain","lines":["42","47"],"line_count":2,"segment_count":13,"osm_way_ids":["757254496","843649234","407533378","407533375","843649235","829999154","386809330","386809334","372482029","234429845","234429844","380277586","321207295"]},"geometry":{"type":"LineString","coordinates":[[9.3604398,49.9738023],[9.3603562,49.973384],[9.3603435,49.9731262],[9.3603627,49.9728853],[9.3606234,49.9711339],[9.3607521,49.9700904],[9.3608671,49.9692625],[9.3609041,49.9688962],[9.3609019,49.9686063],[9.360859,49.9684148],[9.3607404,49.9681311],[9.3605747,49.9679614],[9.3589132,49.9669183],[9.3587158,49.9667434],[9.3584901,49.9665081],[9.3583661,49.9663197],[9.358297,49.9661375],[9.3582653,49.965909],[9.3582836,49.9656993],[9.3583302,49.9654925],[9.358438,49.9651387],[9.3585153,49.9648852],[9.3588016,49.9640144],[9.3588329,49.9639443],[9.3589209,49.9636757],[9.3591091,49.9628461],[9.3590094,49.9624514],[9.3589007,49.9622833],[9.3588055,49.962136],[9.3585099,49.9618937],[9.3577218,49.9615951],[9.3562953,49.9612416],[9.3557978,49.961083],[9.3548249,49.9605783],[9.3540129,49.9599418],[9.3528717,49.9590128],[9.3523303,49.9582959],[9.3521166,49.9573107],[9.352019,49.9568772],[9.3516049,49.9560982],[9.3509163,49.9551459],[9.3502541,49.95423],[9.3489156,49.9522405],[9.3487944,49.9519761],[9.348737,49.9517594],[9.3486759,49.9515209],[9.3486517,49.9509514],[9.3486589,49.9504291],[9.3486656,49.9499362],[9.3487826,49.9492131],[9.3489906,49.9482172],[9.3490601,49.9477425],[9.3491393,49.9472462],[9.3491704,49.9469276],[9.349193,49.9465772],[9.3491908,49.946126],[9.3491243,49.9455806],[9.3489864,49.9451798],[9.3488985,49.9449799],[9.3486233,49.944594],[9.3479093,49.9439436],[9.3463951,49.9430352],[9.346109,49.9428057],[9.3459427,49.9426279],[9.3458372,49.9424778],[9.3457759,49.9423485],[9.345746,49.942192],[9.3457523,49.9420048],[9.345829,49.9418116],[9.3459679,49.9415976],[9.346873,49.9405633],[9.3471259,49.9402641],[9.3472868,49.9400046],[9.347315,49.9397824],[9.3473066,49.9397357],[9.3472745,49.9395708],[9.3472463,49.9394905],[9.3471658,49.9393352],[9.3471083,49.9392303],[9.347049,49.9391028],[9.3470341,49.9390396],[9.3470316,49.9389841],[9.3470382,49.9389113]]}},{"type":"Feature","properties":{"source":"osm_exact_topology_chain","lines":["42","47"],"line_count":2,"segment_count":3,"osm_way_ids":["43224354","186786780","90760660"]},"geometry":{"type":"LineString","coordinates":[[9.3993004,49.9718033],[9.3991478,49.9718164],[9.3989653,49.9718113],[9.3989758,49.9716937],[9.3990932,49.9716109],[9.3991757,49.9715057]]}},{"type":"Feature","properties":{"source":"osm_exact_topology_chain","lines":["42","47"],"line_count":2,"segment_count":30,"osm_way_ids":["408916337","512735663","241117804","255031049","1257504411","1257504410","43055454","43055453","325967269","325967267","118597107","44151152","24509729","44151153","44151155","163755232","42688251","42688250","324571166","324571170","24509728","16394688","41213627","384311778","384311779","384311780","37036425","680655619","321214945","321214958"]},"geometry":{"type":"LineString","coordinates":[[9.3902211,49.9636273],[9.3901868,49.9634728],[9.3901772,49.9634281],[9.3901815,49.9633761],[9.3902335,49.9631066],[9.3902774,49.9626669],[9.3902427,49.9623405],[9.3901938,49.9621484],[9.3901242,49.9618419],[9.3901057,49.9616846],[9.390112,49.9614926],[9.3902349,49.9612613],[9.3904705,49.9609644],[9.3906341,49.960756],[9.3909284,49.9603808],[9.391252,49.9599088],[9.3914208,49.9595481],[9.391479,49.9591646],[9.3914095,49.9588525],[9.3912486,49.9584683],[9.3911036,49.9579605],[9.3911289,49.9577604],[9.3912055,49.9571547],[9.3912613,49.9563146],[9.3913021,49.9553945],[9.3916527,49.9543157],[9.3916615,49.9537896],[9.3915944,49.9530634],[9.3916519,49.9527669],[9.3917609,49.9524772],[9.3918902,49.9521296],[9.3921203,49.9515205],[9.3922135,49.9512005],[9.392311,49.950838],[9.392324,49.9505451],[9.3922069,49.9501514],[9.3919571,49.9497315],[9.3917185,49.9492725],[9.3916001,49.9490186],[9.3915349,49.9488116],[9.3915304,49.9487054],[9.3915555,49.948562],[9.3916544,49.948371],[9.3918321,49.9481706],[9.3921824,49.9478482],[9.3925428,49.9476129],[9.3929844,49.9473922],[9.3932772,49.9472678],[9.3937495,49.947098],[9.3942607,49.9469761],[9.3947473,49.946871],[9.3953052,49.946828],[9.3958318,49.9468258],[9.3962952,49.9468071],[9.3965369,49.9467627],[9.3966696,49.9467105],[9.3969204,49.9465919],[9.3971981,49.946407],[9.397579,49.9457148],[9.3978869,49.9450503],[9.3980384,49.9445702],[9.398065,49.9442157],[9.3981562,49.9438113],[9.3982687,49.9436219],[9.3984936,49.9433846],[9.3987182,49.9432326],[9.3999987,49.9425847],[9.4001164,49.942525],[9.4003858,49.9423495],[9.4006285,49.9420219],[9.4008737,49.9415103],[9.4010426,49.9408106],[9.401328,49.9405334],[9.4015951,49.9403741],[9.4027461,49.9398789],[9.4030894,49.9396736],[9.4034089,49.9394424],[9.4038367,49.9391844],[9.4040234,49.9390416],[9.4042616,49.9387348],[9.4044536,49.9384329],[9.4045126,49.9383272],[9.40455,49.9382215],[9.4045128,49.9381346],[9.4043952,49.9380416],[9.4043329,49.9380038],[9.4039665,49.9377838],[9.4038657,49.9377065],[9.4038227,49.9376736],[9.4037848,49.9376157],[9.4037532,49.9375245],[9.4037669,49.9374535],[9.4038148,49.9373672],[9.403917,49.9372485],[9.4041219,49.937011],[9.4041538,49.9368561],[9.4041402,49.936735],[9.4039014,49.9365103],[9.4032484,49.9360162],[9.4028388,49.9357328],[9.4026115,49.9355203],[9.4021356,49.9350405],[9.4015394,49.9345519],[9.4011292,49.9342182],[9.4008374,49.9340395],[9.4006246,49.933926],[9.4003929,49.9338221],[9.4000585,49.9336922],[9.3998825,49.9335452],[9.3995354,49.9331494],[9.3988614,49.9323441],[9.3985159,49.9319013],[9.3982836,49.9315549],[9.3982198,49.9312056],[9.3982297,49.9303109],[9.3982867,49.9293098],[9.3983133,49.9291694],[9.3983634,49.9287587],[9.3983462,49.9285755],[9.3982693,49.9283441],[9.3981231,49.9281131],[9.3979128,49.927934],[9.3978189,49.9278558],[9.3976929,49.9277879],[9.3976062,49.9277328],[9.3975474,49.9276546],[9.3975427,49.9276162],[9.397543,49.9275584],[9.3975694,49.9274765],[9.3976745,49.927294],[9.3976784,49.9271428],[9.3975522,49.9270325],[9.3974417,49.9270114],[9.3972765,49.9269831],[9.3968949,49.9269623],[9.3959325,49.9269467],[9.3952605,49.9269426],[9.3949499,49.9269229],[9.3946015,49.9268259],[9.3943309,49.9266943],[9.3940529,49.9264114],[9.3937482,49.9261935],[9.3936192,49.9261405],[9.3934768,49.9261055],[9.3932998,49.9261023],[9.39309,49.9261883],[9.3929343,49.9262885],[9.392701,49.9264197],[9.3924901,49.9265096],[9.3922433,49.9265628],[9.3913749,49.9266937],[9.3909739,49.9267947],[9.3899732,49.9270743],[9.3895218,49.9272431],[9.3888966,49.9274471],[9.3883965,49.9275387],[9.3881887,49.9275716],[9.3878942,49.9276292],[9.3875494,49.9277208],[9.3870438,49.9278798],[9.3867761,49.9279295],[9.3860943,49.9279796],[9.3853133,49.9280336],[9.3849764,49.9280698],[9.3847008,49.9280942],[9.3843997,49.9280846],[9.3836471,49.9279178],[9.3827609,49.9277366],[9.3822985,49.9276452],[9.3804133,49.9274258],[9.3794907,49.9273387],[9.3787504,49.9273069],[9.3774074,49.9273321],[9.3771155,49.9273582],[9.3767593,49.9274371],[9.3766381,49.9274682],[9.3759225,49.9277192],[9.3757971,49.9277597],[9.3757299,49.9277748],[9.3754774,49.9278308],[9.3746303,49.9279727],[9.3742139,49.9280855],[9.3737534,49.928229],[9.3731372,49.9283308],[9.3714787,49.928526],[9.3710834,49.9286192],[9.3704601,49.9288293],[9.3704036,49.9288581],[9.3702663,49.9289215],[9.3702167,49.9289452],[9.3699813,49.9290804],[9.3696648,49.9293061],[9.3688836,49.9300479],[9.3683958,49.9304186],[9.3683288,49.9304506],[9.3679044,49.9306089],[9.3677127,49.9307085],[9.3675671,49.9307573],[9.3673669,49.9307839],[9.3669995,49.9307754],[9.3666268,49.9308533],[9.366331,49.9309135],[9.3661519,49.9309184],[9.3659655,49.9308982],[9.3651738,49.9307334],[9.3651012,49.9307678],[9.3649366,49.9309687],[9.3648963,49.9310754],[9.3648745,49.9311331],[9.3647835,49.9313742],[9.3645717,49.9318683],[9.3644113,49.9322127],[9.3643071,49.9325387],[9.3642542,49.9329621],[9.3641479,49.9332241],[9.3639662,49.9334405],[9.3637662,49.9336508],[9.3635528,49.9337962],[9.3634188,49.9338757],[9.3632008,49.9339894],[9.3630116,49.9340748],[9.3622082,49.9343775],[9.3615715,49.9346454],[9.3606454,49.9349309],[9.3604883,49.9349509],[9.360001,49.9350142],[9.3593096,49.9350837],[9.3588666,49.9351121],[9.3584784,49.9351118],[9.3579854,49.9350918],[9.357035,49.9350456],[9.3565974,49.9350272],[9.3563442,49.9350063],[9.3563031,49.9350025],[9.3554379,49.9348323],[9.3552998,49.9348137],[9.3551573,49.9348047],[9.3550521,49.9348041],[9.3547168,49.9347923],[9.3544627,49.9347919],[9.35419,49.9348233],[9.3539425,49.9348703],[9.3537675,49.9349132],[9.3535524,49.9349632],[9.3531548,49.9351082],[9.3523217,49.9354313],[9.3520486,49.9355692],[9.3519312,49.9356337],[9.3517146,49.9357587],[9.3510622,49.9361359],[9.3504145,49.9365764],[9.3502314,49.9367429],[9.3499197,49.9370607],[9.3496976,49.937321],[9.3496564,49.9373693],[9.3495018,49.9375886],[9.349388,49.9377527],[9.349278,49.9379295],[9.349137,49.9380638],[9.3489657,49.9382179],[9.3488889,49.9382831],[9.3487977,49.9383487],[9.3484973,49.9384999],[9.3482407,49.9386103],[9.3479892,49.9386782],[9.3477795,49.9387276],[9.3475549,49.9387673],[9.3473341,49.9388119],[9.3472066,49.9388264],[9.347098,49.9388428]]}},{"type":"Feature","properties":{"source":"osm_exact_topology_chain","lines":["42","47"],"line_count":2,"segment_count":1,"osm_way_ids":["37036423"]},"geometry":{"type":"LineString","coordinates":[[9.3465521,49.9388385],[9.3465417,49.9387878],[9.3465535,49.9387373],[9.3465865,49.9386908],[9.3466262,49.9386592],[9.3466757,49.938634],[9.3467326,49.9386165],[9.3468112,49.9386066],[9.346891,49.9386112],[9.3469656,49.9386299],[9.347021,49.9386562],[9.3470651,49.9386902],[9.3470951,49.9387301],[9.3471104,49.9387863],[9.347098,49.9388428],[9.3470738,49.9388791],[9.3470382,49.9389113],[9.3469835,49.9389418],[9.3469187,49.9389624],[9.3468479,49.9389718],[9.34677,49.9389688],[9.3466963,49.9389522],[9.3466324,49.9389234],[9.3465832,49.9388845],[9.3465521,49.9388385]]}},{"type":"Feature","properties":{"source":"osm_exact_topology_chain","lines":["42","47","654"],"line_count":3,"segment_count":18,"osm_way_ids":["42715393","226408637","408916325","408916291","42715395","1431088024","226404381","44065902","42715394","1468697802","1468699235","42715390","42715396","44478172","234552985","1461522423","1126184792","186786779"]},"geometry":{"type":"LineString","coordinates":[[9.3893367,49.9636645],[9.3895742,49.9636528],[9.3898816,49.9636374],[9.3899404,49.9636364],[9.3900521,49.9636334],[9.3902211,49.9636273],[9.3902478,49.9637403],[9.3903231,49.963913],[9.390516,49.9641776],[9.3907257,49.9643759],[9.390892,49.9644874],[9.391317,49.9647934],[9.3920883,49.9652619],[9.3927673,49.9655614],[9.3932431,49.9657725],[9.3934524,49.965863],[9.3943853,49.9661705],[9.3950847,49.9663952],[9.395198,49.9664286],[9.3956765,49.9665635],[9.3957103,49.9665739],[9.3958262,49.9666097],[9.3962795,49.9667581],[9.3967134,49.9669244],[9.3969878,49.967026],[9.3973109,49.9671479],[9.3974576,49.9672287],[9.3976642,49.9673518],[9.397757,49.9674071],[9.3981102,49.9676331],[9.3982808,49.9677337],[9.3986921,49.9679841],[9.3987968,49.9680513],[9.3988558,49.9680892],[9.399028,49.9681937],[9.3993252,49.9684262],[9.3994615,49.9685355],[9.3995812,49.9686239],[9.3999154,49.968922],[9.4002296,49.9692153],[9.4003236,49.9693093],[9.4003477,49.9693486],[9.4003469,49.9694465],[9.4003325,49.9694833],[9.4002856,49.9695443],[9.4002272,49.9695717],[9.4000534,49.9696176],[9.3997543,49.9696821],[9.3994447,49.9697671],[9.3992808,49.9698206],[9.3991214,49.9699072],[9.3989608,49.9700316],[9.398858,49.9701808],[9.3988195,49.9703015],[9.3988015,49.9704117],[9.3988303,49.9706424],[9.3990088,49.9711432],[9.3991552,49.9714564],[9.3991757,49.9715057],[9.3993004,49.9718033]]}},{"type":"Feature","properties":{"source":"osm_exact_topology_chain","lines":["43","47"],"line_count":2,"segment_count":9,"osm_way_ids":["7753181","742075011","6188613","30312064","6188616","6188615","1456687256","147346798","1102885269"]},"geometry":{"type":"LineString","coordinates":[[9.2325534,49.9946195],[9.232249,49.9946974],[9.2320949,49.9947476],[9.2319409,49.9947839],[9.2313934,49.994856],[9.2312746,49.9948597],[9.2309737,49.9948368],[9.2306769,49.9947965],[9.2300423,49.9946352],[9.2300208,49.9946323],[9.2296839,49.9945328],[9.2292016,49.9943676],[9.2290861,49.994327],[9.2290262,49.994304],[9.2289794,49.994286],[9.2287891,49.9942127],[9.2285117,49.9940376],[9.2279795,49.9943228],[9.2278116,49.9944209],[9.2277629,49.9944493],[9.2274434,49.9946495],[9.2272041,49.9948083],[9.2277566,49.9953255],[9.227365,49.99551],[9.227196,49.9954376],[9.22696,49.995379],[9.2268232,49.9953522],[9.2264772,49.9953324],[9.2262519,49.9953428],[9.2261861,49.9953495],[9.2261332,49.9953622],[9.225635,49.9955238],[9.2253587,49.9956945],[9.225151,49.9958537],[9.2250444,49.995976],[9.2249923,49.9960443],[9.2249083,49.9961754],[9.2248618,49.9962795],[9.2248558,49.9963267],[9.2248507,49.9963662],[9.2248635,49.9964205],[9.2249665,49.996651],[9.2250107,49.9967808],[9.2250306,49.9968969],[9.2250341,49.9969175],[9.2250242,49.9970074],[9.224912,49.997422],[9.2249,49.9975325],[9.2249143,49.9976507],[9.225123,49.9982426],[9.2251446,49.9983306],[9.2251737,49.998449],[9.2251924,49.9986067],[9.2252094,49.9988783]]}},{"type":"Feature","properties":{"source":"osm_exact_topology_chain","lines":["14","31","50","OF-85"],"line_count":4,"segment_count":1,"osm_way_ids":["38564831"]},"geometry":{"type":"LineString","coordinates":[[9.1399775,49.9800678],[9.1400329,49.9800661],[9.1405764,49.980049]]}},{"type":"Feature","properties":{"source":"osm_exact_topology_chain","lines":["14","31","50","OF-85"],"line_count":4,"segment_count":5,"osm_way_ids":["507707777","753862557","505574819","494995167","575827289"]},"geometry":{"type":"LineString","coordinates":[[9.1347767,49.9796995],[9.1345129,49.9797665],[9.1339292,49.9798892],[9.1336577,49.9799462],[9.1330212,49.9800784],[9.1327366,49.9801409],[9.1323122,49.9802361],[9.1320129,49.9803046],[9.1318836,49.9803314],[9.1317324,49.9803444],[9.1316542,49.9803449],[9.131578,49.9803431],[9.1315149,49.9803391],[9.1313784,49.9803292],[9.1312517,49.9803131],[9.1311335,49.9803151],[9.1310658,49.9803133],[9.130984,49.9803109],[9.1309286,49.9803173]]}},{"type":"Feature","properties":{"source":"osm_exact_topology_chain","lines":["14","31","50","OF-85"],"line_count":4,"segment_count":1,"osm_way_ids":["664185485"]},"geometry":{"type":"LineString","coordinates":[[9.1309286,49.9803173],[9.1308971,49.9803426],[9.1308566,49.9803619],[9.1308098,49.9803739],[9.1307671,49.9803778],[9.1307242,49.9803757],[9.1306831,49.9803675],[9.1306457,49.9803537],[9.130607,49.9803298],[9.1305799,49.9803001],[9.1305664,49.9802667],[9.1305674,49.9802322],[9.130583,49.9801992],[9.1306138,49.9801687],[9.1306568,49.9801451],[9.1307085,49.9801304],[9.1307573,49.9801258],[9.1308063,49.9801292],[9.1308525,49.9801404],[9.1308928,49.9801586],[9.1309249,49.9801826],[9.1309465,49.9802111],[9.1309569,49.9802471],[9.1309508,49.9802836],[9.1309286,49.9803173]]}},{"type":"Feature","properties":{"source":"osm_exact_topology_chain","lines":["14","24","31","50","OF-85"],"line_count":5,"segment_count":2,"osm_way_ids":["237321463","8464945"]},"geometry":{"type":"LineString","coordinates":[[9.1398116,49.9798801],[9.1397102,49.9798702],[9.1396336,49.9798574],[9.1388551,49.9797273],[9.1384837,49.9796652],[9.1382681,49.9796292],[9.1377552,49.979518],[9.1375868,49.9795202],[9.1367953,49.9794002],[9.1362282,49.9793138],[9.1361574,49.9793001],[9.1360814,49.9792698],[9.1360116,49.9792377],[9.1359346,49.9791872]]}},{"type":"Feature","properties":{"source":"osm_exact_topology_chain","lines":["14","24","31","50","OF-85"],"line_count":5,"segment_count":1,"osm_way_ids":["30761682"]},"geometry":{"type":"LineString","coordinates":[[9.1359346,49.9791872],[9.1349863,49.9796287],[9.1348931,49.9796628],[9.1347767,49.9796995]]}},{"type":"Feature","properties":{"source":"osm_exact_topology_chain","lines":["14","24","31","50","OF-85"],"line_count":5,"segment_count":7,"osm_way_ids":["34208368","753844528","73286688","751429984","73286673","73286685","73286669"]},"geometry":{"type":"LineString","coordinates":[[9.1359346,49.9791872],[9.1362195,49.9790445],[9.1366839,49.9788106],[9.1368561,49.9787385],[9.1369986,49.9786869],[9.1370658,49.9786749],[9.1371318,49.9786632],[9.1372489,49.9786554],[9.1377851,49.9786252],[9.1387165,49.9786487],[9.1394422,49.9786743],[9.1397134,49.9786838],[9.1397997,49.9786868],[9.1401999,49.9787021],[9.1402412,49.9787042],[9.1404247,49.9787133]]}},{"type":"Feature","properties":{"source":"osm_exact_topology_chain","lines":["14","50","OF-85"],"line_count":3,"segment_count":3,"osm_way_ids":["507707773","25025360","572407742"]},"geometry":{"type":"LineString","coordinates":[[9.130583,49.9801992],[9.13055,49.9801733],[9.1304333,49.9801234],[9.1302778,49.9800756],[9.1301665,49.9800445],[9.1297133,49.9799028],[9.1292606,49.9797719]]}},{"type":"Feature","properties":{"source":"osm_exact_topology_chain","lines":["14","50","OF-85"],"line_count":3,"segment_count":7,"osm_way_ids":["8464941","4789853","575973170","575973169","769777420","769777415","769777416"]},"geometry":{"type":"LineString","coordinates":[[9.1292606,49.9797719],[9.1289056,49.9797003],[9.1288035,49.9796879],[9.1286795,49.9796729],[9.1285469,49.9796611],[9.1284073,49.9796534],[9.1282411,49.9796519],[9.1281087,49.9796545],[9.1280334,49.9796555],[9.1278944,49.9796627],[9.1277491,49.9796736],[9.1276005,49.9796859],[9.1274529,49.979702],[9.1273063,49.979722],[9.1271611,49.9797457],[9.1270175,49.9797731],[9.1268756,49.9798043],[9.1267072,49.979847],[9.1264858,49.9799073],[9.1262677,49.9799739],[9.1259093,49.9800852],[9.1254558,49.9802371],[9.1253376,49.9802755],[9.1250368,49.9803696]]}},{"type":"Feature","properties":{"source":"osm_exact_topology_chain","lines":["14","50","OF-85"],"line_count":3,"segment_count":3,"osm_way_ids":["572407738","572407741","572407739"]},"geometry":{"type":"LineString","coordinates":[[9.1292606,49.9797719],[9.1298909,49.9798991],[9.1304805,49.9800656],[9.1305842,49.9800691],[9.1306653,49.9800673],[9.1307632,49.9800685],[9.1308289,49.9800744],[9.13089,49.9800923],[9.1309449,49.9801166],[9.1309931,49.9801464],[9.1310379,49.9801742],[9.1310855,49.9801958],[9.1311736,49.9802335],[9.1312152,49.980252],[9.1312675,49.9802782],[9.1313784,49.9803292]]}},{"type":"Feature","properties":{"source":"osm_exact_topology_chain","lines":["14","50","OF-85"],"line_count":3,"segment_count":2,"osm_way_ids":["1442539619","231859220"]},"geometry":{"type":"LineString","coordinates":[[9.1250368,49.9803696],[9.1246593,49.980518],[9.1245252,49.9805707],[9.1241083,49.9807171],[9.1239503,49.9807611],[9.1238198,49.9807917],[9.1236882,49.9808212],[9.123634,49.9808326],[9.123566,49.9808434],[9.1229814,49.980914]]}},{"type":"Feature","properties":{"source":"osm_exact_topology_chain","lines":["14","50","OF-85"],"line_count":3,"segment_count":1,"osm_way_ids":["579894512"]},"geometry":{"type":"LineString","coordinates":[[9.1250368,49.9803696],[9.1244802,49.9805261],[9.1243718,49.9805571],[9.1242019,49.9806071],[9.1240005,49.9806648],[9.1237764,49.9807235],[9.1236559,49.9807527],[9.1234942,49.9807916],[9.1229814,49.980914]]}},{"type":"Feature","properties":{"source":"osm_exact_topology_chain","lines":["14","50","OF-85"],"line_count":3,"segment_count":2,"osm_way_ids":["579894516","580394285"]},"geometry":{"type":"LineString","coordinates":[[9.1229814,49.980914],[9.1227904,49.9809398],[9.1226255,49.9809551],[9.1224267,49.9809707],[9.1221417,49.9809824],[9.1218486,49.980984],[9.1215936,49.9809793],[9.1213418,49.9809697],[9.1212087,49.980958],[9.1208373,49.9809254]]}},{"type":"Feature","properties":{"source":"osm_exact_topology_chain","lines":["14","50","OF-85"],"line_count":3,"segment_count":9,"osm_way_ids":["580394286","4790908","4789701","183815406","339349698","143382031","183815407","361120209","361120210"]},"geometry":{"type":"LineString","coordinates":[[9.1208373,49.9809254],[9.1201778,49.9808466],[9.1199254,49.9808291],[9.1197578,49.9808166],[9.1195323,49.9807883],[9.1190181,49.9806933],[9.1187885,49.980652],[9.1178968,49.9805211],[9.1169606,49.9804052],[9.1169014,49.9804008],[9.1167348,49.9803883],[9.1166009,49.9803792],[9.1158977,49.9803554],[9.1156657,49.9803483],[9.1150408,49.9803765],[9.1147268,49.9803906],[9.1140712,49.9804529],[9.1137348,49.9804989],[9.1133536,49.9805768],[9.1131785,49.9806143],[9.1129769,49.9806712],[9.1128775,49.9806966],[9.11283,49.9807087],[9.1126418,49.9807539],[9.1125792,49.9807105],[9.1124169,49.9806166],[9.1117556,49.9802764],[9.1116887,49.9802297],[9.1115008,49.9800963],[9.1114005,49.9800031],[9.1112394,49.9799516],[9.1111549,49.9799275],[9.1109906,49.9798853]]}},{"type":"Feature","properties":{"source":"osm_exact_topology_chain","lines":["14","50","OF-85"],"line_count":3,"segment_count":7,"osm_way_ids":["580394288","143382032","59466444","143382033","361120208","36258732","361120211"]},"geometry":{"type":"LineString","coordinates":[[9.1208373,49.9809254],[9.1203208,49.9808169],[9.1201063,49.9807685],[9.1196708,49.9805925],[9.1193313,49.980456],[9.1191273,49.9803906],[9.1188719,49.9803103],[9.1184931,49.9802221],[9.1180751,49.9801329],[9.1179102,49.9800997],[9.11732,49.980019],[9.1170437,49.9799961],[9.1150272,49.9799357],[9.1146854,49.9799258],[9.1146108,49.9799253],[9.1143781,49.9799218],[9.11401,49.9799179],[9.113503,49.9799093],[9.1133403,49.9799045],[9.1126901,49.9798946],[9.1119328,49.9798738],[9.1115786,49.9798608],[9.1115273,49.9798611],[9.1113088,49.9798602],[9.1111184,49.9798695],[9.1109906,49.9798853]]}},{"type":"Feature","properties":{"source":"osm_exact_topology_chain","lines":["14","50","OF-85"],"line_count":3,"segment_count":19,"osm_way_ids":["24043907","24043906","36258731","637967062","1018393842","4789676","4539246","49753877","4539245","5089957","1263475618","1136844755","501652605","1263475619","24515399","161586732","164059121","1239354401","1239354400"]},"geometry":{"type":"LineString","coordinates":[[9.1109906,49.9798853],[9.1108468,49.979904],[9.1107115,49.979924],[9.1105617,49.9799499],[9.1102935,49.9800061],[9.1101338,49.9800383],[9.1098039,49.9801136],[9.1095944,49.9801627],[9.1087901,49.9803589],[9.1073825,49.9807008],[9.1064153,49.9809402],[9.1063107,49.9809578],[9.1062008,49.980972],[9.1060497,49.9809743],[9.1058978,49.980971],[9.1054988,49.9809223],[9.1051063,49.9808716],[9.1049369,49.9808396],[9.1047874,49.9808095],[9.1040864,49.9806683],[9.1038908,49.9806268],[9.102389,49.9803077],[9.1019039,49.9802092],[9.1016433,49.9801617],[9.1006404,49.979979],[9.1005447,49.9806328],[9.1004819,49.9809256],[9.1004635,49.9810114],[9.10041,49.9812887],[9.1003396,49.9814949],[9.1001951,49.9817431],[9.1000041,49.9820393],[9.0998501,49.9822291],[9.0997778,49.9822933],[9.0997186,49.9823361],[9.0995607,49.9824108],[9.0993353,49.9824803],[9.0977261,49.9828639],[9.0972515,49.9829645],[9.0967065,49.9830823],[9.0964447,49.9831407],[9.0955064,49.9833499],[9.0942296,49.9836345],[9.0933801,49.9838239],[9.0931576,49.9838759],[9.0929656,49.9839208],[9.0928411,49.983953],[9.0925614,49.9840252],[9.0923817,49.9840689],[9.0907316,49.9845068],[9.0893516,49.984852],[9.0891123,49.9849134],[9.0870959,49.9854734],[9.0866768,49.9855915],[9.0863715,49.9856772],[9.0861432,49.9857394],[9.0859994,49.9857791],[9.0859238,49.9858038],[9.085639,49.9858969],[9.0842512,49.9863922],[9.0835488,49.9866547],[9.0832437,49.9867687],[9.0828935,49.9868996],[9.0825454,49.9870263],[9.0822213,49.9871443],[9.0820821,49.987195],[9.0817571,49.9873132]]}},{"type":"Feature","properties":{"source":"osm_exact_topology_chain","lines":["2","11"],"line_count":2,"segment_count":1,"osm_way_ids":["318428320"]},"geometry":{"type":"LineString","coordinates":[[9.141505,49.9800807],[9.1409395,49.9800978]]}},{"type":"Feature","properties":{"source":"osm_exact_topology_chain","lines":["2","11"],"line_count":2,"segment_count":5,"osm_way_ids":["25850873","286882129","1416265640","1416265637","1416265636"]},"geometry":{"type":"LineString","coordinates":[[9.1413791,49.9821919],[9.1412253,49.9821682],[9.140675,49.9820648],[9.1400438,49.981917],[9.1398432,49.9818727],[9.1397278,49.9818432],[9.1394311,49.9817783],[9.1389928,49.9816773],[9.1379929,49.9814408],[9.1379146,49.9814284],[9.1378137,49.9814124],[9.1372338,49.9813206],[9.1371109,49.9813012],[9.1364884,49.9812027],[9.1360956,49.9811405],[9.1357969,49.9811085],[9.1355677,49.9810852],[9.1355305,49.9810851],[9.1354429,49.9810847],[9.1350962,49.981097],[9.1349469,49.9811118]]}},{"type":"Feature","properties":{"source":"osm_exact_topology_chain","lines":["2","11"],"line_count":2,"segment_count":3,"osm_way_ids":["314988121","314988134","29065135"]},"geometry":{"type":"LineString","coordinates":[[9.1362623,49.9855915],[9.1360052,49.985595],[9.135745,49.9856142],[9.1356497,49.9856163],[9.1354248,49.9856213],[9.1352503,49.9856252],[9.1349079,49.9856213],[9.1345744,49.9855777],[9.1342038,49.985519],[9.1341151,49.985505],[9.1335324,49.9853441],[9.1334868,49.9853315],[9.1332845,49.9852757]]}},{"type":"Feature","properties":{"source":"osm_exact_topology_chain","lines":["2","11"],"line_count":2,"segment_count":8,"osm_way_ids":["254170571","24044378","24044377","81755024","1435651623","14479394","57867682","30724658"]},"geometry":{"type":"LineString","coordinates":[[9.1239493,49.9859309],[9.1238999,49.9860118],[9.1238555,49.986117],[9.123795,49.9862576],[9.1237446,49.9863714],[9.1237263,49.9864085],[9.123647,49.9865789],[9.1235094,49.9868809],[9.1234085,49.9871332],[9.1229911,49.9871859],[9.1223156,49.9872466],[9.1214424,49.9873484],[9.120716,49.9874442],[9.1204387,49.9874726],[9.1199749,49.9875564],[9.1196292,49.9876355],[9.1191246,49.9877573],[9.1187998,49.9878302],[9.1183882,49.9879225],[9.1183073,49.9879407],[9.1176023,49.9880425],[9.1175489,49.988046],[9.1167786,49.988106],[9.1151632,49.9881428],[9.1149521,49.9881436],[9.1142365,49.9881264],[9.1138612,49.9881144],[9.1134966,49.9881027],[9.1129724,49.9880859],[9.1115486,49.9880407],[9.1106847,49.9880217],[9.1104529,49.9880166],[9.1098824,49.9880413]]}},{"type":"Feature","properties":{"source":"osm_exact_topology_chain","lines":["1","2","3","4","10","11","61","62"],"line_count":8,"segment_count":1,"osm_way_ids":["319136235"]},"geometry":{"type":"LineString","coordinates":[[9.1413711,49.9801422],[9.1415076,49.9801379],[9.1417391,49.9801306]]}},{"type":"Feature","properties":{"source":"osm_exact_topology_chain","lines":["1","2","4","10","11","61","62"],"line_count":7,"segment_count":1,"osm_way_ids":["319136237"]},"geometry":{"type":"LineString","coordinates":[[9.1417391,49.9801306],[9.1417794,49.9801283]]}},{"type":"Feature","properties":{"source":"osm_exact_topology_chain","lines":["1","2","4","8","9","10","11","24","25","61","62"],"line_count":11,"segment_count":1,"osm_way_ids":["319136233"]},"geometry":{"type":"LineString","coordinates":[[9.1417794,49.9801283],[9.1421274,49.980118]]}},{"type":"Feature","properties":{"source":"osm_exact_topology_chain","lines":["2","8","9","11","25"],"line_count":5,"segment_count":4,"osm_way_ids":["15863644","53501126","24238972","24238973"]},"geometry":{"type":"LineString","coordinates":[[9.1485145,49.9792461],[9.148633,49.9793229],[9.1491315,49.9796619],[9.1491758,49.9796878],[9.149256,49.9797415],[9.1492943,49.9797689],[9.1493334,49.9797968],[9.1497692,49.9801082],[9.1499824,49.9802523],[9.1500843,49.9803299],[9.1502163,49.9804402],[9.1502954,49.9805386],[9.1503459,49.9806507],[9.1503606,49.9807901],[9.1503405,49.9808646],[9.1503177,49.9809353],[9.1502547,49.9810353],[9.1501993,49.9810932],[9.1501293,49.9811546],[9.150046,49.9812075],[9.1499144,49.981277],[9.149762,49.9813273],[9.1495586,49.9813822],[9.1494946,49.9813947],[9.149112,49.9814695]]}},{"type":"Feature","properties":{"source":"osm_exact_topology_chain","lines":["2","8","9","11","25"],"line_count":5,"segment_count":1,"osm_way_ids":["15863873"]},"geometry":{"type":"LineString","coordinates":[[9.1478039,49.9820043],[9.1476941,49.9820308],[9.1476463,49.9820396],[9.1473019,49.9820596],[9.1472483,49.9820627],[9.1465724,49.9820892],[9.1463181,49.9820948]]}},{"type":"Feature","properties":{"source":"osm_exact_topology_chain","lines":["2","8","11","25"],"line_count":4,"segment_count":1,"osm_way_ids":["30801722"]},"geometry":{"type":"LineString","coordinates":[[9.149112,49.9814695],[9.1488095,49.9815412],[9.148776,49.9815522],[9.1486675,49.981588],[9.1485331,49.9816408],[9.1482558,49.981773],[9.1478039,49.9820043]]}},{"type":"Feature","properties":{"source":"osm_exact_topology_chain","lines":["2","9","11"],"line_count":3,"segment_count":2,"osm_way_ids":["187017231","304807688"]},"geometry":{"type":"LineString","coordinates":[[9.1463181,49.9820948],[9.1461196,49.9821021],[9.1455175,49.9821168],[9.145334,49.9821227],[9.1449948,49.9821347],[9.1444575,49.9821559],[9.1442388,49.9821648],[9.1439743,49.9821755],[9.14377,49.9821787],[9.1435114,49.9821864],[9.1421529,49.9822213],[9.141919,49.9822248],[9.1417871,49.9822234],[9.1415589,49.9822137],[9.1413791,49.9821919]]}},{"type":"Feature","properties":{"source":"osm_exact_topology_chain","lines":["2","11","24"],"line_count":3,"segment_count":2,"osm_way_ids":["19793771","286882128"]},"geometry":{"type":"LineString","coordinates":[[9.1349469,49.9811118],[9.1350699,49.9815214],[9.1351268,49.9817109],[9.1352419,49.9820945],[9.1353857,49.982606],[9.1354784,49.9829195],[9.1356204,49.9833909],[9.1356805,49.9836136],[9.1359048,49.9843853],[9.1362623,49.9855915]]}},{"type":"Feature","properties":{"source":"osm_exact_topology_chain","lines":["11","31"],"line_count":2,"segment_count":9,"osm_way_ids":["30761618","57867678","339349694","753896475","5118356","339349697","24044375","24044376","1155391316"]},"geometry":{"type":"LineString","coordinates":[[9.120411,49.9818702],[9.1201688,49.9818779],[9.1193894,49.9819119],[9.1190627,49.9819387],[9.1187516,49.9819697],[9.1186527,49.9819829],[9.1182931,49.9820308],[9.1180066,49.982089],[9.1179511,49.9821003],[9.1176963,49.9821499],[9.1174345,49.9822166],[9.116633,49.9824207],[9.116218,49.9825225],[9.1154256,49.9827035],[9.1152624,49.9827318],[9.1152048,49.9827418],[9.1149887,49.9827592],[9.114715,49.9827631],[9.1145322,49.9827819],[9.1144803,49.9827893],[9.1144013,49.9828119],[9.1143282,49.9828361],[9.1143073,49.9828539],[9.1142805,49.9828681],[9.1142495,49.982878],[9.1142157,49.9828832],[9.1141679,49.9829118],[9.1141068,49.9829641],[9.1139698,49.9830736],[9.1139379,49.9831014],[9.1139076,49.98313],[9.1138526,49.9831814],[9.1137852,49.9832317],[9.113696,49.9832888],[9.1135937,49.9833393],[9.1133198,49.9834568],[9.1127434,49.9835847]]}},{"type":"Feature","properties":{"source":"osm_exact_topology_chain","lines":["61","65","81"],"line_count":3,"segment_count":7,"osm_way_ids":["1024595349","37075507","1181519640","28031118","809505682","28031126","28031127"]},"geometry":{"type":"LineString","coordinates":[[9.1589641,49.8081915],[9.1591753,49.8081979],[9.1596024,49.8082243],[9.1601461,49.8082796],[9.160561,49.8083218],[9.1609412,49.8083774],[9.1610054,49.8083821],[9.1610621,49.8083887],[9.1613883,49.8084342],[9.1618817,49.8085114],[9.162403,49.8086105],[9.1634567,49.8088458],[9.1639547,49.8089597],[9.1644449,49.8090718],[9.1646612,49.8091219],[9.1656484,49.809354],[9.1657667,49.809381],[9.1664474,49.8095292],[9.1670572,49.8096594],[9.1677598,49.8097964],[9.1679331,49.8098327],[9.1681721,49.8098862],[9.168584,49.8099815],[9.1686267,49.8099913],[9.168827,49.8095751],[9.1689249,49.8093609],[9.168945,49.8090937],[9.1688961,49.8085931],[9.1688755,49.8083828],[9.1688637,49.8082649],[9.1687596,49.8077128],[9.1686958,49.8074597],[9.1685367,49.8070291],[9.1684448,49.8068863]]}},{"type":"Feature","properties":{"source":"osm_exact_topology_chain","lines":["61","65","81"],"line_count":3,"segment_count":2,"osm_way_ids":["22994572","23258122"]},"geometry":{"type":"LineString","coordinates":[[9.1619516,49.8056333],[9.1616604,49.8055833],[9.1615498,49.8055588],[9.1613,49.8054988],[9.1607039,49.8053476],[9.1606774,49.8053424],[9.1602453,49.8052423],[9.1597249,49.8051032],[9.1594276,49.8050316],[9.1594678,49.8049913],[9.1595444,49.8049007],[9.1597339,49.8046296],[9.159968,49.8041748],[9.1601632,49.8038015],[9.1602258,49.8036231],[9.1602501,49.8035539],[9.1602658,49.8035091],[9.1603725,49.803205],[9.1604607,49.8028474],[9.1605398,49.8026107],[9.1605469,49.8025839],[9.160621,49.8023515]]}},{"type":"Feature","properties":{"source":"osm_exact_topology_chain","lines":["65","81"],"line_count":2,"segment_count":3,"osm_way_ids":["1349178470","36907169","22994571"]},"geometry":{"type":"LineString","coordinates":[[9.1594276,49.8050316],[9.1591923,49.8049754],[9.1590493,49.8049359],[9.1588454,49.8048813],[9.1584647,49.8048014],[9.158171,49.8047731],[9.1578463,49.8047686],[9.157285,49.8048205],[9.1570715,49.8048443],[9.1568383,49.8048704],[9.1565985,49.8049043],[9.1562025,49.8049145],[9.1559083,49.8048547],[9.1557103,49.804786],[9.1555211,49.8046856]]}},{"type":"Feature","properties":{"source":"osm_exact_topology_chain","lines":["65","81"],"line_count":2,"segment_count":6,"osm_way_ids":["1094432459","23570737","461135860","1164241624","23570744","36907170"]},"geometry":{"type":"LineString","coordinates":[[9.1555211,49.8046856],[9.1554721,49.8047132],[9.155065,49.8049265],[9.1549449,49.8047419],[9.1548661,49.8045962],[9.154847,49.8045483],[9.1548384,49.804508],[9.1548542,49.8044528],[9.1549133,49.8044298],[9.1552242,49.8043654],[9.1552939,49.8044803],[9.155433,49.8046218],[9.1555211,49.8046856]]}},{"type":"Feature","properties":{"source":"osm_exact_topology_chain","lines":["65","81"],"line_count":2,"segment_count":3,"osm_way_ids":["37754002","23082543","1181741505"]},"geometry":{"type":"LineString","coordinates":[[9.1681304,49.8017685],[9.1678857,49.8017752],[9.1674281,49.8017539],[9.1673706,49.8017528],[9.16657,49.8017547],[9.1664669,49.8017548],[9.1657894,49.8017873],[9.1655513,49.8017738],[9.1654643,49.8017649],[9.1653474,49.8017484],[9.1650606,49.8016894],[9.164811,49.8016518]]}},{"type":"Feature","properties":{"source":"osm_exact_topology_chain","lines":["61","81"],"line_count":2,"segment_count":24,"osm_way_ids":["36907168","28685103","28685104","887505783","23238511","53772506","70756268","23238559","530742705","431772314","53772507","530742700","820420691","431772317","842767991","27612600","27612598","374368510","27612597","22996415","327856019","522843728","327856038","23575065"]},"geometry":{"type":"LineString","coordinates":[[9.160621,49.8023515],[9.1606745,49.8021382],[9.1607341,49.8019294],[9.1608418,49.8017195],[9.1609805,49.8014585],[9.1610795,49.8012948],[9.1612044,49.8011513],[9.1614198,49.8009049],[9.1614507,49.8008716],[9.1616835,49.800604],[9.1620534,49.8001125],[9.162269,49.7997169],[9.1623574,49.7995653],[9.1624862,49.7993742],[9.1625314,49.7993172],[9.1627274,49.7991074],[9.1627974,49.7990245],[9.1629945,49.7988257],[9.1633277,49.798516],[9.1634628,49.7984376],[9.1636144,49.7983765],[9.1637944,49.7983321],[9.1638015,49.7981945],[9.1638418,49.7980172],[9.1639223,49.7978337],[9.1640052,49.7976869],[9.1642193,49.7974668],[9.1642314,49.7974562],[9.1645577,49.7971175],[9.1646514,49.7970443],[9.1648226,49.7969106],[9.1648678,49.7968753],[9.1651688,49.7966402],[9.1654669,49.7964073],[9.1655338,49.796355],[9.1660267,49.7959645],[9.1665708,49.7955335],[9.167742,49.7946956],[9.1683174,49.7943218],[9.1720797,49.7922608],[9.1725445,49.7919944],[9.1739634,49.7911462],[9.1751034,49.7904455],[9.176574,49.7893815],[9.1766777,49.7893065],[9.1767821,49.789231],[9.1768784,49.7891613],[9.1776414,49.7886093],[9.1776975,49.7885687],[9.1777288,49.7885473],[9.1777411,49.7885367],[9.1778216,49.7884674],[9.1779153,49.7883908],[9.1783325,49.7880637],[9.1783615,49.7880398],[9.1784852,49.7879377],[9.1786486,49.787803],[9.1787891,49.7876872],[9.1795226,49.7871121],[9.1797282,49.7869271],[9.1803035,49.786344],[9.1806085,49.7860434],[9.1806433,49.7860098],[9.1807825,49.7858723],[9.1808897,49.7857726],[9.1809772,49.7856909],[9.1811664,49.7855141],[9.1813783,49.7853321],[9.1816626,49.7850528],[9.1822872,49.7843533],[9.1824924,49.7841177],[9.1825313,49.7840502],[9.1825588,49.7839695],[9.1825746,49.7838895],[9.1826077,49.7836363],[9.1826084,49.7835431],[9.182597,49.7834775],[9.1825463,49.7834229],[9.1825065,49.7833887],[9.1824429,49.7833393],[9.1823624,49.7832684],[9.1823332,49.7832464],[9.182262,49.7831846],[9.1822155,49.7831604],[9.1821195,49.7831127],[9.1817851,49.7830072],[9.1815334,49.7829307],[9.1814283,49.782897],[9.1810026,49.7827598],[9.1808064,49.7826968],[9.1804048,49.7825388],[9.180321,49.7824912],[9.1802781,49.7824499],[9.1802542,49.7824231],[9.180238,49.7824011],[9.1802288,49.7823837]]}},{"type":"Feature","properties":{"source":"osm_exact_topology_chain","lines":["61","81"],"line_count":2,"segment_count":11,"osm_way_ids":["1164681793","60111811","599459162","23304189","34302107","60111821","599459164","599459163","23258331","53573390","25970639"]},"geometry":{"type":"LineString","coordinates":[[9.1811535,49.7817389],[9.1811748,49.7817261],[9.1812934,49.7816565],[9.1814209,49.7815839],[9.1814675,49.7815574],[9.1814972,49.7815383],[9.1818253,49.7813277],[9.1820287,49.781177],[9.1822212,49.7810157],[9.1824942,49.7807737],[9.1826043,49.7806925],[9.1827377,49.7806107],[9.1829433,49.7804775],[9.1830314,49.7803897],[9.1831182,49.7802855],[9.183154,49.7802014],[9.183191,49.7801271],[9.1832686,49.7799111],[9.1834535,49.7793141],[9.1835477,49.7790092],[9.1836034,49.778832],[9.1837257,49.7784298],[9.1838249,49.7781229],[9.1838662,49.7779949],[9.1838815,49.7778878],[9.18391,49.7776662],[9.1839747,49.7771186],[9.1839763,49.777092],[9.1840094,49.7768843],[9.1840913,49.776505],[9.1841076,49.7764089],[9.1841744,49.7760151],[9.184227,49.7757049],[9.1842207,49.7753977],[9.1842072,49.775149],[9.1842032,49.7748724],[9.1842028,49.7748094],[9.1841978,49.7746282],[9.1841921,49.7744253],[9.1841828,49.7739912],[9.1841819,49.7738283],[9.1841565,49.7728444],[9.1841529,49.7724909],[9.1841485,49.772397],[9.1841559,49.7716064],[9.1841575,49.7714232],[9.1841382,49.7707926],[9.1841267,49.7704159],[9.1840693,49.76967],[9.1840669,49.7696232],[9.1840493,49.7692928],[9.1840362,49.7687214],[9.1840261,49.7684388],[9.1839928,49.7678926],[9.1839918,49.7678209],[9.1839644,49.7671933],[9.1839543,49.7668535],[9.1839518,49.7665307],[9.1839381,49.7660772],[9.1839377,49.7660583],[9.1839365,49.7660099],[9.183927,49.7656095],[9.1839185,49.7652757],[9.1839031,49.7651103],[9.1838201,49.7649298],[9.1837775,49.764833],[9.1837619,49.7647509],[9.1837522,49.7646904],[9.1837446,49.7646237],[9.1837294,49.7645622]]}},{"type":"Feature","properties":{"source":"osm_exact_topology_chain","lines":["61","67","81"],"line_count":3,"segment_count":4,"osm_way_ids":["191061301","173278860","1094472075","791337038"]},"geometry":{"type":"LineString","coordinates":[[9.1803152,49.7822232],[9.1802709,49.7821944],[9.1802132,49.7821784],[9.1801503,49.7821774],[9.1800916,49.7821918],[9.1800453,49.7822193],[9.1800216,49.7822489],[9.1800132,49.7822818],[9.180021,49.7823148],[9.1800443,49.7823446],[9.1800807,49.7823683],[9.1801267,49.7823836],[9.1801777,49.7823889],[9.1802288,49.7823837],[9.1802821,49.7823651],[9.1803213,49.7823352],[9.1803412,49.7822983],[9.180339,49.7822591],[9.1803152,49.7822232]]}},{"type":"Feature","properties":{"source":"osm_exact_topology_chain","lines":["61","67","81"],"line_count":3,"segment_count":2,"osm_way_ids":["210607761","1164681792"]},"geometry":{"type":"LineString","coordinates":[[9.1803152,49.7822232],[9.1803654,49.7822037],[9.1804248,49.7821753],[9.1805674,49.7820912],[9.1807903,49.7819558],[9.1810163,49.7818214],[9.1811535,49.7817389]]}},{"type":"Feature","properties":{"source":"osm_exact_topology_chain","lines":["80","81"],"line_count":2,"segment_count":13,"osm_way_ids":["791337037","791337035","23303961","322738786","1347369584","1347369583","27849393","59399655","27849392","38077849","26800157","38077850","929645713"]},"geometry":{"type":"LineString","coordinates":[[9.2120669,49.7298808],[9.2121014,49.7298592],[9.212143,49.7298423],[9.2122066,49.729829],[9.2122724,49.7298278],[9.2123361,49.7298385],[9.2124026,49.7298656],[9.2127102,49.7298105],[9.2129925,49.7297761],[9.2144989,49.7295944],[9.2149037,49.7295319],[9.2150712,49.7294939],[9.2151739,49.7294665],[9.21533,49.7294248],[9.2155472,49.729365],[9.2161222,49.729191],[9.2165057,49.7290633],[9.2168033,49.7289666],[9.217293,49.7287674],[9.2175138,49.7286755],[9.2177275,49.7285866],[9.2177553,49.728575],[9.2178614,49.7285332],[9.218707,49.7282216],[9.2192526,49.7280992],[9.2197129,49.7280295],[9.2203002,49.7279585],[9.2204509,49.7279396],[9.2206475,49.7279103],[9.2207366,49.727886],[9.2207822,49.7278665],[9.2208068,49.7278569],[9.2212574,49.7276123],[9.2212914,49.7275928],[9.2213238,49.7275756],[9.2214415,49.7275105],[9.2215249,49.7274647],[9.2218222,49.7273094]]}},{"type":"Feature","properties":{"source":"osm_exact_topology_chain","lines":["80","81"],"line_count":2,"segment_count":1,"osm_way_ids":["23258218"]},"geometry":{"type":"LineString","coordinates":[[9.2123103,49.7301237],[9.2122886,49.730127],[9.2122277,49.730129],[9.212168,49.7301208],[9.2121073,49.7301],[9.2120585,49.7300687],[9.2120349,49.7300435],[9.2120193,49.7300157],[9.2120149,49.7300019],[9.2120141,49.729958]]}},{"type":"Feature","properties":{"source":"osm_exact_topology_chain","lines":["80","81","83"],"line_count":3,"segment_count":12,"osm_way_ids":["15025423","599451012","27849390","37732351","37697640","37697641","37732368","26800155","38886808","40297243","1072237880","59399649"]},"geometry":{"type":"LineString","coordinates":[[9.2218222,49.7273094],[9.2219637,49.7272063],[9.2220422,49.7271016],[9.2220666,49.7270426],[9.222102,49.726957],[9.2221727,49.7267029],[9.2221821,49.7266616],[9.2222093,49.7266021],[9.2222472,49.7265298],[9.2222775,49.7264895],[9.222354,49.7264119],[9.2225486,49.7262841],[9.2226428,49.7262335],[9.2226668,49.7262219],[9.222718,49.7261971],[9.2227543,49.7261796],[9.2229903,49.7260645],[9.2237411,49.7258144],[9.2238997,49.7257095],[9.2240147,49.7256334],[9.224158,49.7255386],[9.2244904,49.7252975],[9.2248154,49.7250776],[9.2250979,49.7249077],[9.2251741,49.724864],[9.2252086,49.7248458],[9.2253502,49.7247703],[9.2255122,49.7246889],[9.2255936,49.7246482],[9.2256673,49.7246023],[9.2257492,49.7245514],[9.2261712,49.7242275],[9.2262491,49.724153],[9.2264435,49.7239801],[9.2266531,49.7237989],[9.2274024,49.7231756],[9.2277337,49.7229331],[9.2283945,49.7225045],[9.2291479,49.7220532],[9.229194,49.7220256],[9.229327,49.7219459],[9.2293794,49.7219109],[9.2294577,49.72185]]}},{"type":"Feature","properties":{"source":"osm_exact_topology_chain","lines":["80","81","83"],"line_count":3,"segment_count":2,"osm_way_ids":["322740999","762651100"]},"geometry":{"type":"LineString","coordinates":[[9.2294577,49.72185],[9.2295295,49.7217455],[9.229565,49.7217044],[9.229606,49.721657]]}},{"type":"Feature","properties":{"source":"osm_exact_topology_chain","lines":["80","81","83"],"line_count":3,"segment_count":2,"osm_way_ids":["762651102","40297242"]},"geometry":{"type":"LineString","coordinates":[[9.2294577,49.72185],[9.2295503,49.7218184],[9.2296045,49.7217922],[9.2297255,49.7217106]]}},{"type":"Feature","properties":{"source":"osm_exact_topology_chain","lines":["80","81","83"],"line_count":3,"segment_count":1,"osm_way_ids":["315691737"]},"geometry":{"type":"LineString","coordinates":[[9.2296945,49.7214861],[9.2297359,49.7214791],[9.2297786,49.7214786],[9.2298203,49.7214846],[9.2298587,49.7214967]]}},{"type":"Feature","properties":{"source":"osm_exact_topology_chain","lines":["80","81","83","40N"],"line_count":4,"segment_count":1,"osm_way_ids":["25486584"]},"geometry":{"type":"LineString","coordinates":[[9.229606,49.721657],[9.2295885,49.721633],[9.2295799,49.7216071],[9.2295804,49.7215806],[9.2295902,49.7215548]]}},{"type":"Feature","properties":{"source":"osm_exact_topology_chain","lines":["80","81","83","40N"],"line_count":4,"segment_count":1,"osm_way_ids":["315691739"]},"geometry":{"type":"LineString","coordinates":[[9.2299419,49.7215898],[9.2299377,49.7216211],[9.2299207,49.7216507],[9.2298923,49.7216762],[9.229857,49.7216949],[9.2298157,49.7217073],[9.2297709,49.7217126],[9.2297255,49.7217106]]}},{"type":"Feature","properties":{"source":"osm_exact_topology_chain","lines":["81","40N"],"line_count":2,"segment_count":14,"osm_way_ids":["37952880","762651096","368786588","25639261","37952881","368786589","368786580","1186919925","25503794","25492463","368786590","18892104","15241681","15241679"]},"geometry":{"type":"LineString","coordinates":[[9.2295902,49.7215548],[9.2295013,49.7214612],[9.2294489,49.7213646],[9.2292037,49.7211861],[9.2289127,49.7209574],[9.2287536,49.7208247],[9.2285479,49.7206531],[9.2284567,49.7205776],[9.2283159,49.7204486],[9.2280651,49.7202281],[9.2280149,49.7201754],[9.2279374,49.7200939],[9.2275857,49.7199564],[9.2274634,49.7198854],[9.2273386,49.7197777],[9.2272454,49.7196703],[9.2271828,49.719535],[9.2271343,49.7192787],[9.2271185,49.7192349],[9.2270922,49.7191807],[9.2270537,49.7191286],[9.2269078,49.7189925],[9.2267788,49.718935],[9.2266578,49.7188705],[9.226565,49.7188126],[9.2264764,49.7187518],[9.2259538,49.7183307],[9.2254049,49.7179238],[9.2248307,49.7175317],[9.2242321,49.7171552],[9.2236102,49.7167949],[9.222966,49.7164514],[9.2223005,49.7161252],[9.2216149,49.715817],[9.2207976,49.71542]]}},{"type":"Feature","properties":{"source":"osm_exact_topology_chain","lines":["81","93","40N"],"line_count":3,"segment_count":3,"osm_way_ids":["136617811","19187006","136617813"]},"geometry":{"type":"LineString","coordinates":[[9.2207976,49.71542],[9.220578,49.7153077],[9.2202187,49.7151235],[9.2199504,49.7149627],[9.2196423,49.7147529],[9.2195138,49.7146526],[9.2193883,49.7145453]]}},{"type":"Feature","properties":{"source":"osm_exact_topology_chain","lines":["81","93","40N"],"line_count":3,"segment_count":2,"osm_way_ids":["1332741875","867939577"]},"geometry":{"type":"LineString","coordinates":[[9.2185014,49.713643],[9.2181444,49.7131778],[9.2180607,49.7130371],[9.2179877,49.7128939],[9.2179254,49.7127487],[9.217874,49.7126016],[9.2178336,49.7124532],[9.2178044,49.7123036],[9.2177864,49.7121543],[9.2177841,49.7120141],[9.2177892,49.7118739],[9.2177982,49.7117647],[9.2178116,49.7116558],[9.2178483,49.7114669],[9.2178847,49.7112793],[9.2179507,49.7110136],[9.2180734,49.710644],[9.2181468,49.710415],[9.2182252,49.7101941],[9.2183482,49.7098975],[9.2184725,49.7096335],[9.2185736,49.7094192]]}},{"type":"Feature","properties":{"source":"osm_exact_topology_chain","lines":["81","86","93","40N"],"line_count":4,"segment_count":3,"osm_way_ids":["919603596","136617812","19187005"]},"geometry":{"type":"LineString","coordinates":[[9.2193883,49.7145453],[9.2193175,49.7144848],[9.2192874,49.7144594],[9.219167,49.7143536],[9.2190187,49.7142075],[9.2188234,49.7140113],[9.2185014,49.713643]]}},{"type":"Feature","properties":{"source":"osm_exact_topology_chain","lines":["81","86","93","40N"],"line_count":4,"segment_count":5,"osm_way_ids":["48460822","131192137","131192140","1207507552","38933260"]},"geometry":{"type":"LineString","coordinates":[[9.2185736,49.7094192],[9.2189267,49.7086769],[9.2196873,49.7070958],[9.2200799,49.706058],[9.22036,49.7049981],[9.2204346,49.7046011],[9.2205003,49.7042223],[9.2205665,49.7037057],[9.2206034,49.7032898],[9.2206262,49.7029083],[9.2206338,49.7026698],[9.2206383,49.7025281],[9.2206517,49.701939],[9.2206589,49.7014238],[9.2206705,49.700873]]}},{"type":"Feature","properties":{"source":"osm_exact_topology_chain","lines":["81","86"],"line_count":2,"segment_count":1,"osm_way_ids":["25180515"]},"geometry":{"type":"LineString","coordinates":[[9.2206517,49.701939],[9.2205052,49.7015124],[9.2204638,49.7014383],[9.22041,49.7013738],[9.2203265,49.7013039],[9.2202346,49.7012494],[9.220136,49.7012016]]}},{"type":"Feature","properties":{"source":"osm_exact_topology_chain","lines":["81","86"],"line_count":2,"segment_count":1,"osm_way_ids":["28462314"]},"geometry":{"type":"LineString","coordinates":[[9.219869,49.7002316],[9.2198588,49.7001682],[9.2198665,49.700075],[9.2198873,49.7000111]]}},{"type":"Feature","properties":{"source":"osm_exact_topology_chain","lines":["81","86"],"line_count":2,"segment_count":1,"osm_way_ids":["24948903"]},"geometry":{"type":"LineString","coordinates":[[9.2213857,49.6994574],[9.221235,49.6994491],[9.2211221,49.6994592],[9.2210359,49.6994798],[9.2209577,49.6995127],[9.2208854,49.6995539],[9.2208235,49.6995976],[9.2207289,49.6996995]]}},{"type":"Feature","properties":{"source":"osm_exact_topology_chain","lines":["81","84","86","88"],"line_count":4,"segment_count":1,"osm_way_ids":["136617814"]},"geometry":{"type":"LineString","coordinates":[[9.219869,49.7002316],[9.2198526,49.7002899],[9.2198144,49.7004683],[9.2197909,49.7006042],[9.2197829,49.7007204],[9.2197897,49.7008653],[9.2197993,49.7009334],[9.2198201,49.7009899],[9.2198535,49.7010407],[9.2199074,49.7010929],[9.2199705,49.7011326],[9.2200385,49.701166],[9.220136,49.7012016]]}},{"type":"Feature","properties":{"source":"osm_exact_topology_chain","lines":["81","84","86","88"],"line_count":4,"segment_count":4,"osm_way_ids":["53023352","1093737919","754386692","48890307"]},"geometry":{"type":"LineString","coordinates":[[9.2200146,49.7000318],[9.2203315,49.7000832],[9.2205657,49.7001212],[9.2209775,49.700188],[9.2216309,49.7003107]]}},{"type":"Feature","properties":{"source":"osm_exact_topology_chain","lines":["81","84","86","88"],"line_count":4,"segment_count":2,"osm_way_ids":["759661880","759661879"]},"geometry":{"type":"LineString","coordinates":[[9.2300076,49.7031702],[9.2299842,49.7032882],[9.2298096,49.7034537],[9.2297835,49.7034784],[9.2296992,49.7035579],[9.2294142,49.7038009],[9.229044,49.7041981],[9.2285746,49.7046266],[9.2284251,49.7047682]]}},{"type":"Feature","properties":{"source":"osm_exact_topology_chain","lines":["81","84","86","88"],"line_count":4,"segment_count":10,"osm_way_ids":["1304819928","31873991","189533151","25096389","25096387","231340135","84202363","656735026","37910677","25096381"]},"geometry":{"type":"LineString","coordinates":[[9.2300601,49.7064163],[9.2304747,49.7061932],[9.2313503,49.7058162],[9.2317422,49.7056966],[9.2318195,49.7056787],[9.2319689,49.705644],[9.2322293,49.7055745],[9.2323552,49.7055045],[9.2325506,49.7053955],[9.2329326,49.7051215],[9.2333503,49.7047141],[9.2336078,49.7044699],[9.2341572,49.7041579],[9.234367,49.7040987],[9.2345246,49.7040476],[9.2346928,49.7039525],[9.2347919,49.7039065],[9.2352512,49.7036505],[9.2354366,49.7035662],[9.2355298,49.7035315],[9.2356257,49.703508],[9.2357576,49.703493],[9.2358987,49.7034936],[9.2360357,49.7035283],[9.2363789,49.7036338],[9.236514,49.7036682],[9.2366689,49.7036955],[9.2367679,49.7036991],[9.2369147,49.7036979],[9.2371237,49.7036815],[9.2371774,49.703675],[9.2372559,49.7036688],[9.2373173,49.7037167],[9.2373613,49.7037605]]}},{"type":"Feature","properties":{"source":"osm_exact_topology_chain","lines":["81","84","86"],"line_count":3,"segment_count":1,"osm_way_ids":["25524606"]},"geometry":{"type":"LineString","coordinates":[[9.2200146,49.7000318],[9.2198873,49.7000111]]}},{"type":"Feature","properties":{"source":"osm_exact_topology_chain","lines":["81","84","86","88","40N"],"line_count":5,"segment_count":15,"osm_way_ids":["1183346317","807210128","1183346417","1183346416","807210127","546317645","1183344268","807210126","622377991","60710557","189533144","27550835","27550831","19186982","25180516"]},"geometry":{"type":"LineString","coordinates":[[9.2300076,49.7031702],[9.2297226,49.7031391],[9.2295411,49.7031142],[9.2293598,49.7030866],[9.2290452,49.7030264],[9.2286903,49.7029409],[9.2284576,49.7028842],[9.2279805,49.7027442],[9.2273402,49.7025431],[9.2273053,49.7025327],[9.2271428,49.7024844],[9.2270918,49.702469],[9.22674,49.7023545],[9.2263633,49.7022386],[9.2260888,49.7021479],[9.225805,49.7020414],[9.2254826,49.7019127],[9.2250688,49.7017478],[9.2250347,49.7017348],[9.2249603,49.7017082],[9.2249309,49.7016966],[9.2245625,49.7015634],[9.2241592,49.70142],[9.2236749,49.7012504],[9.223468,49.7011607],[9.2232588,49.7010606],[9.2229721,49.7008921],[9.2227789,49.7007714],[9.2224885,49.7005877],[9.2223467,49.7005042],[9.2221022,49.7004111],[9.2218477,49.7003502],[9.2216309,49.7003107],[9.2217093,49.7000495],[9.2217555,49.6998364],[9.2217566,49.6997644],[9.2217424,49.6996866],[9.2217054,49.6996307],[9.2216488,49.6995788],[9.221584,49.6995313],[9.2214942,49.6994926],[9.2213857,49.6994574]]}},{"type":"Feature","properties":{"source":"osm_exact_topology_chain","lines":["81","84","86","88","40N"],"line_count":5,"segment_count":28,"osm_way_ids":["759001977","367972177","761228781","761228782","527166866","527166867","37910681","37910682","1182566796","60710561","40201264","192051778","40201265","1049695708","1049695707","37910679","751320924","947314653","27550728","798957226","37910678","751412932","40201267","751478664","23233151","192262047","27550731","10312839"]},"geometry":{"type":"LineString","coordinates":[[9.2558576,49.7015029],[9.2558063,49.7014515],[9.2557384,49.7013841],[9.2557105,49.7013549],[9.2555508,49.7011938],[9.255249,49.7009232],[9.2548882,49.700618],[9.2547283,49.7005022],[9.254597,49.7004231],[9.2544949,49.7003736],[9.2542839,49.7002821],[9.2540783,49.700209],[9.2539693,49.7001755],[9.2538565,49.7001429],[9.2535849,49.7000772],[9.2534597,49.7000462],[9.2533971,49.7000339],[9.2532657,49.7000064],[9.252859,49.6999284],[9.2526359,49.6998958],[9.2524997,49.6998784],[9.2524105,49.6998714],[9.2523059,49.6998702],[9.2522134,49.6998706],[9.2520895,49.6998758],[9.251875,49.6998925],[9.2513984,49.6999256],[9.251112,49.6999259],[9.2506217,49.6998962],[9.2497835,49.6998352],[9.2495619,49.6998265],[9.2491047,49.6998119],[9.2486244,49.6998117],[9.2481997,49.6998171],[9.2480181,49.6998225],[9.2477459,49.6998364],[9.2474952,49.6998596],[9.2473113,49.6998821],[9.2471267,49.6999095],[9.2467247,49.7000115],[9.2465176,49.7000778],[9.2461586,49.7002101],[9.245755,49.7003735],[9.2453661,49.7005258],[9.2451789,49.7005729],[9.245035,49.7005963],[9.24462,49.7006038],[9.244432,49.700606],[9.2442146,49.7006304],[9.2441418,49.7006461],[9.2440225,49.7006718],[9.2438452,49.7007295],[9.2437076,49.7007802],[9.2435053,49.7008588],[9.2434149,49.700894],[9.243075,49.7010321],[9.2429205,49.7010944],[9.2427098,49.7011793],[9.2420313,49.7014746],[9.2417377,49.7016117],[9.2410641,49.701926],[9.2409521,49.7019782],[9.2396264,49.7025997],[9.2395307,49.702646],[9.239399,49.7027133],[9.2383844,49.7032229],[9.2382078,49.7033314],[9.2381323,49.7033749],[9.2379558,49.7034696],[9.2373613,49.7037605],[9.2369056,49.7039813],[9.2365891,49.7041392],[9.2365089,49.7041793],[9.236152,49.7043582],[9.2360884,49.7043901],[9.2356451,49.7046119],[9.2356256,49.7046202],[9.2353602,49.7047472],[9.2353083,49.7047029],[9.2348473,49.7043579],[9.2344809,49.7041496],[9.234367,49.7040987]]}},{"type":"Feature","properties":{"source":"osm_exact_topology_chain","lines":["81","86","88"],"line_count":3,"segment_count":1,"osm_way_ids":["806908207"]},"geometry":{"type":"LineString","coordinates":[[9.2284251,49.7047682],[9.2285398,49.7049024],[9.2287386,49.7051345],[9.2291594,49.7056257],[9.2293143,49.7058071],[9.2293339,49.7058301],[9.2297947,49.7062178],[9.2300601,49.7064163]]}},{"type":"Feature","properties":{"source":"osm_exact_topology_chain","lines":["80","81","84","86","88","40N"],"line_count":6,"segment_count":1,"osm_way_ids":["294350802"]},"geometry":{"type":"LineString","coordinates":[[9.2560899,49.7017501],[9.2560046,49.7016632],[9.2559807,49.7016347],[9.2558576,49.7015029]]}},{"type":"Feature","properties":{"source":"osm_exact_topology_chain","lines":["80","81","82","84","86","88","40N"],"line_count":7,"segment_count":5,"osm_way_ids":["367972176","367972172","367972175","603119344","60710966"]},"geometry":{"type":"LineString","coordinates":[[9.2560899,49.7017501],[9.2563087,49.7019517],[9.256436,49.7020673],[9.2565739,49.7022046],[9.2566627,49.702303],[9.2567631,49.7024084],[9.2568628,49.7025434],[9.2569768,49.7027176],[9.2571455,49.7029665],[9.2571819,49.7030229],[9.2572721,49.7031523],[9.2572179,49.7032063],[9.2571599,49.7032335],[9.2570925,49.703254],[9.2570142,49.7032627]]}},{"type":"Feature","properties":{"source":"osm_exact_topology_chain","lines":["80","81","82","84","85","86","87","88","972","977","40N"],"line_count":11,"segment_count":12,"osm_way_ids":["603119346","603119337","192051779","37910683","40014704","15025421","39971972","762309931","15025420","27849364","759001967","1039033844"]},"geometry":{"type":"LineString","coordinates":[[9.2570142,49.7032627],[9.2569236,49.7032432],[9.2568333,49.7031929],[9.2567807,49.7031573],[9.2567133,49.7030715],[9.2566442,49.7028131],[9.2566295,49.7027563],[9.2566064,49.7026907],[9.2565726,49.7026074],[9.2564736,49.7024617],[9.2564258,49.7024111],[9.2560137,49.7020102],[9.255938,49.7019359],[9.2558966,49.7018993],[9.2557616,49.7017897],[9.2556285,49.7018478],[9.255569,49.701875],[9.2555573,49.7018802],[9.2543766,49.7024206],[9.2531296,49.7029913],[9.2529959,49.7030649],[9.2526416,49.7033204],[9.2524804,49.7034377],[9.2522409,49.7036548],[9.2521996,49.7036896],[9.2520715,49.7037977],[9.2518775,49.7039615],[9.2515294,49.7042188]]}},{"type":"Feature","properties":{"source":"osm_exact_topology_chain","lines":["80","81","82","84","85","86","87","972","977","40N"],"line_count":10,"segment_count":1,"osm_way_ids":["39432686"]},"geometry":{"type":"LineString","coordinates":[[9.2492469,49.7055956],[9.2493399,49.7055417],[9.2497667,49.7052633],[9.2498597,49.7052053],[9.2499077,49.7051754],[9.2499937,49.7051229],[9.2504077,49.7048701],[9.2504919,49.7048233],[9.2508351,49.7046327],[9.2511465,49.7044598],[9.2513384,49.7043451],[9.2515294,49.7042188]]}},{"type":"Feature","properties":{"source":"osm_exact_topology_chain","lines":["80","81","82","83","84","85","86","87","88","972","977","40N"],"line_count":12,"segment_count":2,"osm_way_ids":["483490720","24602162"]},"geometry":{"type":"LineString","coordinates":[[9.2492469,49.7055956],[9.2493202,49.705637],[9.2493693,49.7056608],[9.2491292,49.7058039]]}},{"type":"Feature","properties":{"source":"osm_exact_topology_chain","lines":["4","10"],"line_count":2,"segment_count":1,"osm_way_ids":["38564837"]},"geometry":{"type":"LineString","coordinates":[[9.1409395,49.9800978],[9.1403766,49.9801148]]}},{"type":"Feature","properties":{"source":"osm_exact_topology_chain","lines":["4","10"],"line_count":2,"segment_count":9,"osm_way_ids":["146875536","7974693","23035761","146864940","22973665","159752871","159752867","22991523","146864953"]},"geometry":{"type":"LineString","coordinates":[[9.1599528,49.9626136],[9.1600361,49.96243],[9.1602001,49.9620686],[9.1602616,49.9619713],[9.1605269,49.9616134],[9.160565,49.9615619],[9.1607127,49.9613638],[9.1607893,49.9613001],[9.1610084,49.9612029],[9.161109,49.9611865],[9.1622309,49.9611925],[9.1622744,49.9611873],[9.1623187,49.9611701],[9.162361,49.9611399],[9.1624039,49.9610838],[9.1625278,49.9609447],[9.1625514,49.9609253],[9.1626472,49.9608609],[9.162753,49.9608097],[9.1629254,49.9607522],[9.1635634,49.9605181],[9.1640633,49.9604049],[9.1645783,49.9603717],[9.1648593,49.960372],[9.1651841,49.9603794],[9.1657482,49.9603953],[9.1660893,49.960409],[9.1663521,49.9604155],[9.1665093,49.9604208],[9.1666154,49.9603934],[9.1666129,49.9603245],[9.1659508,49.9596626],[9.1658818,49.9595041],[9.1659265,49.9593604],[9.1661562,49.9591284],[9.1663331,49.9589495],[9.1667258,49.9585447],[9.1669388,49.9582619],[9.166988,49.9581799],[9.1671601,49.957769],[9.1671722,49.9576931],[9.1671681,49.9576508],[9.1671467,49.9576129],[9.1671118,49.9575697],[9.1670541,49.9575249],[9.1669737,49.9574878],[9.1668101,49.9574394],[9.1665351,49.9573674],[9.1659648,49.9572069],[9.1658003,49.9571625],[9.1657391,49.957146],[9.1654979,49.9571075],[9.1652059,49.9570749],[9.1651463,49.9570683],[9.1650572,49.9570443],[9.1649687,49.9570123],[9.1648925,49.9569803],[9.1648065,49.956889],[9.1647613,49.9567887],[9.1647407,49.9566439],[9.1647215,49.9565206],[9.1646777,49.9563816],[9.1646356,49.9562622],[9.1646038,49.9561909],[9.1645299,49.9559257],[9.1644493,49.9554173],[9.1644474,49.9548448],[9.1644912,49.9542966]]}},{"type":"Feature","properties":{"source":"osm_exact_topology_chain","lines":["1","3","4","6","10","12","53","54","55","60","61","62","BG2","BG3"],"line_count":14,"segment_count":6,"osm_way_ids":["1430221827","51779857","314992691","51779856","30412068","10252959"]},"geometry":{"type":"LineString","coordinates":[[9.1441411,49.9758714],[9.1441549,49.975886],[9.1443656,49.976075],[9.1445414,49.9762575],[9.1447542,49.9764783],[9.144834,49.9765626],[9.1448671,49.9765975],[9.1449171,49.9766504],[9.1449552,49.9766906],[9.144978,49.9767147],[9.1452231,49.9769715],[9.1455727,49.9773487],[9.1456627,49.9774416],[9.1457601,49.9774671],[9.1458119,49.9775189],[9.1458656,49.9775921],[9.1458578,49.9776655]]}},{"type":"Feature","properties":{"source":"osm_exact_topology_chain","lines":["1","3","4","6","10","12","53","54","55","60","61","62","BG2","BG3"],"line_count":14,"segment_count":3,"osm_way_ids":["51995896","989862782","16566258"]},"geometry":{"type":"LineString","coordinates":[[9.1441411,49.9758714],[9.1439824,49.9757609],[9.1439645,49.9757132],[9.1439884,49.9756613],[9.144921,49.9751689],[9.1451992,49.9750746],[9.1454404,49.9750268]]}},{"type":"Feature","properties":{"source":"osm_exact_topology_chain","lines":["1","3","4","6","10","12","53","54","55","60","61","62","BG2","BG3"],"line_count":14,"segment_count":2,"osm_way_ids":["989862783","16566254"]},"geometry":{"type":"LineString","coordinates":[[9.1441411,49.9758714],[9.1441334,49.9757853],[9.1441605,49.9757702],[9.1441907,49.9757535],[9.1453004,49.9751635],[9.1454404,49.9750268]]}},{"type":"Feature","properties":{"source":"osm_exact_topology_chain","lines":["1","3","4","6","10","12","53","54","55","60","61","62","BG2","BG3"],"line_count":14,"segment_count":3,"osm_way_ids":["30412069","16566260","754019476"]},"geometry":{"type":"LineString","coordinates":[[9.1454404,49.9750268],[9.1464923,49.9745467],[9.1465229,49.9745336],[9.1466469,49.9744771],[9.1468434,49.974366],[9.1471698,49.9741549],[9.1472943,49.9740631],[9.1474664,49.9738988],[9.1475275,49.9738295],[9.1476187,49.9737195]]}},{"type":"Feature","properties":{"source":"osm_exact_topology_chain","lines":["1","3","4","6","10","12","53","54","55","60","61","62","BG2","BG3"],"line_count":14,"segment_count":3,"osm_way_ids":["319150659","7986478","319150662"]},"geometry":{"type":"LineString","coordinates":[[9.1476187,49.9737195],[9.1475899,49.9736993],[9.1475691,49.973664],[9.1475692,49.9736391],[9.1475899,49.9736046],[9.1476313,49.9735788],[9.1476839,49.9735668],[9.1477414,49.9735701],[9.1477818,49.9735835],[9.1478119,49.973604],[9.1478302,49.9736299],[9.1478332,49.9736648],[9.1478151,49.9736967],[9.1477784,49.973722],[9.147728,49.973736],[9.1476692,49.9737353],[9.1476187,49.9737195]]}},{"type":"Feature","properties":{"source":"osm_exact_topology_chain","lines":["1","4","10","12","61","62"],"line_count":6,"segment_count":8,"osm_way_ids":["4071918","574003412","754018011","754018009","51993232","754018013","754018012","391419000"]},"geometry":{"type":"LineString","coordinates":[[9.1478302,49.9736299],[9.1478884,49.9736066],[9.1479858,49.9735697],[9.1481094,49.9735219],[9.1484194,49.9733895],[9.1486865,49.9732294],[9.1488808,49.9731055],[9.148984,49.9730341],[9.1490513,49.9729891],[9.1490665,49.9729778],[9.1491772,49.9729062],[9.1493811,49.9727639],[9.14996,49.9723509],[9.1500727,49.9722844]]}},{"type":"Feature","properties":{"source":"osm_exact_topology_chain","lines":["1","4","10","12","61","62"],"line_count":6,"segment_count":1,"osm_way_ids":["319150661"]},"geometry":{"type":"LineString","coordinates":[[9.1500727,49.9722844],[9.1500556,49.9722559],[9.1500569,49.9722128],[9.1500858,49.9721738],[9.150137,49.9721459],[9.1502015,49.9721341]]}},{"type":"Feature","properties":{"source":"osm_exact_topology_chain","lines":["1","4","10","12","61","62"],"line_count":6,"segment_count":2,"osm_way_ids":["4082046","319150660"]},"geometry":{"type":"LineString","coordinates":[[9.1500727,49.9722844],[9.1501221,49.9723208],[9.1501733,49.9723356],[9.1502294,49.972338],[9.1502832,49.9723278],[9.1503282,49.9723062],[9.1503619,49.9722704],[9.1503706,49.9722289],[9.1503527,49.9721886],[9.1503112,49.9721563]]}},{"type":"Feature","properties":{"source":"osm_exact_topology_chain","lines":["1","4","10","61","62"],"line_count":5,"segment_count":1,"osm_way_ids":["196186046"]},"geometry":{"type":"LineString","coordinates":[[9.1502015,49.9721341],[9.1502278,49.9720687],[9.1502653,49.9720036],[9.1503941,49.9718983]]}},{"type":"Feature","properties":{"source":"osm_exact_topology_chain","lines":["1","4","10","61","62"],"line_count":5,"segment_count":7,"osm_way_ids":["199041904","525696012","525696006","506394054","525696009","1259629150","292209288"]},"geometry":{"type":"LineString","coordinates":[[9.1503941,49.9718983],[9.1504737,49.9717578],[9.1504974,49.9717158],[9.1507316,49.9713032],[9.1507664,49.9712475],[9.150865,49.9711051],[9.1509201,49.9710255],[9.1509954,49.9709307],[9.1510347,49.9708813],[9.1511191,49.9707918],[9.1511763,49.9707253],[9.1512592,49.970644],[9.1515607,49.9703271],[9.1517374,49.9701558],[9.1519797,49.9699692],[9.1525666,49.9695171],[9.1527675,49.9693414],[9.1528427,49.9692792]]}},{"type":"Feature","properties":{"source":"osm_exact_topology_chain","lines":["1","4","10","61","62"],"line_count":5,"segment_count":2,"osm_way_ids":["967876292","4081891"]},"geometry":{"type":"LineString","coordinates":[[9.1503941,49.9718983],[9.1503468,49.9720252],[9.1503328,49.9720795],[9.1503112,49.9721563]]}},{"type":"Feature","properties":{"source":"osm_exact_topology_chain","lines":["50","OF-85"],"line_count":2,"segment_count":1,"osm_way_ids":["262847440"]},"geometry":{"type":"LineString","coordinates":[[9.0804951,49.987761],[9.0807062,49.9876771],[9.0810398,49.9875672],[9.0817571,49.9873132]]}},{"type":"Feature","properties":{"source":"osm_exact_topology_chain","lines":["50","OF-85"],"line_count":2,"segment_count":2,"osm_way_ids":["762118082","1018398882"]},"geometry":{"type":"LineString","coordinates":[[9.0804951,49.987761],[9.0803752,49.987888],[9.0803056,49.9879616],[9.0802779,49.9880142]]}},{"type":"Feature","properties":{"source":"osm_exact_topology_chain","lines":["50","OF-85"],"line_count":2,"segment_count":2,"osm_way_ids":["262847452","1018398884"]},"geometry":{"type":"LineString","coordinates":[[9.0804951,49.987761],[9.0803258,49.9878293],[9.0802731,49.9878556],[9.080178,49.9879029],[9.080103,49.9879322]]}},{"type":"Feature","properties":{"source":"osm_exact_topology_chain","lines":["50","OF-85"],"line_count":2,"segment_count":1,"osm_way_ids":["199050503"]},"geometry":{"type":"LineString","coordinates":[[9.0799533,49.9881443],[9.079872,49.988132],[9.0797393,49.9881404],[9.0795938,49.9881666],[9.0794377,49.988201]]}},{"type":"Feature","properties":{"source":"osm_exact_topology_chain","lines":["50","OF-85"],"line_count":2,"segment_count":1,"osm_way_ids":["1155391315"]},"geometry":{"type":"LineString","coordinates":[[9.080364,49.9884219],[9.0803001,49.9883366],[9.0802887,49.9883246],[9.0802556,49.9882898],[9.0801911,49.9882356],[9.080161,49.9882141],[9.0801166,49.9881824]]}},{"type":"Feature","properties":{"source":"osm_exact_topology_chain","lines":["50","OF-85"],"line_count":2,"segment_count":1,"osm_way_ids":["262847449"]},"geometry":{"type":"LineString","coordinates":[[9.0802505,49.9879819],[9.0802779,49.9880142],[9.0802897,49.9880501],[9.0802847,49.9880868],[9.0802634,49.9881209],[9.0802254,49.988151],[9.0801748,49.9881722],[9.0801166,49.9881824],[9.0800569,49.9881809],[9.0800007,49.9881677],[9.0799533,49.9881443],[9.0799204,49.9881123],[9.0799058,49.9880777],[9.0799014,49.9880393],[9.0799179,49.9880042],[9.0799495,49.9879736],[9.0799936,49.9879502],[9.0800462,49.987936],[9.080103,49.9879322],[9.0801595,49.9879387],[9.0802109,49.9879563],[9.0802505,49.9879819]]}},{"type":"Feature","properties":{"source":"osm_exact_topology_chain","lines":["31","50","OF-85"],"line_count":3,"segment_count":6,"osm_way_ids":["266888540","561611792","561638559","4482651","44159851","44157348"]},"geometry":{"type":"LineString","coordinates":[[9.0794377,49.988201],[9.0792322,49.9882852],[9.0791122,49.9884111],[9.0790611,49.9884769],[9.0790241,49.9885424],[9.0790011,49.9885968],[9.0789854,49.9886522],[9.0789795,49.9887108],[9.0789455,49.9888663],[9.0790089,49.9890016],[9.0790542,49.9890794],[9.0792817,49.9894168],[9.0795453,49.9897089],[9.0797728,49.9899214],[9.0800446,49.9901417],[9.080306,49.9903074],[9.0805025,49.9903985],[9.0806556,49.9904263],[9.0807829,49.990453],[9.0808684,49.9904539]]}},{"type":"Feature","properties":{"source":"osm_exact_topology_chain","lines":["31","50","OF-85"],"line_count":3,"segment_count":7,"osm_way_ids":["4806039","159475073","59584280","314283705","314283700","671377545","30722917"]},"geometry":{"type":"LineString","coordinates":[[9.0809543,49.9904385],[9.0810173,49.9904005],[9.0811652,49.9902787],[9.0812772,49.9901006],[9.081271,49.9898726],[9.0811341,49.9896785],[9.0810112,49.9895917],[9.0808557,49.9895233],[9.080726,49.9894856],[9.0803733,49.9894153],[9.0797204,49.9894442],[9.0794536,49.989456],[9.0789465,49.9894976],[9.0783526,49.9895795],[9.077739,49.9896951],[9.0770016,49.9898963],[9.0763975,49.9901104],[9.0760903,49.9902384],[9.0757595,49.9903903],[9.0753329,49.9906066],[9.0749204,49.99085],[9.0745679,49.991063],[9.0745005,49.9911037],[9.0743287,49.9911881],[9.0737518,49.991615],[9.0729701,49.9921667]]}},{"type":"Feature","properties":{"source":"osm_exact_topology_chain","lines":["31","50","OF-85"],"line_count":3,"segment_count":3,"osm_way_ids":["36337238","314283707","13636605"]},"geometry":{"type":"LineString","coordinates":[[9.0763098,49.990047],[9.0766351,49.989923],[9.0769523,49.9898121],[9.07731,49.9897054],[9.0776862,49.9896047],[9.078098,49.9895139],[9.0785054,49.9894448],[9.0787957,49.9894035],[9.079119,49.9893683],[9.0794476,49.9893381],[9.0798062,49.9892517],[9.0800316,49.9891934],[9.0801351,49.9891549],[9.080214,49.9891123],[9.0803008,49.9890536],[9.080369,49.9889937],[9.0804343,49.9889168],[9.0804685,49.9888584],[9.0804922,49.9887761],[9.0804937,49.9887005],[9.0804886,49.9886241],[9.0804573,49.9885519],[9.080364,49.9884219]]}},{"type":"Feature","properties":{"source":"osm_exact_topology_chain","lines":["31","50","OF-85"],"line_count":3,"segment_count":1,"osm_way_ids":["4537614"]},"geometry":{"type":"LineString","coordinates":[[9.0810637,49.9904559],[9.0811082,49.9904788],[9.0811455,49.9905154],[9.0811613,49.990558],[9.0811552,49.9905982],[9.0811298,49.9906352],[9.0810878,49.9906652],[9.0810332,49.9906852],[9.0809876,49.9906924],[9.0809406,49.9906925],[9.0808891,49.9906841],[9.080843,49.9906672],[9.0808055,49.990643],[9.0807793,49.9906133],[9.0807664,49.9905807],[9.0807665,49.9905505],[9.0807776,49.9905211],[9.0807993,49.9904943],[9.0808301,49.9904715],[9.0808684,49.9904539],[9.08091,49.9904431],[9.0809543,49.9904385],[9.081011,49.9904421],[9.0810637,49.9904559]]}},{"type":"Feature","properties":{"source":"osm_exact_topology_chain","lines":["31","50"],"line_count":2,"segment_count":1,"osm_way_ids":["38283626"]},"geometry":{"type":"LineString","coordinates":[[9.0727853,49.9923005],[9.0729701,49.9921667]]}},{"type":"Feature","properties":{"source":"osm_exact_topology_chain","lines":["31","50"],"line_count":2,"segment_count":1,"osm_way_ids":["38283627"]},"geometry":{"type":"LineString","coordinates":[[9.0727853,49.9923005],[9.0726965,49.992412],[9.072581,49.9925364],[9.0724873,49.9926917],[9.0724178,49.9928392],[9.0724114,49.9928816],[9.0724377,49.992943]]}},{"type":"Feature","properties":{"source":"osm_exact_topology_chain","lines":["31","50"],"line_count":2,"segment_count":1,"osm_way_ids":["4910819"]},"geometry":{"type":"LineString","coordinates":[[9.0727853,49.9923005],[9.0726354,49.9923898],[9.0725097,49.9925007],[9.0722594,49.9928098],[9.0722062,49.9928756],[9.0721355,49.9929259]]}},{"type":"Feature","properties":{"source":"osm_exact_topology_chain","lines":["31","50"],"line_count":2,"segment_count":1,"osm_way_ids":["199050504"]},"geometry":{"type":"LineString","coordinates":[[9.0724377,49.992943],[9.0724759,49.992964],[9.0725081,49.9929888],[9.0725333,49.9930168],[9.0725509,49.9930471],[9.0725603,49.9930788],[9.0725612,49.9931111],[9.0725536,49.9931431],[9.0725397,49.9931715],[9.0725165,49.9932],[9.0724891,49.9932238],[9.0724564,49.9932446],[9.072419,49.9932619],[9.072378,49.9932753],[9.0723342,49.9932844],[9.0722888,49.9932892],[9.0722427,49.9932893],[9.0721972,49.9932849],[9.0721533,49.993276],[9.0721094,49.9932619],[9.0720697,49.9932433],[9.0720353,49.9932208],[9.0720072,49.9931949],[9.071986,49.9931664],[9.0719724,49.9931361],[9.071967,49.9931083],[9.0719679,49.9930802],[9.0719753,49.9930525],[9.0719889,49.9930258],[9.0720084,49.9930007],[9.0720334,49.9929777],[9.0720633,49.9929573],[9.0720976,49.9929399],[9.0721355,49.9929259],[9.0721771,49.9929155],[9.0722206,49.9929092],[9.0722651,49.9929071],[9.0723096,49.9929094],[9.072353,49.9929158],[9.07239,49.9929255],[9.0724377,49.992943]]}},{"type":"Feature","properties":{"source":"osm_exact_topology_chain","lines":["31","50"],"line_count":2,"segment_count":2,"osm_way_ids":["38455848","57850008"]},"geometry":{"type":"LineString","coordinates":[[9.0721533,49.993276],[9.0720361,49.9932808],[9.0719164,49.9933],[9.0717438,49.9933403],[9.0715759,49.9933888],[9.0713825,49.9934534],[9.0712669,49.9934976],[9.0711621,49.9935419],[9.0709554,49.9936135]]}},{"type":"Feature","properties":{"source":"osm_exact_topology_chain","lines":["31","50"],"line_count":2,"segment_count":8,"osm_way_ids":["1365580350","7971713","169605384","1365580349","1365580338","1365580347","1365580348","4910746"]},"geometry":{"type":"LineString","coordinates":[[9.0709554,49.9936135],[9.0707591,49.993731],[9.0705656,49.9938572],[9.0703607,49.9940037],[9.0703088,49.9940408],[9.0702566,49.9940781],[9.0701039,49.9941883],[9.0700336,49.9942391],[9.0699695,49.9942853],[9.0698881,49.9943441],[9.0697084,49.9944737],[9.069664,49.9945058],[9.0695624,49.9945791]]}},{"type":"Feature","properties":{"source":"osm_exact_topology_chain","lines":["31","50"],"line_count":2,"segment_count":3,"osm_way_ids":["1365580351","4061590","38455849"]},"geometry":{"type":"LineString","coordinates":[[9.0709554,49.9936135],[9.0711062,49.9935024],[9.0711563,49.9934748],[9.0712061,49.9934519],[9.071376,49.9933805],[9.071512,49.9933333],[9.0716224,49.9932996],[9.071851,49.9932205],[9.0719231,49.9931846],[9.0719724,49.9931361]]}},{"type":"Feature","properties":{"source":"osm_exact_topology_chain","lines":["31","50"],"line_count":2,"segment_count":3,"osm_way_ids":["555505746","723032549","199054707"]},"geometry":{"type":"LineString","coordinates":[[9.0526344,50.0138328],[9.0523979,50.0142592],[9.0521295,50.0147358],[9.050146,50.0182826],[9.0495942,50.0192693],[9.0493038,50.0197886],[9.0491588,50.0200412],[9.0490971,50.0201795],[9.0490693,50.0202602],[9.0490533,50.0203386]]}},{"type":"Feature","properties":{"source":"osm_exact_topology_chain","lines":["31","50"],"line_count":2,"segment_count":1,"osm_way_ids":["45177829"]},"geometry":{"type":"LineString","coordinates":[[9.0490533,50.0203386],[9.0490666,50.0204032],[9.0490762,50.0204571],[9.049093,50.0206002],[9.0491095,50.0206519],[9.0491805,50.020686]]}},{"type":"Feature","properties":{"source":"osm_exact_topology_chain","lines":["31","50"],"line_count":2,"segment_count":1,"osm_way_ids":["45177828"]},"geometry":{"type":"LineString","coordinates":[[9.0490533,50.0203386],[9.049021,50.0204085],[9.0490064,50.0204587],[9.0489901,50.0206463],[9.0489952,50.0206993]]}},{"type":"Feature","properties":{"source":"osm_exact_topology_chain","lines":["31","50"],"line_count":2,"segment_count":1,"osm_way_ids":["199059864"]},"geometry":{"type":"LineString","coordinates":[[9.0491805,50.020686],[9.0492246,50.0206979],[9.0492641,50.0207152],[9.0492973,50.0207373],[9.049323,50.0207633],[9.0493399,50.0207921],[9.0493475,50.0208224],[9.0493453,50.0208531],[9.0493296,50.0208896],[9.0493003,50.0209224],[9.0492592,50.0209495],[9.049206,50.0209701],[9.0491462,50.0209811],[9.049084,50.0209816],[9.0490238,50.0209717],[9.0489726,50.0209534],[9.0489299,50.0209276],[9.0488985,50.0208958],[9.0488783,50.0208526],[9.0488788,50.0208074],[9.0489,50.0207644],[9.04894,50.0207272],[9.0489952,50.0206993],[9.049039,50.0206869],[9.0490857,50.0206804],[9.0491335,50.0206801],[9.0491805,50.020686]]}},{"type":"Feature","properties":{"source":"osm_exact_topology_chain","lines":["31","50"],"line_count":2,"segment_count":1,"osm_way_ids":["7971910"]},"geometry":{"type":"LineString","coordinates":[[9.0490238,50.0209717],[9.0488619,50.0210345],[9.0485576,50.0212173]]}},{"type":"Feature","properties":{"source":"osm_exact_topology_chain","lines":["31","50"],"line_count":2,"segment_count":1,"osm_way_ids":["45177830"]},"geometry":{"type":"LineString","coordinates":[[9.0485576,50.0212173],[9.048495,50.0213068],[9.048139,50.021968]]}},{"type":"Feature","properties":{"source":"osm_exact_topology_chain","lines":["31","50"],"line_count":2,"segment_count":1,"osm_way_ids":["45177831"]},"geometry":{"type":"LineString","coordinates":[[9.0485576,50.0212173],[9.0486976,50.0210592],[9.0488985,50.0208958]]}},{"type":"Feature","properties":{"source":"osm_exact_topology_chain","lines":["31","50"],"line_count":2,"segment_count":1,"osm_way_ids":["45177946"]},"geometry":{"type":"LineString","coordinates":[[9.048139,50.021968],[9.0480494,50.022202],[9.0480444,50.0222403],[9.0480448,50.0222707]]}},{"type":"Feature","properties":{"source":"osm_exact_topology_chain","lines":["31","50"],"line_count":2,"segment_count":1,"osm_way_ids":["45177945"]},"geometry":{"type":"LineString","coordinates":[[9.048139,50.021968],[9.0479777,50.0221592],[9.0479464,50.0221852],[9.0478683,50.0222248]]}},{"type":"Feature","properties":{"source":"osm_exact_topology_chain","lines":["31","50"],"line_count":2,"segment_count":1,"osm_way_ids":["199059863"]},"geometry":{"type":"LineString","coordinates":[[9.0478845,50.0225235],[9.0478345,50.022521],[9.0477865,50.0225118],[9.0477427,50.0224961],[9.0477051,50.0224748],[9.0476798,50.0224534],[9.0476609,50.0224295],[9.047649,50.0224037],[9.0476444,50.0223701],[9.0476517,50.0223368],[9.0476705,50.0223053],[9.0476997,50.0222773],[9.0477345,50.022256],[9.0477754,50.0222397],[9.0478207,50.0222291],[9.0478683,50.0222248],[9.0479172,50.0222269],[9.0479642,50.0222356],[9.0480074,50.0222504],[9.0480448,50.0222707],[9.0480773,50.0222981],[9.048099,50.0223296],[9.048109,50.0223635],[9.0481066,50.0223979],[9.0480921,50.0224309],[9.0480663,50.0224609],[9.0480306,50.0224863],[9.0479868,50.0225058],[9.0479372,50.0225184],[9.0478845,50.0225235]]}},{"type":"Feature","properties":{"source":"osm_exact_topology_chain","lines":["31","50"],"line_count":2,"segment_count":1,"osm_way_ids":["4006224"]},"geometry":{"type":"LineString","coordinates":[[9.0478845,50.0225235],[9.0478138,50.0225812],[9.0477756,50.0226273],[9.0476392,50.022805]]}},{"type":"Feature","properties":{"source":"osm_exact_topology_chain","lines":["31","50"],"line_count":2,"segment_count":11,"osm_way_ids":["643060924","370359459","1537162849","370359466","370359467","370359469","370359470","370359478","370359476","766849966","45177943"]},"geometry":{"type":"LineString","coordinates":[[9.0476392,50.022805],[9.0475646,50.022942],[9.0467933,50.0243345],[9.0466859,50.024543],[9.0463817,50.0250729],[9.0461437,50.0254577],[9.0460253,50.0256695],[9.0458755,50.0259376],[9.0457975,50.0260813],[9.0455608,50.0264598],[9.0452399,50.0268983],[9.0448724,50.0273073],[9.0447558,50.0274478],[9.0445279,50.0276968],[9.0436409,50.0286912],[9.0423391,50.0302053],[9.0420822,50.0304798],[9.0416913,50.0309358],[9.0413031,50.0313763],[9.0405789,50.0321884],[9.0401102,50.032716],[9.0391753,50.0337877],[9.0384033,50.0346727]]}},{"type":"Feature","properties":{"source":"osm_exact_topology_chain","lines":["31","50"],"line_count":2,"segment_count":1,"osm_way_ids":["45177944"]},"geometry":{"type":"LineString","coordinates":[[9.0476392,50.022805],[9.0477007,50.0225679],[9.0477091,50.0225271],[9.0477051,50.0224748]]}},{"type":"Feature","properties":{"source":"osm_exact_topology_chain","lines":["31","50"],"line_count":2,"segment_count":1,"osm_way_ids":["139504035"]},"geometry":{"type":"LineString","coordinates":[[9.0384033,50.0346727],[9.0383616,50.0347396],[9.0382255,50.0349277],[9.0382022,50.0349772],[9.0382035,50.0350175]]}},{"type":"Feature","properties":{"source":"osm_exact_topology_chain","lines":["31","50"],"line_count":2,"segment_count":1,"osm_way_ids":["139504034"]},"geometry":{"type":"LineString","coordinates":[[9.0384033,50.0346727],[9.0382678,50.0347927],[9.0380916,50.0349376],[9.0380229,50.0349805]]}},{"type":"Feature","properties":{"source":"osm_exact_topology_chain","lines":["31","50"],"line_count":2,"segment_count":1,"osm_way_ids":["206817192"]},"geometry":{"type":"LineString","coordinates":[[9.0378297,50.0351689],[9.0378203,50.0351299],[9.0378255,50.0350953],[9.0378432,50.0350625],[9.0378724,50.0350333],[9.0379115,50.0350092],[9.0379582,50.0349917],[9.0380229,50.0349805],[9.0380717,50.0349802],[9.0381194,50.0349865],[9.038164,50.0349991],[9.0382035,50.0350175],[9.0382401,50.0350447],[9.0382654,50.0350768],[9.0382773,50.035109],[9.0382778,50.0351421],[9.0382667,50.0351744],[9.0382447,50.0352044],[9.0382129,50.0352304],[9.0381728,50.0352512],[9.0381217,50.0352667],[9.0380662,50.0352738],[9.0380097,50.0352719],[9.0379611,50.0352628],[9.0379168,50.035247],[9.037879,50.0352253],[9.0378495,50.0351988],[9.0378297,50.0351689]]}},{"type":"Feature","properties":{"source":"osm_exact_topology_chain","lines":["31","50"],"line_count":2,"segment_count":1,"osm_way_ids":["139504038"]},"geometry":{"type":"LineString","coordinates":[[9.0378297,50.0351689],[9.0378334,50.0352122],[9.0378253,50.0352557],[9.0377415,50.0353504],[9.0376128,50.0354917],[9.0372213,50.0359261],[9.0370663,50.0360981],[9.0370227,50.0361869]]}},{"type":"Feature","properties":{"source":"osm_exact_topology_chain","lines":["31","50"],"line_count":2,"segment_count":2,"osm_way_ids":["139504044","1080641180"]},"geometry":{"type":"LineString","coordinates":[[9.0380097,50.0352719],[9.0379574,50.0352863],[9.0379212,50.0353039],[9.037824,50.0353815],[9.0374485,50.0357919],[9.0372994,50.0359499],[9.0372593,50.0359925],[9.0371323,50.0361242],[9.0370227,50.0361869]]}},{"type":"Feature","properties":{"source":"osm_exact_topology_chain","lines":["31","50"],"line_count":2,"segment_count":1,"osm_way_ids":["767903587"]},"geometry":{"type":"LineString","coordinates":[[9.0370227,50.0361869],[9.0369545,50.0362625]]}},{"type":"Feature","properties":{"source":"osm_exact_topology_chain","lines":["31","50"],"line_count":2,"segment_count":2,"osm_way_ids":["5059296","648626106"]},"geometry":{"type":"LineString","coordinates":[[9.0743287,49.9911881],[9.074436,49.9910751],[9.0746752,49.9909051],[9.0749997,49.990685],[9.0754023,49.9904609],[9.075819,49.9902578],[9.0763098,49.990047]]}},{"type":"Feature","properties":{"source":"osm_exact_topology_chain","lines":["31","50","566"],"line_count":3,"segment_count":3,"osm_way_ids":["139504039","370359451","330649046"]},"geometry":{"type":"LineString","coordinates":[[9.0369545,50.0362625],[9.0362825,50.0370187],[9.0360871,50.0372415],[9.0357976,50.0375841],[9.0355153,50.0378879],[9.0352709,50.0381415]]}},{"type":"Feature","properties":{"source":"osm_exact_topology_chain","lines":["31","32","50","566"],"line_count":4,"segment_count":8,"osm_way_ids":["199338226","370359471","1262088635","1262088634","370359457","370359452","370359477","463277009"]},"geometry":{"type":"LineString","coordinates":[[9.0352709,50.0381415],[9.0350664,50.0383637],[9.0343787,50.0391528],[9.0343399,50.0391954],[9.0338876,50.0396818],[9.033734,50.0398078],[9.0334655,50.0399821],[9.0328853,50.0404043],[9.03264,50.040569],[9.0325231,50.0406475],[9.0322917,50.0408108],[9.0322048,50.0408721],[9.0318003,50.0411461]]}},{"type":"Feature","properties":{"source":"osm_exact_topology_chain","lines":["32","50","566"],"line_count":3,"segment_count":11,"osm_way_ids":["199074200","370359462","370359465","514049069","370359464","370359454","370359456","28140909","450636762","295139887","88035910"]},"geometry":{"type":"LineString","coordinates":[[9.0318003,50.0411461],[9.0309465,50.0417032],[9.0308421,50.0417713],[9.0304185,50.042027],[9.0302283,50.042133],[9.0299571,50.0422844],[9.0293164,50.0426433],[9.0288803,50.0428777],[9.0273485,50.0437214],[9.0265615,50.0441518],[9.0261428,50.0443807],[9.0260075,50.0444576],[9.0252784,50.0448649],[9.0249644,50.0450407],[9.0245125,50.045284],[9.0242065,50.045465],[9.0241003,50.0455233],[9.0238337,50.0456761],[9.0236642,50.0457785],[9.0230619,50.0461283],[9.022944,50.0461947],[9.0226813,50.0463302],[9.0223375,50.0465103],[9.0222935,50.0465332],[9.0220117,50.0466956],[9.0217756,50.0468586],[9.0215775,50.0470382],[9.0213403,50.0472956],[9.0212096,50.0474375],[9.0209659,50.0477452],[9.0208104,50.0477507],[9.0206975,50.0477528],[9.0202908,50.0477617],[9.0200226,50.0477704],[9.017822,50.0478608],[9.0168365,50.0478863],[9.0162836,50.047909],[9.0160229,50.0479126],[9.0149901,50.0479468],[9.0144647,50.0479485],[9.0138993,50.0479163],[9.0132029,50.0479044],[9.0124383,50.0479272],[9.0123332,50.0479296],[9.01117,50.0479268],[9.0107287,50.0479217],[9.0104132,50.0479255],[9.0101146,50.0479346],[9.0099377,50.0479412],[9.009615,50.0479533],[9.0089246,50.0479832],[9.0087363,50.0479836],[9.0085241,50.0479764]]}},{"type":"Feature","properties":{"source":"osm_exact_topology_chain","lines":["32","50","566"],"line_count":3,"segment_count":26,"osm_way_ids":["463277012","35936229","85190232","85190261","26027960","26560227","26560226","1385606317","1386034181","32623437","48465895","361042625","48465892","1456465956","1456465955","47131344","26176533","26176534","361042654","1387089599","25723881","25785939","25785940","50294601","41414822","26366749"]},"geometry":{"type":"LineString","coordinates":[[8.995133,50.0526059],[8.9951177,50.0530451],[8.995013,50.0532205],[8.9954349,50.0541351],[8.9954653,50.0543076],[8.9954368,50.0544925],[8.99537,50.0546657],[8.9951541,50.0550645],[8.9949195,50.0555001],[8.9949073,50.0555226],[8.994855,50.0556199],[8.9948201,50.0556974],[8.9947973,50.0557749],[8.9947772,50.0558679],[8.9947721,50.0559669],[8.9947808,50.056108],[8.9947869,50.0562071],[8.9948565,50.0563874],[8.9950151,50.0566524],[8.9952067,50.0568393],[8.995669,50.0572486],[8.9963384,50.0578918],[8.9965204,50.0580991],[8.9967417,50.0583805],[8.9967705,50.0584207],[8.9970234,50.058756],[8.997125,50.058899],[8.9972246,50.0590439],[8.9976439,50.0596658],[8.997855,50.0599653],[8.998183,50.0604465],[8.9983172,50.0604234],[8.9990535,50.060405],[8.9993403,50.0604012],[8.9996188,50.0604753],[9.0002726,50.0607063],[9.0005585,50.0608066],[9.0009851,50.0609761],[9.0016255,50.0612596],[9.0022056,50.0615323],[9.0028239,50.061804],[9.0035642,50.0621286],[9.0038291,50.0622518],[9.0041819,50.0624392],[9.0049976,50.0628016],[9.0051978,50.062832],[9.0052893,50.0628459],[9.0051657,50.0633127],[9.0051646,50.0633244],[9.0052461,50.0634052],[9.0052527,50.0635307],[9.0052416,50.0636075],[9.0052377,50.0636217],[9.0051274,50.0637375],[9.0051294,50.063802],[9.0051447,50.0639245],[9.0051765,50.0641484],[9.0053002,50.0646332],[9.0055825,50.0656652],[9.0056043,50.0657697],[9.005778,50.0664287],[9.006031,50.067395],[9.0060502,50.0674659],[9.0060711,50.0675364],[9.0060864,50.0675765],[9.0061034,50.067613],[9.0061455,50.0676753],[9.0062442,50.067772],[9.0063436,50.0678735],[9.0064982,50.0680474],[9.0065409,50.0681124],[9.0065595,50.0681583],[9.0065636,50.0681951],[9.0065621,50.0682213],[9.0065608,50.0682429],[9.0065536,50.0682776],[9.0065257,50.0683291],[9.0064786,50.0684047],[9.0064432,50.0684573],[9.0063557,50.068579],[9.0063301,50.0686147],[9.0062568,50.0686818],[9.0062129,50.0687275],[9.0061049,50.0688739],[9.0059785,50.0690743],[9.0059442,50.0691248],[9.005831,50.0692916],[9.0057679,50.0693778],[9.0056949,50.0694809],[9.0056307,50.069565],[9.0052465,50.0700948],[9.0051641,50.0701846],[9.0050912,50.0702875],[9.0049538,50.0704619],[9.0047156,50.0707942],[9.0046153,50.0709082],[9.0042718,50.0713737],[9.0041426,50.0715434],[9.0040246,50.0717062],[9.0039107,50.0718574],[9.0038056,50.0720018],[9.0035769,50.0723099],[9.0035226,50.0723778],[9.003596,50.0723968],[9.0036916,50.0724237],[9.0038348,50.072464],[9.0038006,50.0725869],[9.0036873,50.0732975],[9.0036677,50.0734323],[9.003537,50.0742939],[9.0034324,50.0749507],[9.0033451,50.0754952],[9.0033264,50.0756186],[9.0032595,50.0760416],[9.0033121,50.0760461],[9.0033831,50.0760523],[9.003465,50.0760662],[9.0045475,50.0764275],[9.0047792,50.0765047],[9.0048167,50.0765172]]}},{"type":"Feature","properties":{"source":"osm_exact_topology_chain","lines":["32","50","566"],"line_count":3,"segment_count":1,"osm_way_ids":["39435489"]},"geometry":{"type":"LineString","coordinates":[[9.0048167,50.0765172],[9.0048648,50.0765101],[9.0049215,50.0764914],[9.0051481,50.0763447]]}},{"type":"Feature","properties":{"source":"osm_exact_topology_chain","lines":["32","50","566"],"line_count":3,"segment_count":2,"osm_way_ids":["25851114","487656054"]},"geometry":{"type":"LineString","coordinates":[[9.0048167,50.0765172],[9.0048287,50.0765666],[9.0049156,50.0765634],[9.0049655,50.0765544]]}},{"type":"Feature","properties":{"source":"osm_exact_topology_chain","lines":["32","50"],"line_count":2,"segment_count":8,"osm_way_ids":["27154420","295139886","199074202","27242255","27242257","213573941","548692051","65354505"]},"geometry":{"type":"LineString","coordinates":[[9.0085241,50.0479764],[9.0083532,50.047965],[9.0082091,50.0479467],[9.007957,50.0479093],[9.0076802,50.0478617],[9.0075074,50.047832],[9.0058487,50.047547],[9.0057122,50.0475265],[9.005291,50.0474609],[9.004342,50.0472667],[9.0039257,50.0471866],[9.0028556,50.0469854],[9.002717,50.0469602],[9.0020843,50.0468453],[9.0020259,50.046835],[9.001268,50.0466581],[9.0000124,50.0463799],[8.9996421,50.0462978],[8.9990149,50.0461656],[8.9989014,50.0461556],[8.998779,50.0461724],[8.9986727,50.0462035],[8.998562,50.0462374],[8.9984803,50.0462675],[8.998426,50.046218],[8.9983314,50.0461445],[8.9981149,50.0460133],[8.9979816,50.0459503],[8.9978432,50.0458992],[8.9971817,50.0457347],[8.9968664,50.045682],[8.9964759,50.0456167],[8.996396,50.0456033],[8.9960951,50.0455646],[8.9949251,50.0454002],[8.9937238,50.0452376],[8.9920988,50.0450518],[8.9918234,50.0450198],[8.9913871,50.0449692],[8.9911363,50.0449401],[8.9908264,50.0449041],[8.9902289,50.0448436],[8.9897107,50.0447955],[8.9896624,50.044791],[8.9888045,50.0447114],[8.9875468,50.0445947],[8.9872782,50.0445675],[8.9869239,50.0445366],[8.9858579,50.044487],[8.9842803,50.0444135],[8.9839867,50.0443821],[8.9838548,50.0443678],[8.9833923,50.0442953],[8.9827093,50.0441808],[8.9824761,50.0441447],[8.9823675,50.0441306],[8.9823014,50.044125],[8.9822422,50.0441224],[8.9821528,50.0441223],[8.9820688,50.0441256],[8.9819873,50.0441325],[8.9819085,50.0441447],[8.9818468,50.0441574],[8.9817738,50.0441774],[8.9816951,50.0442037],[8.9816381,50.0442288],[8.9816253,50.0442344],[8.9815426,50.0442743],[8.9814688,50.0443207],[8.9813395,50.0444046],[8.9812133,50.0444918],[8.9814907,50.0447198],[8.9815667,50.0447815],[8.9817984,50.0449694],[8.9820278,50.0451382],[8.9822036,50.0452595],[8.9824425,50.045431],[8.9827079,50.0456381],[8.983082,50.0459371],[8.9837845,50.046495],[8.9844545,50.0469212],[8.9845435,50.0469761],[8.9853675,50.0474848],[8.986346,50.0480749],[8.9868437,50.048547],[8.9869478,50.0486416],[8.9875064,50.0492119],[8.9881032,50.0498706],[8.9882366,50.0500977],[8.9883788,50.0501925],[8.9887384,50.0502132],[8.988968,50.0502341],[8.9896008,50.0502883],[8.9917829,50.0504751],[8.9920135,50.0505069],[8.9922931,50.0505572],[8.9926687,50.0506679],[8.9928638,50.0507421],[8.9931342,50.050874],[8.9934675,50.0511001],[8.9937482,50.0513559],[8.9944352,50.0520511],[8.994652,50.0522247],[8.9949151,50.0523459],[8.9950535,50.0523949],[8.995133,50.0526059]]}},{"type":"Feature","properties":{"source":"osm_exact_topology_chain","lines":["32","50"],"line_count":2,"segment_count":1,"osm_way_ids":["24407637"]},"geometry":{"type":"LineString","coordinates":[[9.0051274,50.0637375],[9.0050445,50.0636543],[9.0050406,50.0635441],[9.0050562,50.0634667],[9.0051646,50.0633244]]}},{"type":"Feature","properties":{"source":"osm_exact_topology_chain","lines":["1","2","3","4","5","6","7","8","9","10","11","12","14","15","16","20","21","23","24","25","31","33","40","41","42","43","44","45","47","50","55","60","61","62","63","BG2","BG3","OF-85"],"line_count":38,"segment_count":1,"osm_way_ids":["38564842"]},"geometry":{"type":"LineString","coordinates":[[9.1413126,49.9800268],[9.1419764,49.9800083]]}},{"type":"Feature","properties":{"source":"osm_exact_topology_chain","lines":["6","53","54","55","60","BG2","BG3"],"line_count":7,"segment_count":1,"osm_way_ids":["38564839"]},"geometry":{"type":"LineString","coordinates":[[9.1405764,49.980049],[9.1409338,49.9800393]]}},{"type":"Feature","properties":{"source":"osm_exact_topology_chain","lines":["6","53","54","55","60","BG2","BG3"],"line_count":7,"segment_count":13,"osm_way_ids":["30412360","314277829","768392968","967545246","136617147","104154361","104154372","136617144","322216578","136617148","967545248","314277823","314277818"]},"geometry":{"type":"LineString","coordinates":[[9.1373223,49.9717121],[9.1372041,49.9716216],[9.1371018,49.9714936],[9.1370788,49.9713708],[9.1370538,49.9712349],[9.1370181,49.9710252],[9.1370009,49.9709245],[9.1369705,49.9707649],[9.136895,49.9704959],[9.1367807,49.9702277],[9.1366343,49.9699255],[9.136364,49.9694682],[9.1362675,49.9693049],[9.136155,49.969123],[9.1360448,49.9689511],[9.1358539,49.9686739],[9.1353599,49.9678823],[9.1352056,49.9676876],[9.1350926,49.9675357],[9.1348794,49.967267],[9.1348181,49.9671904],[9.1345315,49.9668291],[9.1342196,49.9664895],[9.1341251,49.9663906],[9.1335037,49.9658121],[9.1332346,49.965583]]}},{"type":"Feature","properties":{"source":"osm_exact_topology_chain","lines":["3","6","53","54","55","60","BG2","BG3"],"line_count":8,"segment_count":10,"osm_way_ids":["4817731","51994570","461873398","51994573","461947376","44065890","206977032","314277827","768392967","30412070"]},"geometry":{"type":"LineString","coordinates":[[9.1476313,49.9735788],[9.1475953,49.9735462],[9.1475443,49.9735002],[9.1474525,49.9734223],[9.1471794,49.9732247],[9.1471334,49.973196],[9.1469555,49.973085],[9.1468398,49.9730153],[9.1464926,49.9728171],[9.1464049,49.9727731],[9.1463277,49.972732],[9.146192,49.9726639],[9.144792,49.9719489],[9.1447135,49.9719129],[9.1444049,49.9717716],[9.144192,49.971703],[9.1440028,49.9716667],[9.1438118,49.9716458],[9.1437426,49.9716424],[9.1434283,49.9716218],[9.1431991,49.9716208],[9.1430121,49.9716259],[9.1428378,49.9716453],[9.1426521,49.9716794],[9.1422227,49.9717579],[9.1421134,49.9717725],[9.1420367,49.9717783],[9.1385364,49.9718968],[9.1381633,49.9719008],[9.1380098,49.9718955],[9.137853,49.9718788],[9.1377764,49.9718666],[9.1376005,49.9718275],[9.1374947,49.9717947],[9.1373223,49.9717121]]}},{"type":"Feature","properties":{"source":"osm_exact_topology_chain","lines":["53","54","55","60","BG2","BG3"],"line_count":6,"segment_count":30,"osm_way_ids":["30473096","314277821","314277820","130668856","667642629","359656771","314277825","314277828","314277824","123896437","123896438","123624500","91974677","23136634","314277819","314277826","144942722","321799131","359656782","144942728","359656777","359656767","605859664","314143352","314143351","306807007","314143353","314143354","91974679","211110966"]},"geometry":{"type":"LineString","coordinates":[[9.1332346,49.965583],[9.1329043,49.9653203],[9.1320712,49.9647314],[9.1307006,49.9637878],[9.1296693,49.9630589],[9.1295281,49.9629528],[9.1294961,49.9629294],[9.1293801,49.9628435],[9.1293218,49.9628048],[9.1292382,49.9627478],[9.1291761,49.9627055],[9.1291599,49.9626937],[9.1288717,49.962501],[9.128402,49.9621618],[9.1274653,49.9614977],[9.1268871,49.9610971],[9.1260356,49.9604947],[9.1252427,49.9599529],[9.1248094,49.9596589],[9.1245464,49.9594799],[9.1244962,49.959447],[9.1242817,49.9592953],[9.1241406,49.9592012],[9.1239921,49.9590982],[9.1233032,49.9586161],[9.1230617,49.9584489],[9.1228135,49.9582754],[9.1216689,49.9574904],[9.121044,49.9570744],[9.1208976,49.9569833],[9.1207333,49.9568678],[9.1206275,49.9567935],[9.1205713,49.9567542],[9.1203774,49.9566189],[9.1201996,49.9564949],[9.1201369,49.956453],[9.1199434,49.9563126],[9.1197988,49.9562223],[9.1186184,49.9553963],[9.1183638,49.9552292],[9.118087,49.9550475],[9.1177281,49.9548319],[9.1171918,49.9545536],[9.1160569,49.9540233],[9.1151074,49.9535776],[9.1144905,49.9532498],[9.1143452,49.9531726],[9.1143252,49.9531612],[9.1143099,49.9531524],[9.1126037,49.952245],[9.1111303,49.9514624],[9.1104522,49.9511036],[9.1103716,49.9510609],[9.1102328,49.950982],[9.1099214,49.9508051],[9.1097941,49.9507327],[9.1093744,49.950509],[9.1091731,49.9504069],[9.1078719,49.9497393],[9.1073479,49.9494705],[9.1072893,49.9494404],[9.1070883,49.9493361],[9.1070351,49.9493082],[9.1069496,49.9492653],[9.1068234,49.9492035],[9.1067333,49.9491587],[9.1065268,49.9490562],[9.1055438,49.9485291],[9.1052451,49.9483684],[9.1030902,49.947209],[9.102655,49.9469708],[9.1025087,49.9468907],[9.1022609,49.9467548],[9.1017306,49.9464772],[9.1009877,49.9460905],[9.1006342,49.9458748],[9.1003264,49.9456532],[9.0998195,49.9452302],[9.0996578,49.9450984],[9.0994514,49.9449535],[9.0991484,49.9447237],[9.0990408,49.9446421],[9.0988551,49.9445041],[9.098677,49.9443718],[9.0983539,49.9441318],[9.0982323,49.9440437],[9.0976902,49.943633],[9.0961316,49.9423947],[9.0953064,49.9417391],[9.094676,49.9412469],[9.0944472,49.9410585]]}},{"type":"Feature","properties":{"source":"osm_exact_topology_chain","lines":["53","54","55","BG2","BG3"],"line_count":5,"segment_count":21,"osm_way_ids":["144828178","211110968","314143350","105581749","120580956","120580957","105581746","4565976","4565977","120580954","120580955","105581748","105581745","666237135","480954429","49601937","894369463","480953594","480953549","666237134","313139149"]},"geometry":{"type":"LineString","coordinates":[[9.0944472,49.9410585],[9.094195,49.9408501],[9.0935176,49.9402974],[9.0929014,49.9397944],[9.0926348,49.939588],[9.092551,49.9395207],[9.092276,49.9392582],[9.0919963,49.9389903],[9.0917908,49.9387649],[9.091663,49.9386113],[9.0915244,49.9384127],[9.0913916,49.9381947],[9.0912748,49.9379728],[9.0911974,49.937802],[9.0911325,49.9376397],[9.0909019,49.9369933],[9.0908101,49.9367343],[9.0907738,49.9366319],[9.0907437,49.936562],[9.0907148,49.9365004],[9.0906232,49.9363053],[9.0902971,49.9357719],[9.0900476,49.9354022],[9.0898532,49.9351139],[9.0892973,49.9343103],[9.0886986,49.9335014],[9.0880426,49.9326353],[9.0874705,49.9318705],[9.0871152,49.9314083],[9.0867991,49.9310274],[9.0865775,49.9307783],[9.0863016,49.9305306],[9.0861825,49.9304365],[9.0859216,49.9302446],[9.0856106,49.9300456],[9.0851882,49.929818],[9.0848342,49.9296509],[9.0843654,49.9294655],[9.0840054,49.9293552],[9.0836413,49.9292586],[9.0832466,49.9291665],[9.0830976,49.9291388],[9.0829078,49.9291102]]}},{"type":"Feature","properties":{"source":"osm_exact_topology_chain","lines":["53","55","BG1","BG2"],"line_count":4,"segment_count":8,"osm_way_ids":["140268427","7974877","673505869","195518442","673505875","673505870","1076250223","673505868"]},"geometry":{"type":"LineString","coordinates":[[9.0740257,49.9219786],[9.0740506,49.9218246],[9.0738903,49.9217622],[9.0734129,49.9215423],[9.073244,49.9215006],[9.0730543,49.9214896],[9.0729496,49.9214862],[9.0724881,49.9214899],[9.072101,49.9215078],[9.0708255,49.9215555],[9.070632,49.9215696],[9.0705584,49.9215749],[9.0698356,49.9216479],[9.0697792,49.9216524],[9.0695458,49.9216712],[9.0690737,49.9216098],[9.0688424,49.9215717],[9.0687512,49.9215567],[9.0683973,49.9214785],[9.068176,49.9214297],[9.0678498,49.9213576],[9.0674737,49.9213093],[9.0674297,49.921304],[9.0670881,49.9212628],[9.0667384,49.9212311],[9.0654371,49.9211683],[9.0650933,49.921154],[9.0648112,49.921146],[9.06466,49.9211421],[9.0641925,49.9211407],[9.0635134,49.9211513],[9.0628846,49.9211707],[9.0594037,49.9213112],[9.059359,49.9213132]]}},{"type":"Feature","properties":{"source":"osm_exact_topology_chain","lines":["53","55","BG1","BG2"],"line_count":4,"segment_count":1,"osm_way_ids":["77352780"]},"geometry":{"type":"LineString","coordinates":[[9.059359,49.9213132],[9.0589257,49.9213767],[9.0588397,49.9214115]]}},{"type":"Feature","properties":{"source":"osm_exact_topology_chain","lines":["53","55","BG1","BG2"],"line_count":4,"segment_count":1,"osm_way_ids":["77348120"]},"geometry":{"type":"LineString","coordinates":[[9.059359,49.9213132],[9.0591204,49.921302],[9.0590142,49.9212986],[9.0589059,49.9212861],[9.0588294,49.9212694]]}},{"type":"Feature","properties":{"source":"osm_exact_topology_chain","lines":["53","55","BG1","BG2"],"line_count":4,"segment_count":1,"osm_way_ids":["77348122"]},"geometry":{"type":"LineString","coordinates":[[9.0588616,49.9213643],[9.0588397,49.9214115],[9.0588165,49.9214356],[9.0587865,49.9214564],[9.058721,49.9214826],[9.0586457,49.9214932],[9.0585692,49.9214871],[9.0585002,49.921465],[9.0584466,49.9214293],[9.0584162,49.921388],[9.058407,49.9213427],[9.0584198,49.9212978],[9.0584515,49.9212593],[9.0584994,49.9212284],[9.058556,49.9212087],[9.0586189,49.9212],[9.058683,49.9212029],[9.0587406,49.9212162],[9.0587906,49.921239],[9.0588294,49.9212694],[9.058858,49.9213151],[9.0588616,49.9213643]]}},{"type":"Feature","properties":{"source":"osm_exact_topology_chain","lines":["54","55","BG3"],"line_count":3,"segment_count":11,"osm_way_ids":["1016983787","1256617427","687667309","526912033","33038346","162958490","449182825","547655330","547655328","162958489","24691121"]},"geometry":{"type":"LineString","coordinates":[[9.0625628,49.9128491],[9.0625996,49.9125852],[9.0625946,49.912552],[9.0625954,49.9124356],[9.0625436,49.91232],[9.0624715,49.9121954],[9.0622598,49.9120044],[9.0622289,49.9119756],[9.0622002,49.9119465],[9.0619832,49.9117286],[9.0618581,49.9115462],[9.0617255,49.9112766],[9.0616846,49.9111876],[9.0616108,49.9110385],[9.0614051,49.9108044],[9.0612125,49.9106158],[9.0609389,49.9103728],[9.0605697,49.9100332],[9.0604105,49.9098881],[9.0604082,49.909886],[9.0603844,49.9098646],[9.0602198,49.9097182],[9.060088,49.9096032],[9.060071,49.9095888],[9.059892,49.9094378],[9.0595654,49.9091481],[9.0594618,49.9090588],[9.0593529,49.9089465],[9.0593328,49.908892],[9.0593287,49.9088465],[9.05934,49.9087855],[9.059346,49.9087784],[9.0593773,49.9087415],[9.0594371,49.9086936],[9.0598068,49.9084594],[9.0598482,49.9084349],[9.059862,49.9084268],[9.0601669,49.9082528]]}},{"type":"Feature","properties":{"source":"osm_exact_topology_chain","lines":["55","68"],"line_count":2,"segment_count":5,"osm_way_ids":["1147641134","143557279","1147641135","264779438","201983875"]},"geometry":{"type":"LineString","coordinates":[[9.0790323,49.8624626],[9.0790457,49.8624023],[9.0790541,49.8622976],[9.0790572,49.862166],[9.0790689,49.8620554],[9.0790842,49.86191],[9.0790889,49.8618658],[9.0790965,49.8615195],[9.0789796,49.8605883],[9.0789794,49.8602466],[9.0790257,49.8599255],[9.0790865,49.8596693],[9.0791134,49.8595371],[9.0791361,49.8593498]]}},{"type":"Feature","properties":{"source":"osm_exact_topology_chain","lines":["55","68"],"line_count":2,"segment_count":1,"osm_way_ids":["1417751317"]},"geometry":{"type":"LineString","coordinates":[[9.0863106,49.8548912],[9.0863821,49.854727]]}},{"type":"Feature","properties":{"source":"osm_exact_topology_chain","lines":["55","68"],"line_count":2,"segment_count":1,"osm_way_ids":["484696580"]},"geometry":{"type":"LineString","coordinates":[[9.0863292,49.8546766],[9.0863236,49.854651],[9.0863286,49.8546254],[9.0863441,49.8546015],[9.0863687,49.8545811]]}},{"type":"Feature","properties":{"source":"osm_exact_topology_chain","lines":["55","68"],"line_count":2,"segment_count":1,"osm_way_ids":["256305157"]},"geometry":{"type":"LineString","coordinates":[[9.0865164,49.8545576],[9.0866586,49.8545181],[9.0867974,49.8544463],[9.0869807,49.8543354]]}},{"type":"Feature","properties":{"source":"osm_exact_topology_chain","lines":["55","68"],"line_count":2,"segment_count":22,"osm_way_ids":["395036739","395036738","42614055","916001645","363692699","363692708","363692698","25665381","1244042580","373569855","373569854","1193565201","475835859","798450542","798450543","373569853","373569852","798450541","475835860","798450540","475835861","25665366"]},"geometry":{"type":"LineString","coordinates":[[9.0869807,49.8543354],[9.0872026,49.8541535],[9.0878537,49.8536344],[9.0878736,49.853619],[9.088008,49.8534973],[9.0880887,49.8534355],[9.0882427,49.8532928],[9.0883416,49.8531751],[9.0883733,49.8531373],[9.0885004,49.8528895],[9.0885403,49.8527689],[9.088653,49.8524644],[9.0888492,49.851865],[9.0888614,49.8518241],[9.0888886,49.851711],[9.0889372,49.8514799],[9.08898,49.8512785],[9.0889928,49.8512184],[9.0890295,49.8510356],[9.0891253,49.850671],[9.0891993,49.8505353],[9.0892967,49.8504112],[9.0893725,49.8503268],[9.0894611,49.8502367],[9.0895675,49.8501282],[9.0898351,49.8498452],[9.089954,49.8496656],[9.0899746,49.8496201],[9.0900679,49.8494137],[9.0901057,49.849293],[9.0902034,49.8489807],[9.0902772,49.848745],[9.0903913,49.8484178],[9.0904637,49.8482759],[9.090558,49.8481272],[9.0907207,49.847924],[9.0907654,49.8478625],[9.0908093,49.8478015],[9.0909737,49.8475729],[9.091122,49.8472242],[9.0911301,49.8471822],[9.0911403,49.8471174],[9.0912307,49.8467385],[9.0912882,49.8464904],[9.0913886,49.8461868],[9.0914293,49.846093],[9.0914345,49.8460808],[9.0914405,49.846067],[9.0915427,49.8458647],[9.0917064,49.8455903],[9.0919045,49.8453326],[9.0921408,49.8450785],[9.0924042,49.8448448],[9.0931558,49.8443266],[9.0937815,49.8439696],[9.0942888,49.8436916],[9.0952269,49.8432157],[9.096667,49.842579],[9.097296,49.8422983],[9.0977419,49.8420464],[9.0980329,49.8418515],[9.098304,49.8416254],[9.0991262,49.8408609],[9.1001322,49.839884],[9.1007926,49.8392531],[9.1011066,49.8390235],[9.1013917,49.8388382],[9.1018071,49.8386201],[9.1026219,49.8383047],[9.1031263,49.8381549],[9.1044025,49.8378316],[9.1049853,49.8376784],[9.1055487,49.8375162],[9.1060727,49.8373452],[9.1068811,49.8370748],[9.1079414,49.8367263],[9.1085243,49.8365726],[9.1090815,49.8364594],[9.1095777,49.8363963],[9.1107945,49.836248],[9.1110503,49.8362208],[9.1113097,49.8361945],[9.1125193,49.8360719],[9.1132651,49.8359966],[9.1138584,49.8359448],[9.1141438,49.8359152],[9.1143368,49.8358951],[9.1146586,49.835863],[9.1147668,49.8358517],[9.114863,49.8358408],[9.1149425,49.8358319],[9.11518,49.835804],[9.1152997,49.83579],[9.1154218,49.8357768],[9.1156746,49.8357486],[9.1161574,49.8356901],[9.1169126,49.8355963]]}},{"type":"Feature","properties":{"source":"osm_exact_topology_chain","lines":["55","68"],"line_count":2,"segment_count":1,"osm_way_ids":["256305156"]},"geometry":{"type":"LineString","coordinates":[[9.0869807,49.8543354],[9.0869033,49.8544333],[9.0867372,49.8545558],[9.0866217,49.8546653]]}},{"type":"Feature","properties":{"source":"osm_exact_topology_chain","lines":["55","68"],"line_count":2,"segment_count":1,"osm_way_ids":["256305143"]},"geometry":{"type":"LineString","coordinates":[[9.0865105,49.854744],[9.0863734,49.8549142]]}},{"type":"Feature","properties":{"source":"osm_exact_topology_chain","lines":["55","68","GU2"],"line_count":3,"segment_count":6,"osm_way_ids":["191055687","189081055","24691130","415082140","256305142","415082141"]},"geometry":{"type":"LineString","coordinates":[[9.0791361,49.8593498],[9.0792511,49.8593573],[9.0795239,49.8593761],[9.0796163,49.8593834],[9.0799579,49.8593776],[9.0801467,49.8593393],[9.0803364,49.8592646],[9.0807106,49.8590966],[9.0809741,49.858965],[9.0812867,49.8588015],[9.0815495,49.8586385],[9.0817032,49.8585234],[9.0818537,49.8584309],[9.0819899,49.8583691],[9.0821471,49.8583276],[9.0822925,49.8583237],[9.0824388,49.8583334],[9.0824985,49.8583401],[9.0825866,49.8583525],[9.0826603,49.8583628],[9.0828337,49.8583824],[9.0828929,49.8583891],[9.0829568,49.8583954],[9.0832956,49.8584212],[9.0836525,49.8584109],[9.0837381,49.8583972],[9.0838291,49.8583502],[9.0838644,49.85833],[9.0839242,49.8582677],[9.0839984,49.8581687],[9.0840867,49.858077],[9.0841728,49.8580108],[9.0844943,49.8578519],[9.0845983,49.8578098],[9.0848085,49.8577107],[9.0849893,49.8576312],[9.0850842,49.8575846],[9.085308,49.8574525],[9.0854298,49.8573344],[9.0855161,49.8571776],[9.0856047,49.8568901],[9.0856844,49.8566377],[9.0857616,49.8563756],[9.0859096,49.8558947],[9.0859564,49.8557391],[9.086036,49.8554658],[9.0862034,49.8551156],[9.0862972,49.8549644]]}},{"type":"Feature","properties":{"source":"osm_exact_topology_chain","lines":["55","68","GU2"],"line_count":3,"segment_count":1,"osm_way_ids":["24691127"]},"geometry":{"type":"LineString","coordinates":[[9.0862972,49.8549644],[9.0863106,49.8548912]]}},{"type":"Feature","properties":{"source":"osm_exact_topology_chain","lines":["55","68","GU2"],"line_count":3,"segment_count":1,"osm_way_ids":["1417751316"]},"geometry":{"type":"LineString","coordinates":[[9.0862972,49.8549644],[9.0863734,49.8549142]]}},{"type":"Feature","properties":{"source":"osm_exact_topology_chain","lines":["55","68","20RMV"],"line_count":3,"segment_count":1,"osm_way_ids":["465154528"]},"geometry":{"type":"LineString","coordinates":[[9.0863821,49.854727],[9.0863493,49.8547045],[9.0863292,49.8546766]]}},{"type":"Feature","properties":{"source":"osm_exact_topology_chain","lines":["55","68","20RMV"],"line_count":3,"segment_count":1,"osm_way_ids":["1147378197"]},"geometry":{"type":"LineString","coordinates":[[9.0863687,49.8545811],[9.0864006,49.8545658],[9.0864376,49.8545564],[9.0864695,49.8545526],[9.0865164,49.8545576]]}},{"type":"Feature","properties":{"source":"osm_exact_topology_chain","lines":["55","68","20RMV"],"line_count":3,"segment_count":2,"osm_way_ids":["1147378196","296421930"]},"geometry":{"type":"LineString","coordinates":[[9.0866217,49.8546653],[9.0866151,49.8546823],[9.0866037,49.8546983],[9.0865794,49.8547188],[9.0865476,49.8547344],[9.0865105,49.854744]]}},{"type":"Feature","properties":{"source":"osm_exact_topology_chain","lines":["55","60","68"],"line_count":3,"segment_count":1,"osm_way_ids":["23302714"]},"geometry":{"type":"LineString","coordinates":[[9.1437452,49.837903],[9.1438719,49.8379142],[9.1439797,49.8379151],[9.1441474,49.837931]]}},{"type":"Feature","properties":{"source":"osm_exact_topology_chain","lines":["55","60","68"],"line_count":3,"segment_count":2,"osm_way_ids":["510555388","344671814"]},"geometry":{"type":"LineString","coordinates":[[9.1441474,49.837931],[9.1445196,49.8379083],[9.1448011,49.8378894],[9.1452272,49.8378506]]}},{"type":"Feature","properties":{"source":"osm_exact_topology_chain","lines":["55","60","68"],"line_count":3,"segment_count":1,"osm_way_ids":["679808067"]},"geometry":{"type":"LineString","coordinates":[[9.1441474,49.837931],[9.1440018,49.8379778],[9.1438819,49.8379913],[9.1438206,49.838],[9.1437418,49.8380254]]}},{"type":"Feature","properties":{"source":"osm_exact_topology_chain","lines":["55","60","68"],"line_count":3,"segment_count":1,"osm_way_ids":["344671787"]},"geometry":{"type":"LineString","coordinates":[[9.1526663,49.8378831],[9.1525706,49.8376858]]}},{"type":"Feature","properties":{"source":"osm_exact_topology_chain","lines":["55","60","68"],"line_count":3,"segment_count":1,"osm_way_ids":["198010016"]},"geometry":{"type":"LineString","coordinates":[[9.1526663,49.8378831],[9.1527871,49.8381825],[9.1528782,49.8384035],[9.1529762,49.8386656],[9.1529266,49.8388628],[9.1528932,49.8390098],[9.153109,49.8394886],[9.1532236,49.8398502],[9.1533464,49.8402273],[9.1535203,49.8406591]]}},{"type":"Feature","properties":{"source":"osm_exact_topology_chain","lines":["55","60","68"],"line_count":3,"segment_count":1,"osm_way_ids":["344671794"]},"geometry":{"type":"LineString","coordinates":[[9.1526663,49.8378831],[9.1524876,49.837777],[9.1523411,49.8377488]]}},{"type":"Feature","properties":{"source":"osm_exact_topology_chain","lines":["55","60","68"],"line_count":3,"segment_count":4,"osm_way_ids":["183389752","1144047052","198010015","60274556"]},"geometry":{"type":"LineString","coordinates":[[9.1535203,49.8406591],[9.1536981,49.8406245],[9.153776,49.8407474],[9.1538278,49.8408735],[9.153871,49.8409941],[9.1538921,49.8410522],[9.1538795,49.8411189],[9.153745,49.8411955],[9.1535203,49.8406591]]}},{"type":"Feature","properties":{"source":"osm_exact_topology_chain","lines":["55","60","68"],"line_count":3,"segment_count":1,"osm_way_ids":["182421144"]},"geometry":{"type":"LineString","coordinates":[[9.1435125,49.8380371],[9.1434884,49.8380189],[9.1434715,49.8379975],[9.143463,49.8379741],[9.1434632,49.8379501],[9.1434722,49.8379268],[9.1434905,49.8379047],[9.1435166,49.8378861],[9.143549,49.8378722],[9.1435857,49.8378639],[9.1436245,49.8378617],[9.1436629,49.8378658],[9.1436941,49.8378741],[9.1437218,49.8378866],[9.1437452,49.837903],[9.1437622,49.837922],[9.1437724,49.8379428],[9.1437755,49.8379646],[9.1437712,49.8379862],[9.1437598,49.8380068],[9.1437418,49.8380254],[9.1437181,49.838041],[9.1436897,49.8380529],[9.143654,49.8380613],[9.1436162,49.8380639],[9.1435786,49.8380605],[9.1435434,49.8380514],[9.1435125,49.8380371]]}},{"type":"Feature","properties":{"source":"osm_exact_topology_chain","lines":["55","60","68","93"],"line_count":4,"segment_count":4,"osm_way_ids":["458057539","25429012","136617153","136617152"]},"geometry":{"type":"LineString","coordinates":[[9.1452272,49.8378506],[9.1455194,49.8378216],[9.146334,49.8377449],[9.1470217,49.8376755],[9.1476714,49.8376162],[9.1482166,49.8375681],[9.1508994,49.8373251]]}},{"type":"Feature","properties":{"source":"osm_exact_topology_chain","lines":["55","60","68","93"],"line_count":4,"segment_count":6,"osm_way_ids":["344671793","510559134","344671796","510559147","344671791","145690009"]},"geometry":{"type":"LineString","coordinates":[[9.1508994,49.8373251],[9.1510146,49.8372077],[9.1510317,49.837172],[9.1511039,49.8370268],[9.1511078,49.836892],[9.1511459,49.8367788],[9.1512455,49.8366734],[9.1514242,49.8365861],[9.1516575,49.8365484],[9.1520721,49.8365475],[9.152286,49.836547],[9.1523157,49.8368802],[9.1523473,49.837052],[9.1524372,49.8373334],[9.1525327,49.8375949],[9.1525706,49.8376858]]}},{"type":"Feature","properties":{"source":"osm_exact_topology_chain","lines":["55","60","68","93"],"line_count":4,"segment_count":4,"osm_way_ids":["510559137","344671788","344671795","457236505"]},"geometry":{"type":"LineString","coordinates":[[9.1508994,49.8373251],[9.1510253,49.8373623],[9.1511142,49.8373955],[9.151142,49.8374104],[9.1512727,49.8375393],[9.1513346,49.8376346],[9.1514366,49.8377205],[9.151568,49.8377811],[9.1517406,49.8378092],[9.1519132,49.8378065],[9.1523411,49.8377488]]}},{"type":"Feature","properties":{"source":"osm_exact_topology_chain","lines":["60","68"],"line_count":2,"segment_count":2,"osm_way_ids":["1144047053","191055680"]},"geometry":{"type":"LineString","coordinates":[[9.1438478,49.8391571],[9.1438173,49.8391575],[9.1437873,49.8391613],[9.1437355,49.8391775],[9.1437118,49.8391906],[9.1436916,49.8392061],[9.1436781,49.8392225],[9.1436638,49.8392557],[9.1436659,49.83929],[9.1436774,49.8393137],[9.1436968,49.8393352],[9.1437257,49.8393548],[9.1437785,49.8393742],[9.1438198,49.8393798],[9.1438614,49.8393791],[9.1439125,49.8393688],[9.1439412,49.8393573],[9.1439659,49.8393424]]}},{"type":"Feature","properties":{"source":"osm_exact_topology_chain","lines":["60","68"],"line_count":2,"segment_count":1,"osm_way_ids":["191055683"]},"geometry":{"type":"LineString","coordinates":[[9.1438478,49.8391571],[9.1438811,49.8391607],[9.1439127,49.8391684],[9.1439432,49.8391808],[9.143969,49.839197],[9.1439871,49.839214],[9.1440001,49.8392328],[9.1440072,49.8392519],[9.1440091,49.8392714],[9.1440045,49.8392942],[9.1439898,49.8393198],[9.1439659,49.8393424]]}},{"type":"Feature","properties":{"source":"osm_exact_topology_chain","lines":["60","68"],"line_count":2,"segment_count":1,"osm_way_ids":["679808068"]},"geometry":{"type":"LineString","coordinates":[[9.1438478,49.8391571],[9.1438523,49.8391075],[9.1437637,49.8388403],[9.1436004,49.8383096]]}},{"type":"Feature","properties":{"source":"osm_exact_topology_chain","lines":["60","68"],"line_count":2,"segment_count":7,"osm_way_ids":["23228280","414180897","160047672","134078910","173297386","37828553","160047677"]},"geometry":{"type":"LineString","coordinates":[[9.1439659,49.8393424],[9.1440389,49.8393816],[9.1440952,49.8394316],[9.1442971,49.839595],[9.144397,49.8396743],[9.1444101,49.8397086],[9.1444177,49.8397616],[9.144464,49.8400864],[9.1445114,49.8403042],[9.1445771,49.8404786],[9.1446132,49.8405577],[9.1446468,49.8405993],[9.1446772,49.840637],[9.1448244,49.8408139],[9.145316,49.8413917],[9.1453588,49.8414417],[9.1454065,49.8414975],[9.1454534,49.8415568],[9.1456159,49.8417213],[9.1456841,49.8417905],[9.1457962,49.8419124],[9.1459008,49.8420179],[9.1461503,49.8422555],[9.1465036,49.8426226],[9.1469241,49.8431587],[9.1470412,49.8432715],[9.1472215,49.8434624],[9.1472518,49.8434955],[9.1474986,49.8437273],[9.1476019,49.8438242],[9.1477011,49.8439193],[9.1478185,49.8440429]]}},{"type":"Feature","properties":{"source":"osm_exact_topology_chain","lines":["60","68"],"line_count":2,"segment_count":6,"osm_way_ids":["1339611971","23228281","160047671","23228279","37828552","23302716"]},"geometry":{"type":"LineString","coordinates":[[9.1478185,49.8440429],[9.1481146,49.8439507],[9.148621,49.8437959],[9.1487575,49.8437496],[9.1488259,49.8437364],[9.1490206,49.8436825],[9.1491341,49.8438359],[9.1492145,49.8439457],[9.1492482,49.8439918],[9.1494631,49.8442607],[9.1487369,49.8444526],[9.1483234,49.8445566],[9.1482406,49.8445304],[9.1481741,49.8444944],[9.1478185,49.8440429]]}},{"type":"Feature","properties":{"source":"osm_exact_topology_chain","lines":["60","68"],"line_count":2,"segment_count":1,"osm_way_ids":["182421143"]},"geometry":{"type":"LineString","coordinates":[[9.1436004,49.8383096],[9.1435476,49.8382143],[9.1435381,49.8381599],[9.143527,49.838081],[9.1435125,49.8380371]]}},{"type":"Feature","properties":{"source":"osm_exact_topology_chain","lines":["60","68"],"line_count":2,"segment_count":1,"osm_way_ids":["679808070"]},"geometry":{"type":"LineString","coordinates":[[9.1436004,49.8383096],[9.1436329,49.8381988],[9.1436413,49.8381595],[9.14366,49.8380919],[9.1436897,49.8380529]]}},{"type":"Feature","properties":{"source":"osm_exact_topology_chain","lines":["56","63"],"line_count":2,"segment_count":9,"osm_way_ids":["27096833","1257559315","24271027","28692319","1013521616","28692317","1260684034","28692316","1260684035"]},"geometry":{"type":"LineString","coordinates":[[9.1512669,49.9106516],[9.1510773,49.9106649],[9.1509891,49.9106696],[9.1509249,49.9106734],[9.1508386,49.9106777],[9.1505037,49.9106987],[9.1504372,49.9107042],[9.1503426,49.910713],[9.1502406,49.9107293],[9.1501588,49.9107588],[9.1497134,49.9110021],[9.1495593,49.9110908],[9.1494448,49.9111461],[9.1493265,49.9111876],[9.1488326,49.9113421],[9.1484001,49.9114697],[9.1482833,49.9115133],[9.1481429,49.9116407],[9.1480547,49.9117849],[9.1475395,49.9134583],[9.1474409,49.913871],[9.1473909,49.9139648],[9.1473326,49.9140361],[9.1472228,49.9146515],[9.1471805,49.9147737],[9.1471733,49.9148623],[9.1472095,49.9150955],[9.1472059,49.9151978],[9.147167,49.9154773],[9.1469975,49.9165019],[9.1468877,49.9171401],[9.1468733,49.9172236],[9.1468754,49.9172635],[9.1468868,49.9173058],[9.1469398,49.9173944],[9.1469975,49.9174909],[9.147008,49.9175406],[9.1470336,49.9177063],[9.1470337,49.917847],[9.1470297,49.9178713],[9.1468475,49.9189724],[9.1468517,49.9190192],[9.1468757,49.9190641],[9.1469355,49.9190943],[9.1470189,49.9191134],[9.1475801,49.9191841]]}},{"type":"Feature","properties":{"source":"osm_exact_topology_chain","lines":["1","56","61","62","63"],"line_count":5,"segment_count":10,"osm_way_ids":["753044274","753044273","27096832","1535045534","89900531","1535045518","61478590","1265750978","1265750979","753199907"]},"geometry":{"type":"LineString","coordinates":[[9.1514623,49.9090402],[9.1513993,49.9091801],[9.1512717,49.9094201],[9.1512294,49.9095238],[9.1511616,49.9096896],[9.1511397,49.9098117],[9.1511326,49.9098872],[9.1511392,49.9099798],[9.1511574,49.9100797],[9.1511749,49.9101815],[9.1512065,49.9103191],[9.1512185,49.9103766],[9.1512302,49.9104302],[9.1512443,49.9105277],[9.1512669,49.9106516],[9.1513434,49.9112486],[9.1513559,49.9113421],[9.1514417,49.9117594],[9.1514826,49.9118767],[9.1515476,49.9120629],[9.1515684,49.9121777],[9.1515519,49.9122926],[9.1514861,49.9124257],[9.1513698,49.9126087],[9.1511657,49.912857],[9.1510301,49.9130727],[9.1508248,49.9133422],[9.1504711,49.9137119],[9.149394,49.9146911],[9.1491531,49.9149176],[9.1488921,49.9151629],[9.1487119,49.9153323],[9.1485725,49.915466],[9.1483428,49.9156864],[9.1480786,49.9161598],[9.1478714,49.9169633],[9.1477857,49.9173239],[9.147718,49.9176667],[9.1476855,49.9178314],[9.1476646,49.9186729],[9.1476583,49.9188286],[9.1476384,49.9189774],[9.1475801,49.9191841]]}},{"type":"Feature","properties":{"source":"osm_exact_topology_chain","lines":["56","61","62","63"],"line_count":4,"segment_count":1,"osm_way_ids":["28145479"]},"geometry":{"type":"LineString","coordinates":[[9.1514623,49.9090402],[9.1515345,49.9087645],[9.1515742,49.9085609],[9.1515996,49.9084302],[9.1516321,49.9082635],[9.1516286,49.90825],[9.1516282,49.9081775],[9.1516005,49.9081021],[9.1515258,49.9079281],[9.1514622,49.9077734],[9.1514259,49.9076852]]}},{"type":"Feature","properties":{"source":"osm_exact_topology_chain","lines":["56","61","62","63"],"line_count":4,"segment_count":1,"osm_way_ids":["867650230"]},"geometry":{"type":"LineString","coordinates":[[9.1513196,49.9076749],[9.1512559,49.9076446],[9.1512278,49.9076182],[9.1512076,49.9075742],[9.1512075,49.9075493],[9.1512187,49.9075179],[9.1512375,49.9074938],[9.1512833,49.9074619],[9.1513096,49.9074511],[9.151376,49.9074376],[9.151421,49.9074373],[9.1514631,49.9074433],[9.1515117,49.9074592],[9.15155,49.907482],[9.1515778,49.9075111],[9.1515895,49.9075339],[9.1515929,49.9075764],[9.1515775,49.9076122],[9.1515416,49.907647],[9.1514752,49.9076766],[9.1514259,49.9076852],[9.1513956,49.9076862],[9.1513196,49.9076749]]}},{"type":"Feature","properties":{"source":"osm_exact_topology_chain","lines":["56","61"],"line_count":2,"segment_count":8,"osm_way_ids":["48890619","1345491268","61478589","643060916","1345491269","30984359","289146848","148784908"]},"geometry":{"type":"LineString","coordinates":[[9.1512833,49.9074619],[9.1511992,49.9073699],[9.1511476,49.9073135],[9.1510281,49.9071439],[9.1509347,49.9070113],[9.1508524,49.9068958],[9.1507541,49.9067292],[9.1507158,49.9066577],[9.1506386,49.9065135],[9.150491,49.9060465],[9.1504124,49.9054972],[9.1503961,49.90532],[9.1503858,49.9052087],[9.1503403,49.9050706],[9.1502703,49.90497],[9.1500961,49.904822],[9.1498987,49.904651],[9.1497748,49.904536],[9.1497462,49.9045078],[9.1497053,49.904417],[9.1496894,49.9043545],[9.1496837,49.9042545],[9.1497083,49.9041262],[9.1498608,49.9037558],[9.1501198,49.9031999],[9.1505038,49.9017671],[9.1506859,49.9010486],[9.1509283,49.9004646],[9.1512641,49.8998772],[9.1523679,49.8985898],[9.1534124,49.8975613]]}},{"type":"Feature","properties":{"source":"osm_exact_topology_chain","lines":["56","61"],"line_count":2,"segment_count":1,"osm_way_ids":["1537671695"]},"geometry":{"type":"LineString","coordinates":[[9.1534124,49.8975613],[9.1535064,49.8973676],[9.1535157,49.8972524]]}},{"type":"Feature","properties":{"source":"osm_exact_topology_chain","lines":["56","61"],"line_count":2,"segment_count":1,"osm_way_ids":["1537671696"]},"geometry":{"type":"LineString","coordinates":[[9.1534124,49.8975613],[9.1535224,49.8974686],[9.1535835,49.8973765],[9.1536719,49.8972388]]}},{"type":"Feature","properties":{"source":"osm_exact_topology_chain","lines":["56","61","BG1"],"line_count":3,"segment_count":1,"osm_way_ids":["4902916"]},"geometry":{"type":"LineString","coordinates":[[9.1537848,49.897049],[9.1537994,49.8970923],[9.1537942,49.8971364],[9.1537696,49.8971778],[9.1537277,49.8972129],[9.1536719,49.8972388],[9.153607,49.8972533],[9.1535157,49.8972524],[9.1534641,49.8972423],[9.1534002,49.8972148],[9.1533533,49.8971756],[9.1533282,49.8971288],[9.1533277,49.8970793],[9.1533395,49.8970469],[9.1533924,49.896996],[9.1534393,49.896973],[9.1534476,49.8969689],[9.1535127,49.8969533],[9.1535819,49.8969504],[9.1536161,49.8969554],[9.1536465,49.8969598],[9.1537045,49.8969803],[9.1537472,49.8970046],[9.1537848,49.897049]]}},{"type":"Feature","properties":{"source":"osm_exact_topology_chain","lines":["56","BG1"],"line_count":2,"segment_count":2,"osm_way_ids":["1537671691","4902915"]},"geometry":{"type":"LineString","coordinates":[[9.1533395,49.8970469],[9.1532319,49.8969877],[9.1530488,49.8968629]]}},{"type":"Feature","properties":{"source":"osm_exact_topology_chain","lines":["56","BG1"],"line_count":2,"segment_count":5,"osm_way_ids":["1537671689","228299023","4627063","300922793","4902914"]},"geometry":{"type":"LineString","coordinates":[[9.1530488,49.8968629],[9.1529126,49.8967821],[9.1523369,49.896304],[9.1505112,49.8947883],[9.1500731,49.8944246],[9.149628,49.8941695],[9.1491442,49.8939703],[9.1488212,49.8938701],[9.1483422,49.893753],[9.1469647,49.8934776],[9.1462939,49.89335],[9.1452688,49.8931417],[9.1442434,49.8929406],[9.1419972,49.8924955],[9.1418511,49.892446],[9.141751,49.8923913]]}},{"type":"Feature","properties":{"source":"osm_exact_topology_chain","lines":["56","BG1"],"line_count":2,"segment_count":2,"osm_way_ids":["1537671690","1537671693"]},"geometry":{"type":"LineString","coordinates":[[9.1530488,49.8968629],[9.1532976,49.8969331],[9.1534393,49.896973]]}},{"type":"Feature","properties":{"source":"osm_exact_topology_chain","lines":["56","BG1"],"line_count":2,"segment_count":2,"osm_way_ids":["284527174","653554178"]},"geometry":{"type":"LineString","coordinates":[[9.137118,49.9114601],[9.1370776,49.9115252],[9.1370252,49.9115954],[9.1368054,49.9118924],[9.1363414,49.912566],[9.1360606,49.9129341],[9.1358503,49.9131801],[9.1355896,49.9134921],[9.1354733,49.9136321],[9.1354142,49.913705],[9.1353597,49.9137631],[9.1352693,49.9138485],[9.1351164,49.9139504],[9.1348671,49.9140621],[9.1348428,49.914073],[9.1346633,49.9141257],[9.1344922,49.9141717],[9.1338407,49.9143361],[9.1336365,49.9143876],[9.133414,49.9144263],[9.1332831,49.9144463],[9.1330587,49.9144568],[9.1327076,49.9144277],[9.1324756,49.9144045],[9.1308685,49.9142028]]}},{"type":"Feature","properties":{"source":"osm_exact_topology_chain","lines":["56","BG1"],"line_count":2,"segment_count":1,"osm_way_ids":["673509704"]},"geometry":{"type":"LineString","coordinates":[[9.1245713,49.9136111],[9.1245015,49.9135929],[9.124403,49.9135795],[9.1243201,49.9135723],[9.1241318,49.9135407]]}},{"type":"Feature","properties":{"source":"osm_exact_topology_chain","lines":["56","BG1"],"line_count":2,"segment_count":19,"osm_way_ids":["359651026","359651019","359651029","359651020","359651024","359651031","666359578","666359582","666359572","582530311","22568475","762610171","164905324","762610174","643060919","48890959","23136415","144110634","25154945"]},"geometry":{"type":"LineString","coordinates":[[9.1241318,49.9135407],[9.1237382,49.9135317],[9.1234511,49.9135365],[9.1227632,49.9135523],[9.1224957,49.9135585],[9.121891,49.9135732],[9.1212125,49.9135951],[9.1201751,49.9136417],[9.1195714,49.9136887],[9.1187918,49.9137581],[9.1181105,49.9138306],[9.1178138,49.9138661],[9.1174128,49.9139156],[9.117356,49.9139236],[9.1170148,49.9139711],[9.1168291,49.913997],[9.1161456,49.9140924],[9.1151048,49.9142515],[9.1140213,49.9144283],[9.1138954,49.9144459],[9.11345,49.9145137],[9.1114136,49.9148318],[9.1103337,49.9149971],[9.1091024,49.9151757],[9.1090366,49.9151859],[9.1074403,49.9154482],[9.1063846,49.9156113],[9.1052572,49.9157747],[9.1042624,49.9159066],[9.1033958,49.916018],[9.101719,49.9162322],[9.1011818,49.9162718],[9.1007009,49.9162867],[9.0998229,49.9162843],[9.0995475,49.9162868],[9.0982611,49.9162722],[9.0975705,49.9162836],[9.0967635,49.9163006],[9.0961025,49.9163649],[9.0960227,49.9163727],[9.0932177,49.916678],[9.0926674,49.916735],[9.0925729,49.9167359],[9.0909218,49.9167115],[9.090225,49.9167094],[9.0898093,49.9167301],[9.0891923,49.9167855],[9.0879205,49.916904],[9.0875509,49.9169393],[9.0871171,49.9169836],[9.0870346,49.9174467],[9.0868219,49.9185571]]}},{"type":"Feature","properties":{"source":"osm_exact_topology_chain","lines":["56","BG1"],"line_count":2,"segment_count":1,"osm_way_ids":["25318474"]},"geometry":{"type":"LineString","coordinates":[[9.1241318,49.9135407],[9.124317,49.913519],[9.1244097,49.9135144],[9.1245062,49.9135051],[9.124585,49.9134794]]}},{"type":"Feature","properties":{"source":"osm_exact_topology_chain","lines":["56","BG1"],"line_count":2,"segment_count":1,"osm_way_ids":["140172291"]},"geometry":{"type":"LineString","coordinates":[[9.0844154,49.9244676],[9.0842348,49.9247837],[9.0838439,49.9254237],[9.0836228,49.9257862],[9.0832311,49.9263158],[9.0828269,49.9268294],[9.0827698,49.9269136],[9.0823211,49.9275578],[9.0821917,49.9277613]]}},{"type":"Feature","properties":{"source":"osm_exact_topology_chain","lines":["56","BG1"],"line_count":2,"segment_count":1,"osm_way_ids":["125813421"]},"geometry":{"type":"LineString","coordinates":[[9.0821917,49.9277613],[9.082131,49.9278574],[9.0820707,49.9279202],[9.082,49.9279816],[9.0819133,49.9280418],[9.081826,49.928085]]}},{"type":"Feature","properties":{"source":"osm_exact_topology_chain","lines":["56","BG1"],"line_count":2,"segment_count":2,"osm_way_ids":["673495093","457552276"]},"geometry":{"type":"LineString","coordinates":[[9.0821917,49.9277613],[9.0821118,49.927817],[9.0820445,49.9278553],[9.0819888,49.9278803],[9.0818668,49.9278881],[9.0817798,49.9278864],[9.0816974,49.9278792],[9.0815222,49.9278508]]}},{"type":"Feature","properties":{"source":"osm_exact_topology_chain","lines":["56","60","BG1"],"line_count":3,"segment_count":5,"osm_way_ids":["25625952","25452157","25452158","25318174","25318176"]},"geometry":{"type":"LineString","coordinates":[[9.1414168,49.8924003],[9.1409518,49.8927347],[9.1406521,49.8929177],[9.1403766,49.8930815],[9.139403,49.8936212],[9.1388855,49.8939325],[9.1384366,49.8942413],[9.137946,49.8946368],[9.1378898,49.8946907],[9.13755,49.895058],[9.137361,49.8952866],[9.1371806,49.8955393],[9.137007,49.8958102],[9.1368721,49.8960693],[9.1367227,49.8963855],[9.1365946,49.896734],[9.1365095,49.8970525],[9.1363031,49.8981091],[9.1362266,49.8984113],[9.136115,49.8987478],[9.1359689,49.8990862],[9.1358223,49.8993641],[9.1356037,49.8996934],[9.1353225,49.9000778],[9.134696,49.9008821],[9.134206,49.9015003],[9.1339951,49.9017755],[9.1337559,49.9020851],[9.1336326,49.9022372],[9.1318344,49.9045379],[9.1317614,49.9046408]]}},{"type":"Feature","properties":{"source":"osm_exact_topology_chain","lines":["56","60","BG1"],"line_count":3,"segment_count":3,"osm_way_ids":["23007683","380376914","608139946"]},"geometry":{"type":"LineString","coordinates":[[9.1318184,49.904831],[9.1329344,49.9060413],[9.1333409,49.9066165],[9.1337822,49.9072289],[9.1340149,49.9076022],[9.1340945,49.9077206],[9.1341528,49.9078105],[9.1343941,49.9082285],[9.1348717,49.908857],[9.1349424,49.9089438],[9.1354853,49.9096023],[9.1358498,49.9100204],[9.1361754,49.9103393],[9.1364632,49.910606],[9.1365796,49.910706],[9.1367974,49.9108931],[9.1369622,49.9110755],[9.1370406,49.911177],[9.1370782,49.911219],[9.1371015,49.9112911],[9.1371191,49.9113805],[9.137118,49.9114601]]}},{"type":"Feature","properties":{"source":"osm_exact_topology_chain","lines":["56","60","BG1"],"line_count":3,"segment_count":3,"osm_way_ids":["144828164","33038767","33038768"]},"geometry":{"type":"LineString","coordinates":[[9.1308685,49.9142028],[9.1299766,49.9140673],[9.129292,49.9139731],[9.1286288,49.913876],[9.1285464,49.9138656],[9.1274191,49.913727],[9.1268499,49.9136744],[9.1266815,49.9136588],[9.1264817,49.9136432],[9.1263638,49.9136354],[9.1260587,49.9136214],[9.125785,49.9136089],[9.1254304,49.9135927]]}},{"type":"Feature","properties":{"source":"osm_exact_topology_chain","lines":["56","60","BG1"],"line_count":3,"segment_count":1,"osm_way_ids":["673509699"]},"geometry":{"type":"LineString","coordinates":[[9.1254304,49.9135927],[9.1251354,49.9136022],[9.1250655,49.9135997],[9.1249602,49.9136072],[9.1248807,49.9136293]]}},{"type":"Feature","properties":{"source":"osm_exact_topology_chain","lines":["56","60","BG1"],"line_count":3,"segment_count":1,"osm_way_ids":["673509700"]},"geometry":{"type":"LineString","coordinates":[[9.1254304,49.9135927],[9.1251442,49.913544],[9.1250665,49.9135365],[9.1249884,49.9135218],[9.1248997,49.9134927]]}},{"type":"Feature","properties":{"source":"osm_exact_topology_chain","lines":["56","60","BG1"],"line_count":3,"segment_count":1,"osm_way_ids":["4902913"]},"geometry":{"type":"LineString","coordinates":[[9.1417177,49.8921659],[9.1417645,49.8921957],[9.1417969,49.8922326],[9.1418122,49.8922738],[9.1418093,49.8923162],[9.1417883,49.8923564],[9.141751,49.8923913],[9.141693,49.8924209],[9.1416236,49.8924375],[9.1415497,49.8924395],[9.1414784,49.8924267],[9.1414168,49.8924003],[9.1413683,49.8923598],[9.1413433,49.8923113],[9.1413446,49.8922602],[9.1413721,49.8922123],[9.1414227,49.8921729],[9.1414906,49.8921465],[9.1415683,49.8921361],[9.1416469,49.8921428],[9.1417177,49.8921659]]}},{"type":"Feature","properties":{"source":"osm_exact_topology_chain","lines":["56","60","BG1"],"line_count":3,"segment_count":1,"osm_way_ids":["25256671"]},"geometry":{"type":"LineString","coordinates":[[9.1318632,49.9047268],[9.1318654,49.904764],[9.1318499,49.9047998],[9.1318184,49.904831],[9.1317863,49.9048494],[9.1317486,49.9048626],[9.1317072,49.90487],[9.1316643,49.9048711],[9.1316221,49.904866],[9.1315828,49.9048549],[9.1315355,49.9048297],[9.1315032,49.904796],[9.1314895,49.9047574],[9.1314956,49.9047181],[9.1315211,49.9046821],[9.1315632,49.9046533],[9.1316252,49.9046331],[9.1316944,49.9046287],[9.1317614,49.9046408],[9.1318087,49.9046622],[9.1318437,49.9046918],[9.1318632,49.9047268]]}},{"type":"Feature","properties":{"source":"osm_exact_topology_chain","lines":["56","60","BG1"],"line_count":3,"segment_count":1,"osm_way_ids":["25256692"]},"geometry":{"type":"LineString","coordinates":[[9.1246803,49.9134362],[9.1247326,49.9134309],[9.1247852,49.9134351],[9.1248338,49.9134487],[9.1248747,49.9134704],[9.1248997,49.9134927],[9.124917,49.9135196],[9.1249238,49.9135483],[9.1249197,49.9135773],[9.1249051,49.9136048],[9.1248807,49.9136293],[9.1248467,49.9136499],[9.124806,49.9136645],[9.124752,49.9136728],[9.1246966,49.9136706],[9.1246446,49.9136581],[9.1246005,49.9136363],[9.1245713,49.9136111],[9.1245521,49.9135786],[9.1245479,49.913544],[9.1245592,49.91351],[9.124585,49.9134794],[9.1246273,49.913453],[9.1246803,49.9134362]]}},{"type":"Feature","properties":{"source":"osm_exact_topology_chain","lines":["54","56","BG1","BG3"],"line_count":4,"segment_count":4,"osm_way_ids":["997663621","997663875","140172287","140172289"]},"geometry":{"type":"LineString","coordinates":[[9.0868219,49.9185571],[9.0867608,49.9189791],[9.0867293,49.9191968],[9.0866122,49.9199615],[9.0865832,49.9200663],[9.086478,49.9202857],[9.0863062,49.9205972],[9.0860897,49.9212329],[9.0859329,49.9216311],[9.0857248,49.9220027],[9.0856771,49.9220879],[9.0856216,49.9221979],[9.0855859,49.9222686],[9.0854246,49.9225882],[9.0853107,49.9227967],[9.0849029,49.9235544],[9.0844454,49.9244045],[9.0844154,49.9244676]]}},{"type":"Feature","properties":{"source":"osm_exact_topology_chain","lines":["53","54","56","BG1","BG2","BG3"],"line_count":6,"segment_count":5,"osm_way_ids":["144110638","457552278","457552277","673495094","1147098750"]},"geometry":{"type":"LineString","coordinates":[[9.081826,49.928085],[9.0817152,49.9280015],[9.0815222,49.9278508],[9.0812735,49.9276511],[9.0812461,49.9276288],[9.0811683,49.9275654],[9.081019,49.9274454],[9.0809502,49.9273877],[9.080917,49.9273598],[9.0805626,49.9270622],[9.0804211,49.9269434],[9.0803497,49.9268788],[9.0800051,49.926567],[9.0797146,49.9263199],[9.0794687,49.9260962],[9.0793109,49.9259388],[9.0791564,49.9257964],[9.0790705,49.9257173],[9.0789937,49.9256466],[9.0787759,49.9254459],[9.0787185,49.9253847],[9.0781194,49.9247461],[9.0780667,49.9246899]]}},{"type":"Feature","properties":{"source":"osm_exact_topology_chain","lines":["1","61","62"],"line_count":3,"segment_count":1,"osm_way_ids":["38564838"]},"geometry":{"type":"LineString","coordinates":[[9.1403766,49.9801148],[9.1399868,49.98013]]}},{"type":"Feature","properties":{"source":"osm_exact_topology_chain","lines":["1","61","62"],"line_count":3,"segment_count":20,"osm_way_ids":["146864937","314985276","314985275","4627035","47246669","753422838","49748643","314985269","753422839","267507007","103813765","49748648","318045650","753304653","669562940","669562942","669562941","49748646","25478549","669562943"]},"geometry":{"type":"LineString","coordinates":[[9.1426814,49.9658238],[9.1425756,49.965813],[9.1424357,49.9658022],[9.1417631,49.9657615],[9.1416045,49.965739],[9.1413928,49.9656944],[9.1411408,49.965604],[9.1409822,49.9655176],[9.1408227,49.9653659],[9.14064,49.9651835],[9.1405279,49.9650627],[9.1404516,49.9649848],[9.1402933,49.9648046],[9.1400716,49.964579],[9.1397655,49.9642859],[9.1395714,49.964136],[9.1393184,49.9639578],[9.1387082,49.9635703],[9.138603,49.9635071],[9.1382923,49.9633178],[9.1381111,49.9631979],[9.137981,49.9631118],[9.1367922,49.9623663],[9.1362666,49.9620309],[9.1355799,49.9615962],[9.1353386,49.9614347],[9.1351224,49.9612865],[9.1349427,49.9611402],[9.1347711,49.9609829],[9.1345726,49.9607499],[9.1343097,49.96041],[9.1340548,49.9600812],[9.1338363,49.9597974],[9.133705,49.9596284],[9.1334863,49.9593686],[9.1332404,49.9591279],[9.1329741,49.9588741],[9.1324703,49.9583942],[9.1321899,49.9581187],[9.1321281,49.9580533],[9.131933,49.9578469],[9.1318633,49.9577715],[9.1316282,49.9575388],[9.1313008,49.9572593],[9.1308857,49.9569199],[9.1305738,49.9566642],[9.1303365,49.9564559],[9.1300786,49.9562298],[9.1298308,49.9559896],[9.1295764,49.9557563],[9.1292658,49.9554256],[9.1290239,49.9551307],[9.1289004,49.9549799],[9.1286769,49.9546785],[9.1286465,49.9546308],[9.1286073,49.9545611],[9.128587,49.9545307],[9.1285009,49.9543783],[9.1284424,49.9542646],[9.1281007,49.9536327],[9.1279934,49.9534282],[9.1278846,49.9531765],[9.1278389,49.9529975],[9.1278247,49.9528078],[9.1278201,49.9525626],[9.1278487,49.9522967],[9.1278636,49.9521306],[9.1278889,49.9518798],[9.1279302,49.9515829],[9.1279979,49.9512986],[9.1280596,49.9511062],[9.1281768,49.9507409],[9.12859,49.9496982],[9.1286516,49.9494837],[9.1286814,49.9492545],[9.1286821,49.9489983],[9.1286564,49.9486687],[9.1285685,49.9476736],[9.1285443,49.9472382],[9.128539,49.9470156],[9.1285551,49.9468344],[9.1286088,49.9466548],[9.1286677,49.9465185],[9.1287857,49.9463223],[9.1289118,49.9461664],[9.1290513,49.9460214],[9.1291536,49.9459366]]}},{"type":"Feature","properties":{"source":"osm_exact_topology_chain","lines":["1","61","62"],"line_count":3,"segment_count":11,"osm_way_ids":["89884740","511129594","753210059","61478578","753210060","89900529","753199903","61478596","753199906","753199905","28152716"]},"geometry":{"type":"LineString","coordinates":[[9.1400465,49.9302914],[9.1401362,49.9301828],[9.1404268,49.9298243],[9.1405504,49.9296636],[9.1412036,49.9288692],[9.1414874,49.9285562],[9.1418964,49.9281295],[9.1422746,49.9277324],[9.1431126,49.9267912],[9.1436649,49.9261541],[9.1440108,49.9257613],[9.1440207,49.9257501],[9.1443989,49.9252943],[9.1446573,49.9249239],[9.1450399,49.9243066],[9.1453993,49.9237125],[9.1456622,49.9231962],[9.1459706,49.9225089],[9.1462335,49.9219201],[9.1467051,49.9210572],[9.1468477,49.9207956],[9.1468802,49.9207266],[9.146974,49.9205152],[9.1471404,49.9201585],[9.147234,49.9199617],[9.1473286,49.9197633],[9.1475037,49.9193959],[9.1475451,49.9192891],[9.1475801,49.9191841]]}},{"type":"Feature","properties":{"source":"osm_exact_topology_chain","lines":["1","10","61","62"],"line_count":4,"segment_count":1,"osm_way_ids":["220765569"]},"geometry":{"type":"LineString","coordinates":[[9.1525666,49.9695171],[9.152624,49.9693759],[9.1526535,49.9692819],[9.1526466,49.9691799],[9.1526337,49.9691474],[9.1526005,49.9690637]]}},{"type":"Feature","properties":{"source":"osm_exact_topology_chain","lines":["1","10","61","62"],"line_count":4,"segment_count":5,"osm_way_ids":["292209289","506394053","358583266","358583267","314985277"]},"geometry":{"type":"LineString","coordinates":[[9.1526005,49.9690637],[9.152442,49.9689161],[9.1523039,49.9688055],[9.1521612,49.968744],[9.1519934,49.9686929],[9.1518451,49.9686487],[9.1517229,49.9686123],[9.1514,49.9685176],[9.1513835,49.968513],[9.1509228,49.9683832],[9.1506164,49.9683176],[9.1501498,49.9682727],[9.1496929,49.9682469],[9.1489508,49.9681146],[9.148924,49.9681098],[9.1486751,49.9680512],[9.148599,49.9680341],[9.1485228,49.968017],[9.1484211,49.9679942],[9.1480245,49.9679228],[9.1477168,49.9679085],[9.1475058,49.9679055],[9.1471642,49.9679245],[9.1468343,49.9679584],[9.146416,49.9679921],[9.1459624,49.9680028],[9.1457485,49.9680003],[9.1456249,49.9679988],[9.1453218,49.9679575],[9.1449679,49.9678804],[9.1447794,49.9678022],[9.1446068,49.9677221],[9.1444567,49.9676188],[9.1443298,49.9675112],[9.1441383,49.9673257],[9.1438977,49.966994],[9.1433381,49.9661468],[9.1432876,49.9660646],[9.143186,49.9659572],[9.143104,49.965929],[9.1429344,49.9658708],[9.1426814,49.9658238]]}},{"type":"Feature","properties":{"source":"osm_exact_topology_chain","lines":["1","10","61","62"],"line_count":4,"segment_count":1,"osm_way_ids":["17233015"]},"geometry":{"type":"LineString","coordinates":[[9.1526005,49.9690637],[9.1527282,49.9691773],[9.1528427,49.9692792]]}},{"type":"Feature","properties":{"source":"osm_exact_topology_chain","lines":["1","61"],"line_count":2,"segment_count":8,"osm_way_ids":["61478588","25478547","46953547","46953553","19982307","43055460","1015863329","1446721899"]},"geometry":{"type":"LineString","coordinates":[[9.1291536,49.9459366],[9.1290861,49.9458971],[9.1290325,49.9458678],[9.128943,49.9458082],[9.1288887,49.9457404],[9.1288608,49.9456348],[9.1288921,49.9454855],[9.1289675,49.9453004],[9.1292153,49.9447636],[9.1292918,49.9442702],[9.1292589,49.9436096],[9.129235,49.9430566],[9.1292086,49.9427781],[9.1291873,49.9424665],[9.1291493,49.942019],[9.1291201,49.9418287],[9.1290663,49.9414789],[9.1290315,49.9412527],[9.1290098,49.9411065],[9.1289661,49.9408638],[9.1287335,49.9399927],[9.1286976,49.9397593],[9.1287107,49.9394594],[9.1287885,49.9391886],[9.1288225,49.9390864],[9.1288875,49.9389046],[9.1289963,49.9386153],[9.129462,49.9378561],[9.1298795,49.9374998],[9.1301018,49.9373107],[9.1305613,49.9368916],[9.1310341,49.9364873],[9.1313131,49.9363147],[9.1315836,49.9361516],[9.1320519,49.9363315],[9.1324241,49.9364874],[9.1349831,49.9374827],[9.1350019,49.9374888],[9.1360913,49.937926],[9.136329,49.9376288],[9.1363959,49.9374904],[9.1364356,49.9373078],[9.1363801,49.9370765],[9.1362455,49.9368175],[9.1361472,49.9366182],[9.1360775,49.9364059],[9.1360888,49.9362467],[9.1361404,49.9361388],[9.1362058,49.9360446],[9.136475,49.9357879],[9.1365494,49.9357169],[9.1369929,49.9352935]]}},{"type":"Feature","properties":{"source":"osm_exact_topology_chain","lines":["1","61"],"line_count":2,"segment_count":4,"osm_way_ids":["30848983","1039562367","1286060613","1286060614"]},"geometry":{"type":"LineString","coordinates":[[9.1400465,49.9302914],[9.1402018,49.9303465],[9.1403135,49.9303861],[9.1404829,49.930436],[9.1407206,49.9305178],[9.1409656,49.9305915],[9.1407946,49.9308936],[9.1406527,49.9311445],[9.1405394,49.9312205],[9.1404001,49.9312371],[9.1402663,49.9312077],[9.1401494,49.931195]]}},{"type":"Feature","properties":{"source":"osm_exact_topology_chain","lines":["5","10"],"line_count":2,"segment_count":1,"osm_way_ids":["146875558"]},"geometry":{"type":"LineString","coordinates":[[9.1694812,49.9628367],[9.169285,49.9627605],[9.1688905,49.9626078],[9.1687295,49.9625478]]}},{"type":"Feature","properties":{"source":"osm_exact_topology_chain","lines":["5","10","15"],"line_count":3,"segment_count":3,"osm_way_ids":["801986924","1267332037","144942739"]},"geometry":{"type":"LineString","coordinates":[[9.1694812,49.9628367],[9.1698322,49.9629797],[9.1698929,49.9630179],[9.1700808,49.9631362],[9.1701427,49.9632363],[9.1702616,49.9637273],[9.1703106,49.9638524],[9.1703825,49.9639635],[9.1704736,49.9641042],[9.1705279,49.9641902],[9.1706032,49.9642973],[9.170631,49.964343],[9.1706538,49.9644157],[9.170606,49.964512],[9.1707614,49.9645444],[9.170818,49.9645601],[9.1710379,49.9646442],[9.1713345,49.9647576]]}},{"type":"Feature","properties":{"source":"osm_exact_topology_chain","lines":["80","81","82","83","84","85","86","88","977","40N"],"line_count":10,"segment_count":2,"osm_way_ids":["47515598","759383510"]},"geometry":{"type":"LineString","coordinates":[[9.2491292,49.7058039],[9.2490046,49.70587],[9.2489298,49.7059095],[9.2488198,49.7059656]]}},{"type":"Feature","properties":{"source":"osm_exact_topology_chain","lines":["80","81","82","83","84","85","86","88","977"],"line_count":9,"segment_count":1,"osm_way_ids":["25260425"]},"geometry":{"type":"LineString","coordinates":[[9.2488198,49.7059656],[9.2487616,49.705907],[9.2486976,49.7058452]]}},{"type":"Feature","properties":{"source":"osm_exact_topology_chain","lines":["80","81","82","83","84","85","86","87","88","977"],"line_count":10,"segment_count":1,"osm_way_ids":["47515597"]},"geometry":{"type":"LineString","coordinates":[[9.2486976,49.7058452],[9.2489096,49.7057569],[9.2492469,49.7055956]]}},{"type":"Feature","properties":{"source":"osm_exact_topology_chain","lines":["80","81","82","84","85","86","87","88","977"],"line_count":9,"segment_count":2,"osm_way_ids":["603139145","603119343"]},"geometry":{"type":"LineString","coordinates":[[9.2568333,49.7031929],[9.2569463,49.703191],[9.256994,49.7031877],[9.257093,49.703177],[9.2572721,49.7031523]]}},{"type":"Feature","properties":{"source":"osm_exact_topology_chain","lines":["84","88","40N"],"line_count":3,"segment_count":3,"osm_way_ids":["807210130","807210129","37910676"]},"geometry":{"type":"LineString","coordinates":[[9.234367,49.7040987],[9.2342411,49.7040435],[9.2326532,49.7033861],[9.2325926,49.7033685],[9.2325358,49.7033537],[9.2323934,49.703333],[9.2321999,49.7033192],[9.2319996,49.7033071],[9.2315507,49.7032824],[9.2305692,49.7032125],[9.2303131,49.7031935],[9.2300076,49.7031702]]}},{"type":"Feature","properties":{"source":"osm_exact_topology_chain","lines":["84","88","40N"],"line_count":3,"segment_count":1,"osm_way_ids":["19186981"]},"geometry":{"type":"LineString","coordinates":[[9.2208805,49.6985991],[9.2209166,49.6988399],[9.2209308,49.6990633],[9.2209467,49.6991302],[9.2209847,49.6992025],[9.2210284,49.6992587],[9.2210738,49.6992995],[9.221146,49.6993553],[9.2212483,49.699405],[9.2213857,49.6994574]]}},{"type":"Feature","properties":{"source":"osm_exact_topology_chain","lines":["84","88"],"line_count":2,"segment_count":1,"osm_way_ids":["24998232"]},"geometry":{"type":"LineString","coordinates":[[9.2200146,49.7000318],[9.2199927,49.7000952],[9.2199207,49.7001835],[9.219869,49.7002316]]}},{"type":"Feature","properties":{"source":"osm_exact_topology_chain","lines":["84","88"],"line_count":2,"segment_count":1,"osm_way_ids":["25007516"]},"geometry":{"type":"LineString","coordinates":[[9.220136,49.7012016],[9.2202279,49.7012107],[9.2203227,49.7012107],[9.2204085,49.7011929],[9.2204745,49.701164],[9.2205392,49.7011189],[9.2205937,49.7010582],[9.220649,49.7009629],[9.2206705,49.700873]]}},{"type":"Feature","properties":{"source":"osm_exact_topology_chain","lines":["84","88"],"line_count":2,"segment_count":1,"osm_way_ids":["759001971"]},"geometry":{"type":"LineString","coordinates":[[9.2648828,49.7042034],[9.2649227,49.7041426],[9.2654811,49.7037174],[9.2660458,49.7033035],[9.266621,49.7028819]]}},{"type":"Feature","properties":{"source":"osm_exact_topology_chain","lines":["81","84","86","88","93","40N"],"line_count":6,"segment_count":1,"osm_way_ids":["38933261"]},"geometry":{"type":"LineString","coordinates":[[9.2206705,49.700873],[9.220685,49.700509],[9.2207289,49.6996995]]}},{"type":"Feature","properties":{"source":"osm_exact_topology_chain","lines":["84","88","93","40N"],"line_count":4,"segment_count":6,"osm_way_ids":["38933262","1207507553","38933263","1207507554","25639202","759001978"]},"geometry":{"type":"LineString","coordinates":[[9.2207289,49.6996995],[9.2208805,49.6985991],[9.2209832,49.6981178],[9.221118,49.6975921],[9.2212545,49.6971194],[9.2215087,49.696427],[9.2218731,49.6956032],[9.2222183,49.6948833],[9.2225138,49.6943938],[9.2225366,49.694356],[9.2226141,49.6942255]]}},{"type":"Feature","properties":{"source":"osm_exact_topology_chain","lines":["84","88","93"],"line_count":3,"segment_count":2,"osm_way_ids":["25147844","1458723314"]},"geometry":{"type":"LineString","coordinates":[[9.2222183,49.6948833],[9.2222285,49.6946513],[9.2222185,49.6944794],[9.2221696,49.6943269],[9.2221569,49.6942873],[9.2221304,49.6941608],[9.2221177,49.6940888],[9.2221285,49.6940315]]}},{"type":"Feature","properties":{"source":"osm_exact_topology_chain","lines":["84","88","93"],"line_count":3,"segment_count":6,"osm_way_ids":["1315054181","27251186","27251187","15241882","27251188","759009475"]},"geometry":{"type":"LineString","coordinates":[[9.2221285,49.6940315],[9.2221264,49.6936668],[9.2221268,49.6934776],[9.2221286,49.6927326],[9.2221213,49.6925155],[9.2221105,49.6923037],[9.2220989,49.6920709],[9.2220953,49.6918856],[9.2221071,49.6917277],[9.2221651,49.6915683],[9.2221831,49.69154],[9.2222007,49.6915164],[9.2222684,49.6914261],[9.222324,49.6913302],[9.2223328,49.6912915],[9.222335,49.6912608],[9.2223216,49.6912194],[9.2222797,49.6911482],[9.2221863,49.6910689],[9.2220354,49.6909892],[9.2217534,49.6908849],[9.2216468,49.6908258],[9.2214846,49.6906548],[9.221382,49.6905655],[9.2209691,49.6903513],[9.2208198,49.6902689],[9.2207265,49.6902042],[9.2206594,49.6901331],[9.2205899,49.6900478]]}},{"type":"Feature","properties":{"source":"osm_exact_topology_chain","lines":["84","88","93"],"line_count":3,"segment_count":2,"osm_way_ids":["1379327586","1379327590"]},"geometry":{"type":"LineString","coordinates":[[9.2221285,49.6940315],[9.2222319,49.6941065],[9.2223573,49.6941646],[9.2224179,49.6941824],[9.2225383,49.6942123],[9.2226141,49.6942255]]}},{"type":"Feature","properties":{"source":"osm_exact_topology_chain","lines":["84","93"],"line_count":2,"segment_count":2,"osm_way_ids":["764570702","27262152"]},"geometry":{"type":"LineString","coordinates":[[9.2205899,49.6900478],[9.2205761,49.6900275],[9.2202752,49.6893657],[9.2199319,49.6885949],[9.2199232,49.6884629],[9.2199257,49.6877882],[9.2198655,49.6873827],[9.2197974,49.6870245],[9.2197781,49.6869154],[9.2198773,49.6867693],[9.2199728,49.6866713],[9.2201292,49.6866073]]}},{"type":"Feature","properties":{"source":"osm_exact_topology_chain","lines":["84","93"],"line_count":2,"segment_count":1,"osm_way_ids":["489604544"]},"geometry":{"type":"LineString","coordinates":[[9.2201292,49.6866073],[9.2202258,49.6864106],[9.2202391,49.6862238],[9.2202223,49.6860628]]}},{"type":"Feature","properties":{"source":"osm_exact_topology_chain","lines":["84","93"],"line_count":2,"segment_count":1,"osm_way_ids":["27251189"]},"geometry":{"type":"LineString","coordinates":[[9.2201292,49.6866073],[9.2205291,49.6864847]]}},{"type":"Feature","properties":{"source":"osm_exact_topology_chain","lines":["84","93","40N"],"line_count":3,"segment_count":11,"osm_way_ids":["131192139","25639205","853223485","131192135","1207507559","1207507560","25639204","131192136","1207507558","171348075","764575116"]},"geometry":{"type":"LineString","coordinates":[[9.2115991,49.6697495],[9.2122038,49.6702021],[9.2130013,49.6707914],[9.2131932,49.6709344],[9.2132693,49.6709888],[9.2146621,49.6719844],[9.2151632,49.6723528],[9.2168333,49.6735463],[9.2171663,49.6738156],[9.2173635,49.6739969],[9.2177631,49.6743915],[9.21816,49.6748754],[9.2183505,49.6751633],[9.2183726,49.6752109],[9.2184884,49.6755103],[9.2185501,49.6757486],[9.2185685,49.6758196],[9.2185886,49.6762557],[9.2185347,49.6770445],[9.2184703,49.6780795],[9.218402,49.6786957],[9.2181789,49.6795121],[9.2181041,49.6799546],[9.2180072,49.680845],[9.2179799,49.6816873],[9.2180244,49.6821556],[9.2181188,49.682561],[9.2182647,49.6829664],[9.2184278,49.6833718],[9.2186595,49.6837939],[9.2192517,49.6846935],[9.2197967,49.6854652],[9.2199893,49.6857378],[9.2202223,49.6860628],[9.2205291,49.6864847]]}},{"type":"Feature","properties":{"source":"osm_exact_topology_chain","lines":["84","94"],"line_count":2,"segment_count":3,"osm_way_ids":["24998297","71291500","1177191677"]},"geometry":{"type":"LineString","coordinates":[[9.2115991,49.6697495],[9.211671,49.6696965],[9.21189,49.6695064],[9.2121482,49.6692595],[9.2122199,49.669163],[9.2122709,49.6690354],[9.2123116,49.6689217],[9.2123819,49.6687677],[9.212466,49.6686506],[9.2125233,49.6685876],[9.2126216,49.6684988],[9.2127264,49.668436],[9.2128255,49.6683755],[9.2129651,49.6683228],[9.2130372,49.6683061],[9.213081,49.6682959],[9.2132694,49.6682704]]}},{"type":"Feature","properties":{"source":"osm_exact_topology_chain","lines":["84","94"],"line_count":2,"segment_count":10,"osm_way_ids":["40295066","84207105","955332871","84207115","955332872","137215456","25529462","84207101","158896942","44823354"]},"geometry":{"type":"LineString","coordinates":[[9.21553,49.6675166],[9.2155539,49.667478],[9.215563,49.6674542],[9.2155689,49.6674192],[9.2155504,49.6673818],[9.215507,49.6673151],[9.2154444,49.6672455],[9.2153514,49.6671471],[9.2152235,49.6670296],[9.2150564,49.6669043],[9.2149815,49.6668444],[9.2148857,49.6667677],[9.2148375,49.6667402],[9.2147493,49.6666776],[9.2146718,49.6665713],[9.214639,49.6664879],[9.2145958,49.6663778],[9.2145627,49.6663025],[9.214544,49.6662736],[9.2144275,49.6661927],[9.2142847,49.6660603],[9.2142217,49.6659068],[9.2142567,49.6654692],[9.2143078,49.665217],[9.2143462,49.665037],[9.2143603,49.6648049],[9.2143416,49.6647107],[9.2142679,49.6643635],[9.2140749,49.6637049],[9.2138327,49.6631242],[9.2135362,49.6625707],[9.2133621,49.6623173],[9.213196,49.6620737],[9.2130567,49.6618788],[9.2129876,49.6617763],[9.2129431,49.6616811],[9.212875,49.6614435],[9.2128388,49.6613169],[9.2127697,49.6611114],[9.2126876,49.6609524],[9.21259,49.6608145],[9.2124626,49.6606663],[9.2121005,49.6602974],[9.2115396,49.6596648],[9.2109722,49.6588322],[9.2107334,49.6585034],[9.2099392,49.6575726],[9.2093415,49.656804],[9.2089708,49.6561554],[9.2087668,49.6554806],[9.2087021,49.6548821],[9.2087707,49.6543367],[9.2089991,49.6538085],[9.2095451,49.6532891],[9.2099552,49.6530059],[9.2102971,49.652812],[9.2107408,49.6526497],[9.2112025,49.6524928],[9.2118367,49.6523875],[9.2122702,49.6523428],[9.2124133,49.6523325],[9.2128118,49.6523114],[9.2135304,49.6522967],[9.214575,49.6523326],[9.2157185,49.6524134],[9.2164662,49.6523296],[9.2177945,49.6519973],[9.2179763,49.6519483],[9.2181947,49.6518684],[9.2183656,49.6517998],[9.218559,49.6517062],[9.2187429,49.6515871],[9.2189337,49.6514448],[9.2193072,49.6511166],[9.2194752,49.6509948],[9.2196805,49.6508832],[9.2200952,49.6507104],[9.2201518,49.650688],[9.2202378,49.650654],[9.2205893,49.6505149],[9.2207238,49.6504487],[9.2207573,49.6504322],[9.2208444,49.6503893],[9.221072,49.650221],[9.2212724,49.6500322],[9.2215076,49.6498106],[9.2218747,49.6494648],[9.2221149,49.6491757],[9.2221348,49.6491499],[9.222316,49.6489159],[9.2223637,49.6487452],[9.2223286,49.6486579],[9.2222249,49.6485708]]}},{"type":"Feature","properties":{"source":"osm_exact_topology_chain","lines":["84","94"],"line_count":2,"segment_count":2,"osm_way_ids":["285794414","700408285"]},"geometry":{"type":"LineString","coordinates":[[9.219818,49.646616],[9.2197779,49.6466791],[9.2197562,49.6467466],[9.21976,49.6468172],[9.2197728,49.6468853]]}},{"type":"Feature","properties":{"source":"osm_exact_topology_chain","lines":["84","94"],"line_count":2,"segment_count":1,"osm_way_ids":["1342086971"]},"geometry":{"type":"LineString","coordinates":[[9.2101156,49.6688367],[9.2100325,49.6688035],[9.2095163,49.6686806]]}},{"type":"Feature","properties":{"source":"osm_exact_topology_chain","lines":["84","94"],"line_count":2,"segment_count":10,"osm_way_ids":["40295073","183717933","40295074","54264560","1212620233","170304590","170128105","170188287","170188289","54264571"]},"geometry":{"type":"LineString","coordinates":[[9.2095163,49.6686806],[9.2094139,49.6686671],[9.2093195,49.6686538],[9.2085605,49.6685472],[9.2080592,49.6684887],[9.2076714,49.6685105],[9.2074943,49.6685331],[9.207229,49.6685897],[9.2068737,49.6687123],[9.2061883,49.6689865],[9.2056441,49.6691495],[9.2050804,49.6692912],[9.2049046,49.6693247],[9.2046646,49.6693712],[9.2044621,49.6694103],[9.2042482,49.669458],[9.2040235,49.669511],[9.2036478,49.6695995],[9.2029403,49.6698296],[9.2027899,49.6698991],[9.2021388,49.6701999],[9.1996647,49.6713789],[9.1984517,49.6719354],[9.1981769,49.6720463],[9.1979862,49.6721071],[9.1977573,49.6721634],[9.197499,49.6722084],[9.1972159,49.6722425],[9.197013,49.6722583],[9.1947728,49.6722972],[9.194593,49.6723032],[9.1934308,49.6723417],[9.1928733,49.6723819],[9.192254,49.6724884],[9.1916657,49.6726759],[9.1915498,49.6727296],[9.1910561,49.6730037],[9.1903796,49.6734681],[9.18993,49.6737803],[9.189453,49.6740295],[9.1887392,49.6742312],[9.188081,49.6743264],[9.1869065,49.6744231],[9.1852368,49.6745575],[9.1841509,49.6746537],[9.1837418,49.6746572],[9.1833776,49.6746041],[9.1831458,49.6745609],[9.1828928,49.6744991],[9.1827579,49.6744672],[9.1825177,49.6744308],[9.1822728,49.6744171],[9.1820584,49.674415],[9.1818504,49.6744319],[9.1816621,49.6744564],[9.1814574,49.6744978],[9.1810524,49.6745975],[9.1806344,49.6747259],[9.1802669,49.6748357],[9.180063,49.674893],[9.1799686,49.6749186],[9.1798855,49.6749397],[9.1797719,49.6749579],[9.1796473,49.6749657],[9.1795355,49.6749648],[9.1794514,49.6749576],[9.1793813,49.6749487],[9.1792938,49.6749316],[9.1792103,49.6749088],[9.1790632,49.6748607],[9.1788747,49.6747898],[9.1786996,49.6747245],[9.1785633,49.6746852],[9.1784247,49.6746491],[9.1781302,49.6745982],[9.1778067,49.6745628],[9.1772854,49.6745107],[9.1770924,49.6744953],[9.176899,49.6744801],[9.1767544,49.674471],[9.1765307,49.6744569],[9.1764399,49.6744552],[9.1763339,49.6744532],[9.1761369,49.6744542]]}},{"type":"Feature","properties":{"source":"osm_exact_topology_chain","lines":["84","94"],"line_count":2,"segment_count":1,"osm_way_ids":["309644023"]},"geometry":{"type":"LineString","coordinates":[[9.2095163,49.6686806],[9.2098605,49.6687068],[9.2100498,49.6687166],[9.2101074,49.6687089]]}},{"type":"Feature","properties":{"source":"osm_exact_topology_chain","lines":["84","94"],"line_count":2,"segment_count":1,"osm_way_ids":["1342088113"]},"geometry":{"type":"LineString","coordinates":[[9.210122,49.6686983],[9.2101404,49.6686849],[9.2101831,49.6686678],[9.2102345,49.6686596],[9.2102877,49.6686621]]}},{"type":"Feature","properties":{"source":"osm_exact_topology_chain","lines":["84","94","97"],"line_count":3,"segment_count":9,"osm_way_ids":["44823355","44823360","44823362","44823358","44823359","148827159","234580797","285794415","235776997"]},"geometry":{"type":"LineString","coordinates":[[9.2222249,49.6485708],[9.2220739,49.6484645],[9.2218496,49.6483161],[9.2217838,49.6482725],[9.2214872,49.6480572],[9.221416,49.6480055],[9.2212643,49.6478969],[9.221215,49.6478616],[9.2209626,49.6477061],[9.2209178,49.6476735],[9.2207969,49.6475883],[9.2207759,49.6475735],[9.2202819,49.6472265],[9.2201975,49.6471711],[9.2199922,49.6470258],[9.2198073,49.6469093],[9.2197943,49.6469005],[9.2197728,49.6468853],[9.2196625,49.6468111],[9.2196503,49.6468015]]}},{"type":"Feature","properties":{"source":"osm_exact_topology_chain","lines":["84","94","97"],"line_count":3,"segment_count":1,"osm_way_ids":["1343524074"]},"geometry":{"type":"LineString","coordinates":[[9.2194806,49.646808],[9.2194461,49.646791],[9.2194202,49.6467683],[9.2194049,49.6467418],[9.2194015,49.6467137]]}},{"type":"Feature","properties":{"source":"osm_exact_topology_chain","lines":["84","93","94","97","98","40N"],"line_count":6,"segment_count":1,"osm_way_ids":["1343524075"]},"geometry":{"type":"LineString","coordinates":[[9.2196503,49.6468015],[9.2196109,49.6468152],[9.219567,49.6468211],[9.2195224,49.6468185],[9.2194806,49.646808]]}},{"type":"Feature","properties":{"source":"osm_exact_topology_chain","lines":["84","93","94","97","98","40N"],"line_count":6,"segment_count":4,"osm_way_ids":["1343524073","1343524072","230529602","309961424"]},"geometry":{"type":"LineString","coordinates":[[9.2194015,49.6467137],[9.2194089,49.6466884],[9.219426,49.6466651],[9.2194515,49.6466453],[9.2194878,49.6466292],[9.2195296,49.6466201],[9.2195736,49.646619],[9.2196274,49.6466292],[9.2199109,49.6465039],[9.22,49.6464635],[9.2201087,49.6464092],[9.2202554,49.6463361],[9.2204336,49.6462508],[9.2205989,49.6461661],[9.2207637,49.6460849],[9.2212033,49.6458666],[9.2212667,49.6458352],[9.2217997,49.6455807],[9.2220108,49.6454815],[9.2221913,49.6453899],[9.2224574,49.6452549],[9.2225961,49.6451668],[9.2226873,49.6450964]]}},{"type":"Feature","properties":{"source":"osm_exact_topology_chain","lines":["84","92","93","94","95","96","97","98","99","40N"],"line_count":10,"segment_count":4,"osm_way_ids":["1343716124","1343712942","1343712938","1343712941"]},"geometry":{"type":"LineString","coordinates":[[9.2226873,49.6450964],[9.2226705,49.6450564],[9.2226752,49.6450149],[9.2227009,49.6449768],[9.222742,49.6449479],[9.2227952,49.6449289],[9.2228547,49.6449217],[9.2229149,49.6449271],[9.2229692,49.6449444],[9.2230124,49.6449721],[9.2230398,49.645007],[9.223049,49.6450447],[9.2230397,49.6450824],[9.2230131,49.6451164],[9.2229716,49.6451435],[9.2229175,49.6451614],[9.2228573,49.6451674],[9.2227975,49.6451606]]}},{"type":"Feature","properties":{"source":"osm_exact_topology_chain","lines":["84","92","94","95","96","97","98","99"],"line_count":8,"segment_count":1,"osm_way_ids":["26119565"]},"geometry":{"type":"LineString","coordinates":[[9.2229716,49.6451435],[9.2230089,49.6451775],[9.2230315,49.6452338],[9.2230281,49.6452939],[9.2230104,49.645347],[9.2229669,49.6453965],[9.2229192,49.6454295],[9.2228493,49.6454587],[9.2227449,49.6454808],[9.2223589,49.6455257],[9.2222006,49.6455693]]}},{"type":"Feature","properties":{"source":"osm_exact_topology_chain","lines":["84","92","94","95","96","97","98","99"],"line_count":8,"segment_count":3,"osm_way_ids":["189193383","764575115","189193386"]},"geometry":{"type":"LineString","coordinates":[[9.2222006,49.6455693],[9.2218109,49.6457382],[9.221563,49.6458589],[9.2215319,49.6459099],[9.2215597,49.6459588],[9.2216369,49.6459831],[9.221721,49.6459759],[9.221972,49.6458663],[9.2221194,49.6457843],[9.2221376,49.6457734],[9.2222152,49.6457124],[9.2222206,49.6456322],[9.2222006,49.6455693]]}},{"type":"Feature","properties":{"source":"osm_exact_topology_chain","lines":["25","29","30"],"line_count":3,"segment_count":1,"osm_way_ids":["49041272"]},"geometry":{"type":"LineString","coordinates":[[9.24247,50.0878006],[9.2424859,50.0877744],[9.242496,50.0877564],[9.2425168,50.0877245],[9.2425288,50.0877056],[9.2425436,50.0876854],[9.2426254,50.0875808],[9.2426583,50.0875357],[9.2428319,50.0872926],[9.2428742,50.0872181],[9.2429231,50.08712],[9.2429432,50.0870813],[9.2429506,50.0870581],[9.2429566,50.0870348],[9.242968,50.0870103],[9.2429828,50.086988],[9.2430049,50.0869651],[9.2430304,50.0869428],[9.2430612,50.086921],[9.2430907,50.0869006],[9.2431149,50.0868847],[9.2431397,50.0868705],[9.2431712,50.0868567],[9.2432074,50.0868451],[9.2432575,50.0868309],[9.2432852,50.0868236],[9.2433596,50.0868029],[9.2433891,50.0867948],[9.2434314,50.0867836],[9.2434703,50.0867746],[9.2435077,50.0867648],[9.2435501,50.086753],[9.2435903,50.0867406],[9.2436252,50.0867285],[9.2436654,50.0867139],[9.2436963,50.086701],[9.2437305,50.0866851],[9.243765,50.0866671],[9.2438009,50.0866476],[9.243831,50.0866296],[9.2438585,50.0866102],[9.2438827,50.0865917],[9.2439926,50.0865138],[9.2440228,50.0864936],[9.2440879,50.086454],[9.244116,50.0864351],[9.2441481,50.0864171],[9.244175,50.0864037],[9.244201,50.08639],[9.2442182,50.0863824],[9.2442448,50.0863706],[9.2442773,50.0863562],[9.2443212,50.0863379],[9.2443541,50.0863249],[9.2443883,50.0863129],[9.2444204,50.0863017]]}},{"type":"Feature","properties":{"source":"osm_exact_topology_chain","lines":["25","30"],"line_count":2,"segment_count":4,"osm_way_ids":["10968922","26666874","512132068","723966385"]},"geometry":{"type":"LineString","coordinates":[[9.24247,50.0878006],[9.2424645,50.0878123],[9.2424551,50.0878334],[9.2424429,50.087874],[9.2424168,50.0879362],[9.2423974,50.0879809],[9.2423887,50.0880029],[9.2423766,50.0880303],[9.2423645,50.0880541],[9.2423377,50.088101],[9.2423109,50.088141],[9.2422901,50.0881698],[9.2422687,50.0881969],[9.2422406,50.088234],[9.2422271,50.0882516],[9.2422096,50.0882726],[9.2421828,50.0883002],[9.2420287,50.0884431],[9.2418127,50.0886435],[9.2417644,50.0886891],[9.2417242,50.088733],[9.2416906,50.0887717],[9.241637,50.0888285],[9.2415565,50.0889089],[9.2414942,50.088973],[9.2414374,50.0890362],[9.2414077,50.0890716],[9.2412329,50.0893106],[9.2412105,50.0893405],[9.2411931,50.0893646],[9.2411743,50.0893895],[9.2410965,50.0895065],[9.2410617,50.0895642],[9.2410442,50.0895943],[9.2410268,50.0896261],[9.2409906,50.0896932],[9.2409691,50.0897345],[9.2409528,50.0897684],[9.2409195,50.0898412],[9.2409088,50.0898662],[9.240898,50.0898959],[9.2408872,50.0899283],[9.2408786,50.0899492],[9.2408674,50.0899825],[9.2408558,50.0900215],[9.2408505,50.0900403],[9.2408417,50.090071],[9.2408345,50.0900986]]}},{"type":"Feature","properties":{"source":"osm_exact_topology_chain","lines":["25","30"],"line_count":2,"segment_count":3,"osm_way_ids":["723976163","10968919","492373141"]},"geometry":{"type":"LineString","coordinates":[[9.2408345,50.0900986],[9.2408357,50.0901953],[9.2408323,50.0902788],[9.240827,50.0903175],[9.2408189,50.0903502],[9.2408109,50.0903859],[9.2407995,50.0904203],[9.2407881,50.0904551],[9.240774,50.0904866],[9.2407599,50.090524],[9.2407492,50.0905575],[9.2407411,50.090601],[9.2407338,50.0906604],[9.2407297,50.0907116],[9.2407237,50.0908755],[9.2407227,50.090985],[9.2407224,50.0910118],[9.2407224,50.091063],[9.2407157,50.0911168],[9.2406902,50.0911758]]}},{"type":"Feature","properties":{"source":"osm_exact_topology_chain","lines":["25","30"],"line_count":2,"segment_count":2,"osm_way_ids":["723976165","723966386"]},"geometry":{"type":"LineString","coordinates":[[9.2408345,50.0900986],[9.2407753,50.0902263],[9.2407089,50.0904031],[9.2406902,50.0904595],[9.2406788,50.0905184],[9.2406741,50.0906328],[9.2406741,50.0907559],[9.2406566,50.0911078],[9.2406902,50.0911758]]}},{"type":"Feature","properties":{"source":"osm_exact_topology_chain","lines":["25","30"],"line_count":2,"segment_count":3,"osm_way_ids":["492366277","492366281","10968918"]},"geometry":{"type":"LineString","coordinates":[[9.2406902,50.0911758],[9.2406962,50.0912244],[9.2407016,50.0912601],[9.2407069,50.0912962],[9.2407143,50.0913358],[9.2407224,50.0913771],[9.2407291,50.0914141],[9.2407371,50.0914571],[9.2407425,50.0914829],[9.2407505,50.0915191],[9.2407586,50.0915483],[9.2407653,50.0915793],[9.240784,50.0916516],[9.2407976,50.0916986],[9.2408256,50.0918064],[9.240839,50.0918555],[9.2408565,50.0919054],[9.2408739,50.0919553],[9.2408927,50.0920069],[9.2409101,50.0920551],[9.2409329,50.0921299],[9.2409651,50.0922263],[9.2409767,50.092258],[9.241,50.0923442],[9.241012,50.0923945],[9.2410201,50.0924315],[9.2410288,50.0924741],[9.2410322,50.0925021],[9.2410368,50.092539],[9.2410422,50.0925902],[9.2410476,50.092641],[9.2410523,50.0926961],[9.2410563,50.0927473],[9.2410579,50.0928131],[9.2410603,50.0928948],[9.2410603,50.0929344],[9.2410576,50.0929817],[9.2410536,50.0930617],[9.2410496,50.0931762],[9.2410482,50.093214],[9.2410482,50.093245],[9.2410506,50.0932888],[9.2410536,50.0933327],[9.2410576,50.0933723],[9.241063,50.0934119],[9.241071,50.0934558],[9.2410804,50.0934979],[9.2410965,50.0935573],[9.2411368,50.0937027],[9.2411488,50.0937586],[9.2411564,50.0937984],[9.2411609,50.0938447],[9.2411649,50.0938877],[9.2411636,50.0939367],[9.2411596,50.0939823],[9.2411528,50.0940271],[9.2411394,50.0940813],[9.2411247,50.0941329],[9.2411062,50.0941838],[9.2410777,50.0942421],[9.2410563,50.0942843],[9.2410284,50.09433],[9.240973,50.0944044],[9.2409481,50.0944298],[9.2409178,50.0944632],[9.2408833,50.0944932],[9.24085,50.0945222],[9.2408095,50.0945503],[9.2407615,50.0945795],[9.2407203,50.0946038],[9.2406827,50.0946265]]}},{"type":"Feature","properties":{"source":"osm_exact_topology_chain","lines":["5","63"],"line_count":2,"segment_count":12,"osm_way_ids":["186430058","22991653","385733549","266197050","4903337","758801361","148993909","382544018","382544017","5048833","159231420","186430057"]},"geometry":{"type":"LineString","coordinates":[[9.1815198,49.9567474],[9.1814994,49.9564739],[9.1815612,49.9562143],[9.181626,49.9560819],[9.1817438,49.9559267],[9.181851,49.9558097],[9.1819917,49.9556736],[9.1821513,49.9555498],[9.182352,49.9554236],[9.183077,49.9550826],[9.1836073,49.9548747],[9.183733,49.9548098],[9.1839102,49.9547064],[9.1840253,49.9546294],[9.1841356,49.9545405],[9.1843611,49.9542947],[9.1844877,49.9541808],[9.1846381,49.9540557],[9.184756,49.9539627],[9.1848945,49.9538811],[9.1851024,49.9538111],[9.1853127,49.953767],[9.1861729,49.9536197],[9.186361,49.9535906],[9.1864093,49.953581],[9.186719,49.9535192],[9.186964,49.953463],[9.1874148,49.9533647],[9.1877904,49.9532835],[9.1881225,49.953233],[9.188444,49.9532082],[9.1888243,49.9532],[9.1895083,49.9531985],[9.1899625,49.953187],[9.1904664,49.9531429],[9.1914482,49.953014],[9.1921024,49.9529197],[9.1927289,49.9527963],[9.1929945,49.9527553],[9.1932739,49.9527359],[9.1936049,49.9527337],[9.1943515,49.9528085],[9.1947128,49.9528248],[9.1948954,49.9528319],[9.1950585,49.9528224],[9.1953035,49.9527819],[9.1956799,49.952658],[9.1959667,49.9525594],[9.1960681,49.9525246],[9.1964541,49.9524111],[9.1967489,49.9523413],[9.1972932,49.9522679],[9.1975553,49.9522],[9.1978277,49.9520743],[9.1980772,49.9518775],[9.1982748,49.9516496],[9.1985122,49.9513632],[9.1986683,49.9512222],[9.198813,49.9511074],[9.1989949,49.9509953],[9.1991649,49.950922],[9.1993342,49.9508636],[9.1994306,49.950831],[9.1996285,49.9507604],[9.2002264,49.9505708],[9.200472,49.9504607],[9.201604,49.9499253],[9.2017708,49.9498393],[9.2018973,49.949754],[9.2026413,49.9489344],[9.2027457,49.9487341],[9.2029219,49.9481857],[9.2029757,49.9480183],[9.2031371,49.947577],[9.203236,49.9473425],[9.2033421,49.9471163],[9.2034337,49.9469828],[9.203629,49.9469134],[9.2038313,49.946878],[9.2040585,49.9468382],[9.2045211,49.9467792],[9.2052273,49.9467366],[9.2053385,49.946723],[9.2059689,49.9466302],[9.2075067,49.9461904],[9.207669,49.9461229],[9.2078515,49.9460126],[9.2080383,49.9458997],[9.2082343,49.9458124],[9.2084859,49.945766],[9.2087088,49.9457127],[9.2088689,49.9456561],[9.20946,49.9454214],[9.2096861,49.9453527],[9.210336,49.945113],[9.2104869,49.9450707],[9.2112655,49.944946],[9.2113966,49.9448913],[9.211441,49.9447962],[9.2114499,49.9445672],[9.2114556,49.9444192],[9.2114573,49.9444062],[9.211478,49.9441772],[9.211671,49.9438203],[9.2119035,49.9434832],[9.2120348,49.9433094],[9.2121417,49.9431931],[9.2122159,49.9431142],[9.2122473,49.9430793],[9.2123967,49.942913],[9.2128385,49.942472],[9.2131754,49.9421505],[9.2133905,49.9419573],[9.2135167,49.9418529],[9.2136964,49.9417668],[9.2136739,49.9416857],[9.2136666,49.9416142],[9.2136633,49.9415609]]}},{"type":"Feature","properties":{"source":"osm_exact_topology_chain","lines":["5","16"],"line_count":2,"segment_count":4,"osm_way_ids":["181937657","266394045","223361368","26346951"]},"geometry":{"type":"LineString","coordinates":[[9.2277498,49.9439451],[9.2282601,49.9438976],[9.2287533,49.9438851],[9.2291568,49.9438766],[9.2292566,49.9438867],[9.2293509,49.9439131],[9.229454,49.9439565],[9.2295738,49.9439622],[9.2297852,49.9439747],[9.2300328,49.9439951],[9.2304101,49.943929],[9.2308414,49.9438269]]}},{"type":"Feature","properties":{"source":"osm_exact_topology_chain","lines":["5","16"],"line_count":2,"segment_count":4,"osm_way_ids":["1040893605","1126456822","223361369","40286423"]},"geometry":{"type":"LineString","coordinates":[[9.2308414,49.9438269],[9.2309444,49.9437447],[9.2309873,49.9437124],[9.2310214,49.943708],[9.23112,49.9437136],[9.2311541,49.9437382],[9.2311864,49.9438429],[9.2308414,49.9438269]]}},{"type":"Feature","properties":{"source":"osm_exact_topology_chain","lines":["12","16"],"line_count":2,"segment_count":1,"osm_way_ids":["38564847"]},"geometry":{"type":"LineString","coordinates":[[9.1412478,49.9802173],[9.1409448,49.9802284]]}},{"type":"Feature","properties":{"source":"osm_exact_topology_chain","lines":["12","16"],"line_count":2,"segment_count":2,"osm_way_ids":["23754319","279820909"]},"geometry":{"type":"LineString","coordinates":[[9.1872568,49.9737916],[9.1872839,49.9736058],[9.1872532,49.9735028],[9.1872355,49.9736081],[9.1872568,49.9737916]]}},{"type":"Feature","properties":{"source":"osm_exact_topology_chain","lines":["12","16"],"line_count":2,"segment_count":1,"osm_way_ids":["279820908"]},"geometry":{"type":"LineString","coordinates":[[9.1872568,49.9737916],[9.1872462,49.9739637]]}},{"type":"Feature","properties":{"source":"osm_exact_topology_chain","lines":["12","16"],"line_count":2,"segment_count":6,"osm_way_ids":["23597570","279820910","279394589","319388436","186451010","23597569"]},"geometry":{"type":"LineString","coordinates":[[9.1872462,49.9739637],[9.1872361,49.9742872],[9.1870876,49.974654],[9.1869704,49.9749038],[9.1868136,49.9752279],[9.1867429,49.9754196],[9.1866952,49.9756089],[9.1867031,49.9758695],[9.1867473,49.9761783],[9.1868535,49.9764068],[9.1868634,49.9764249],[9.1869549,49.9765641],[9.1870417,49.976699],[9.187054,49.9767746],[9.1870258,49.9768533],[9.1870005,49.9768667],[9.1869215,49.9769086],[9.1868466,49.9769345],[9.1867586,49.9769452],[9.1866925,49.976941],[9.1866227,49.9769364],[9.1859527,49.9769049],[9.1857666,49.9768729],[9.1856106,49.9767973],[9.185453,49.9766832],[9.1853585,49.976495],[9.1853225,49.9762853],[9.185338,49.9760537],[9.1853626,49.9757779],[9.1854341,49.9754611],[9.1855552,49.9751553],[9.1857807,49.9745857],[9.1859268,49.9744399],[9.1859923,49.9744117],[9.1862769,49.9742914],[9.1864299,49.9742359],[9.1866607,49.9741581],[9.1870131,49.9740439],[9.1872462,49.9739637]]}},{"type":"Feature","properties":{"source":"osm_exact_topology_chain","lines":["12","16","43"],"line_count":3,"segment_count":26,"osm_way_ids":["32070711","49120459","83343394","49120472","10058252","339300221","575971195","103089001","575971194","575971191","228086398","49120474","30761760","289144550","287051322","1303531804","186792391","162227837","185835545","59915703","44156405","411716913","411716914","411716916","23302925","411716917"]},"geometry":{"type":"LineString","coordinates":[[9.1554376,49.9765437],[9.1556098,49.9765073],[9.1558851,49.9764687],[9.1560637,49.9764464],[9.1564622,49.9764251],[9.1577335,49.9762617],[9.1580924,49.9762115],[9.1581442,49.9762046],[9.158484,49.9761626],[9.1592338,49.9760646],[9.1600791,49.9759486],[9.1602488,49.9759445],[9.1605993,49.9759568],[9.1608127,49.9759639],[9.160862,49.9759656],[9.1609641,49.9759685],[9.1610161,49.97597],[9.1610331,49.9759704],[9.161143,49.9759727],[9.1611549,49.975973],[9.1612262,49.9759745],[9.1613508,49.975975],[9.161397,49.9759752],[9.1615615,49.9759764],[9.1617617,49.9759731],[9.1620575,49.975953],[9.1623651,49.9758902],[9.1624121,49.9758793],[9.1626932,49.9758491],[9.1627653,49.9758421],[9.1629992,49.9758132],[9.1634048,49.9757489],[9.163574,49.9757221],[9.1648544,49.9754973],[9.1668896,49.9751471],[9.1673688,49.9750647],[9.167755,49.975004],[9.1680902,49.9749467],[9.168862,49.9748143],[9.170047,49.9746072],[9.170737,49.974488],[9.1709045,49.9744591],[9.1709158,49.974456],[9.1712327,49.9743698],[9.1713663,49.97433],[9.1715173,49.9742772],[9.1718739,49.9741564],[9.1722142,49.974041],[9.1724751,49.9739959],[9.1737911,49.9740485],[9.1744081,49.974086],[9.1749563,49.9741189],[9.175877,49.9741883],[9.1781657,49.9746218],[9.1791573,49.9747613],[9.1802154,49.9749089],[9.1809268,49.9749985],[9.1812321,49.9750095],[9.1815478,49.9749905],[9.1819231,49.9749161],[9.1823715,49.9747578],[9.1825894,49.9746629],[9.1831059,49.9744047],[9.1834444,49.9742246],[9.1835306,49.9741958],[9.1837875,49.9741098],[9.1841376,49.9739946],[9.1844988,49.9738974],[9.1856088,49.9736207],[9.1860945,49.9735675],[9.1865853,49.9735309],[9.1872532,49.9735028]]}},{"type":"Feature","properties":{"source":"osm_exact_topology_chain","lines":["16","43"],"line_count":2,"segment_count":8,"osm_way_ids":["185835546","1137596563","23718690","46986296","46986289","840853063","840853062","181937642"]},"geometry":{"type":"LineString","coordinates":[[9.1872532,49.9735028],[9.1885856,49.9734598],[9.1893955,49.9733766],[9.1898401,49.9732656],[9.1902763,49.9731128],[9.1905383,49.9729895],[9.1907853,49.9728508],[9.1910008,49.972706],[9.1911756,49.9725574],[9.1913701,49.9723353],[9.191521,49.972095],[9.1915852,49.9719674],[9.1916559,49.9717622],[9.1917993,49.971346],[9.191881,49.9711342],[9.1919841,49.9710064],[9.1921639,49.970871],[9.1922923,49.9707971],[9.1923698,49.9707641],[9.1924304,49.9707383],[9.1928787,49.9705381],[9.1931953,49.9703929],[9.1935014,49.9702615],[9.1937393,49.9701875],[9.1940586,49.9700464],[9.194136,49.9699723],[9.1944514,49.9696702],[9.1946634,49.9694897],[9.1947826,49.9693883],[9.1952358,49.9690701],[9.195351,49.9689988],[9.1954195,49.9689571],[9.1956193,49.9688354],[9.1961517,49.9685112],[9.196357,49.9683958],[9.1964618,49.9683392],[9.1966,49.9682638],[9.19665,49.9682366],[9.1970638,49.9679942],[9.1974431,49.9676415],[9.1976012,49.9675576],[9.1978597,49.9674129],[9.1981323,49.9673586],[9.1995332,49.9672619],[9.199645,49.9672532],[9.1997795,49.9672421],[9.2000756,49.9672121],[9.2002747,49.9671927],[9.2006914,49.9671521],[9.2014177,49.967055],[9.2017695,49.967009],[9.2020421,49.9669757],[9.2022849,49.9669412],[9.202972,49.9668652],[9.2035662,49.9668852],[9.2038895,49.9668982],[9.2041072,49.9668874],[9.2043153,49.9668365],[9.2045071,49.9667688]]}},{"type":"Feature","properties":{"source":"osm_exact_topology_chain","lines":["16","43"],"line_count":2,"segment_count":6,"osm_way_ids":["22328044","43563458","1116323127","360344876","22328043","385736627"]},"geometry":{"type":"LineString","coordinates":[[9.2045071,49.9667688],[9.2051834,49.9664723],[9.2055846,49.9663071],[9.205783,49.966225],[9.2061098,49.9660582],[9.2066281,49.9658187],[9.2066853,49.9657646],[9.2070111,49.9654235],[9.2071431,49.9652672],[9.2069764,49.9652334],[9.2061183,49.9650409],[9.2057411,49.9649562],[9.2048509,49.9647804],[9.2044895,49.9647127],[9.2041183,49.9646458]]}},{"type":"Feature","properties":{"source":"osm_exact_topology_chain","lines":["16","43"],"line_count":2,"segment_count":2,"osm_way_ids":["22795408","181937647"]},"geometry":{"type":"LineString","coordinates":[[9.2045071,49.9667688],[9.2043909,49.9666996],[9.2037699,49.9663305],[9.203436,49.966132],[9.2031669,49.9659705],[9.2030458,49.9658788],[9.2029605,49.9657659],[9.2028001,49.9654767],[9.2026886,49.9653817],[9.2023504,49.9652328],[9.2020085,49.9650544],[9.2019663,49.965016],[9.201965,49.9649558]]}},{"type":"Feature","properties":{"source":"osm_exact_topology_chain","lines":["40","64"],"line_count":2,"segment_count":2,"osm_way_ids":["499866854","1163687116"]},"geometry":{"type":"LineString","coordinates":[[9.2884359,49.8615997],[9.2886281,49.8615503],[9.2887919,49.8614912],[9.288919,49.8614364]]}},{"type":"Feature","properties":{"source":"osm_exact_topology_chain","lines":["8","9","24","25"],"line_count":4,"segment_count":1,"osm_way_ids":["38564832"]},"geometry":{"type":"LineString","coordinates":[[9.1419783,49.9800673],[9.141505,49.9800807]]}},{"type":"Feature","properties":{"source":"osm_exact_topology_chain","lines":["8","9","25"],"line_count":3,"segment_count":9,"osm_way_ids":["254187203","254187201","413795808","413795807","187017230","413795806","413265002","85278200","413264999"]},"geometry":{"type":"LineString","coordinates":[[9.1463181,49.9820948],[9.1463146,49.9821377],[9.1462771,49.9824397],[9.1462067,49.982931],[9.1461562,49.9833375],[9.1452924,49.9840775],[9.1443517,49.9849164],[9.1436497,49.9851695],[9.1431181,49.9853612],[9.1423702,49.9856339],[9.1422802,49.9856667],[9.142104,49.9857331],[9.1420207,49.9857636],[9.1419053,49.9857958],[9.1416276,49.9858733],[9.1413995,49.9859211],[9.1412497,49.9859441],[9.141056,49.9859684],[9.1408329,49.9859743],[9.140463,49.9859772],[9.1405051,49.9861973],[9.1405426,49.9862378],[9.1405532,49.9863306],[9.1405707,49.9864385],[9.140564,49.9865148],[9.1406028,49.9867771]]}},{"type":"Feature","properties":{"source":"osm_exact_topology_chain","lines":["8","9"],"line_count":2,"segment_count":6,"osm_way_ids":["314988140","314988136","81755864","309708135","1030665004","30761620"]},"geometry":{"type":"LineString","coordinates":[[9.1406028,49.9867771],[9.1404913,49.9867944],[9.1404553,49.9867982],[9.140194,49.9868244],[9.1399218,49.9868232],[9.1396052,49.9867969],[9.1393819,49.9867512],[9.1391644,49.9866812],[9.1389137,49.98658],[9.1384286,49.9863344],[9.1378901,49.986032],[9.1376436,49.9859122],[9.1369932,49.9856966],[9.1367314,49.9856321],[9.1362623,49.9855915]]}},{"type":"Feature","properties":{"source":"osm_exact_topology_chain","lines":["8","9"],"line_count":2,"segment_count":10,"osm_way_ids":["22605185","24204239","26528083","436895701","436895702","319136226","187017223","187017221","187017222","187017227"]},"geometry":{"type":"LineString","coordinates":[[9.1407159,49.990068],[9.1400658,49.99007],[9.1396602,49.9901135],[9.1385493,49.9902632],[9.1382801,49.9903108],[9.1381599,49.9903362],[9.1384238,49.9908104],[9.1386219,49.9911075],[9.1386976,49.9912211],[9.1388451,49.9913883],[9.1389136,49.9914199],[9.1389554,49.9913874],[9.139114,49.9913606],[9.1399574,49.9912154],[9.1404158,49.9911591],[9.1405474,49.9911502],[9.1406194,49.9911454],[9.1418093,49.9910836],[9.1423492,49.9910374],[9.1430145,49.9909404],[9.1434407,49.9908716],[9.1440491,49.9907626],[9.1443363,49.9907161],[9.1459461,49.9904024],[9.1472522,49.9901603],[9.1472597,49.9896569],[9.1472585,49.9896418],[9.1472426,49.9893735],[9.1471811,49.9890537],[9.1465698,49.9891299],[9.145513,49.9893769],[9.1452378,49.9894508],[9.1438163,49.989852],[9.1421372,49.9900365],[9.1418959,49.9900539],[9.1414878,49.9900705],[9.1411174,49.9900678],[9.1407159,49.990068]]}},{"type":"Feature","properties":{"source":"osm_exact_topology_chain","lines":["8","9","24"],"line_count":3,"segment_count":7,"osm_way_ids":["19793774","1281821278","19793777","254163248","29449113","29449104","254187164"]},"geometry":{"type":"LineString","coordinates":[[9.1362623,49.9855915],[9.1363606,49.9858736],[9.1363647,49.9858852],[9.136391,49.9860054],[9.1363907,49.9860138],[9.1363862,49.9861316],[9.1363644,49.9861875],[9.1363402,49.9862571],[9.1362512,49.9865577],[9.1361643,49.9869858],[9.1362376,49.9872686],[9.1362582,49.9873629],[9.1362954,49.9874214],[9.1364235,49.9876204],[9.1364683,49.9876979],[9.1365051,49.9877522],[9.1365103,49.9877598],[9.1365888,49.9878526],[9.1368596,49.9881729],[9.1375579,49.9890614],[9.1376367,49.9891701],[9.1377811,49.9893694],[9.1378848,49.9896179],[9.1380299,49.9899684],[9.138054,49.9900264],[9.1381599,49.9903362]]}},{"type":"Feature","properties":{"source":"osm_exact_topology_chain","lines":["25","43"],"line_count":2,"segment_count":1,"osm_way_ids":["4903154"]},"geometry":{"type":"LineString","coordinates":[[9.1503661,49.9782548],[9.1503595,49.9782728],[9.150347,49.9782894],[9.1503321,49.978302],[9.1503139,49.9783126],[9.1502832,49.9783236],[9.1502491,49.978329]]}},{"type":"Feature","properties":{"source":"osm_exact_topology_chain","lines":["24","25"],"line_count":2,"segment_count":3,"osm_way_ids":["25206434","442993016","442993011"]},"geometry":{"type":"LineString","coordinates":[[9.1330253,50.0210786],[9.1330291,50.0215346],[9.1330354,50.0217387],[9.1330355,50.0218739],[9.1330424,50.0222667],[9.1330633,50.0229967],[9.1330687,50.0231341],[9.1330801,50.0232033],[9.1331426,50.0235338],[9.1332226,50.0238952],[9.1332856,50.024084],[9.1333922,50.0243591],[9.1336166,50.0248108],[9.1337496,50.0250677],[9.1338372,50.0252184],[9.1339726,50.0254088],[9.1341173,50.0255744],[9.1343075,50.0257424],[9.1343205,50.0257523],[9.1343713,50.0258045]]}},{"type":"Feature","properties":{"source":"osm_exact_topology_chain","lines":["24","25"],"line_count":2,"segment_count":7,"osm_way_ids":["25206433","114472099","10026888","114298877","114298868","114298865","1153475856"]},"geometry":{"type":"LineString","coordinates":[[9.1345274,50.0259959],[9.13464,50.0261711],[9.1348973,50.0264786],[9.1349841,50.0265783],[9.1351019,50.0267241],[9.1351614,50.0268609],[9.1351942,50.0269785],[9.1352638,50.0272622],[9.1353232,50.027472],[9.1353438,50.0275369],[9.1353768,50.027641],[9.135414,50.027745],[9.1354492,50.0278263],[9.1355172,50.0279392],[9.1355773,50.0280038],[9.1358158,50.0282167],[9.136244,50.0286138],[9.136534,50.0288659],[9.1366543,50.02895],[9.13675,50.0290032],[9.1368431,50.0290513],[9.1370343,50.0291094],[9.1372214,50.0291475],[9.1378789,50.0292543],[9.1380388,50.0292645],[9.138164,50.0292672],[9.1381846,50.029267],[9.1383595,50.0292656],[9.1388483,50.0293179],[9.1391333,50.029357],[9.1394097,50.0294049],[9.1396491,50.0294563],[9.1398424,50.0295007],[9.1400063,50.0295507],[9.1401695,50.0296114],[9.1404014,50.0296977],[9.1406254,50.029795],[9.1409356,50.0299185],[9.1412733,50.0300419],[9.1418084,50.0302273],[9.1420764,50.0303191],[9.1422701,50.0303759],[9.1425289,50.030439],[9.1430618,50.0305435],[9.1433562,50.0306012],[9.1435079,50.03064],[9.1436488,50.0306848],[9.1437382,50.0307243],[9.1438242,50.0307798]]}},{"type":"Feature","properties":{"source":"osm_exact_topology_chain","lines":["24","25","26"],"line_count":3,"segment_count":1,"osm_way_ids":["187175933"]},"geometry":{"type":"LineString","coordinates":[[9.1343713,50.0258045],[9.1345274,50.0259959]]}},{"type":"Feature","properties":{"source":"osm_exact_topology_chain","lines":["25","26"],"line_count":2,"segment_count":3,"osm_way_ids":["1157148318","187172543","1154351480"]},"geometry":{"type":"LineString","coordinates":[[9.1534334,50.0491499],[9.1538251,50.0493664],[9.1538964,50.0494051],[9.1542636,50.0496044],[9.1549502,50.0500641],[9.1553105,50.0503548],[9.1555508,50.0506116],[9.1558371,50.0509031],[9.1559428,50.0510104],[9.1559792,50.0510498],[9.156305,50.0514026],[9.1566908,50.051816],[9.1573685,50.0525076],[9.1575946,50.052667],[9.1578111,50.0528196],[9.1578634,50.0528617],[9.158233,50.0531596],[9.1584453,50.0533829],[9.158613,50.0536229],[9.1589,50.0540476],[9.1589964,50.0541903],[9.1590761,50.0542787]]}},{"type":"Feature","properties":{"source":"osm_exact_topology_chain","lines":["25","26"],"line_count":2,"segment_count":1,"osm_way_ids":["26365770"]},"geometry":{"type":"LineString","coordinates":[[9.1590761,50.0542787],[9.1590609,50.0543446],[9.1590408,50.0543693],[9.1589814,50.0544075],[9.158895,50.0544465],[9.1588429,50.0544672],[9.1587848,50.0544893]]}},{"type":"Feature","properties":{"source":"osm_exact_topology_chain","lines":["25","26"],"line_count":2,"segment_count":1,"osm_way_ids":["172926461"]},"geometry":{"type":"LineString","coordinates":[[9.1590761,50.0542787],[9.1589706,50.0543191],[9.1588457,50.0544221],[9.1587848,50.0544893]]}},{"type":"Feature","properties":{"source":"osm_exact_topology_chain","lines":["25","26"],"line_count":2,"segment_count":2,"osm_way_ids":["172926462","172926459"]},"geometry":{"type":"LineString","coordinates":[[9.1587848,50.0544893],[9.1587555,50.0545402],[9.1587534,50.0545478],[9.158735,50.0546166],[9.1587347,50.0546592],[9.1587346,50.0546798],[9.158741,50.0547182],[9.1588344,50.0548887],[9.1593159,50.0553339],[9.1595286,50.0555552],[9.1596551,50.055734],[9.1599556,50.056197],[9.1600503,50.0564425],[9.1601324,50.0567512],[9.1601414,50.0569466]]}},{"type":"Feature","properties":{"source":"osm_exact_topology_chain","lines":["25","26"],"line_count":2,"segment_count":1,"osm_way_ids":["149417956"]},"geometry":{"type":"LineString","coordinates":[[9.1601414,50.0569466],[9.1599856,50.0570536],[9.1599841,50.0571495],[9.1599825,50.0572503],[9.1601064,50.0573471]]}},{"type":"Feature","properties":{"source":"osm_exact_topology_chain","lines":["25","26"],"line_count":2,"segment_count":1,"osm_way_ids":["187172544"]},"geometry":{"type":"LineString","coordinates":[[9.1601414,50.0569466],[9.1601354,50.0571491],[9.1601064,50.0573471]]}},{"type":"Feature","properties":{"source":"osm_exact_topology_chain","lines":["25","26"],"line_count":2,"segment_count":1,"osm_way_ids":["187172545"]},"geometry":{"type":"LineString","coordinates":[[9.1601064,50.0573471],[9.1600214,50.0576218],[9.1598375,50.0580818],[9.1597676,50.0582767],[9.159742,50.0584786],[9.1597418,50.0586429],[9.1597444,50.0586887],[9.1597447,50.0587317],[9.1597547,50.0588659],[9.1597586,50.0588793],[9.1598587,50.0592199],[9.1599503,50.0594415],[9.1600007,50.0596],[9.1600455,50.0598259],[9.1600536,50.0599379],[9.160054,50.0600515],[9.1600435,50.0601975],[9.1599738,50.0606848],[9.1599142,50.0611992],[9.1598853,50.0613391],[9.159849,50.0615449],[9.1598046,50.0617555]]}},{"type":"Feature","properties":{"source":"osm_exact_topology_chain","lines":["25","26"],"line_count":2,"segment_count":1,"osm_way_ids":["27374197"]},"geometry":{"type":"LineString","coordinates":[[9.1599831,50.0618966],[9.1603908,50.0619055],[9.1608046,50.0619138],[9.1611973,50.0619038],[9.1612465,50.061909],[9.1612968,50.0619194],[9.1613545,50.0619413],[9.1614128,50.0619792],[9.161457,50.0620171],[9.1614845,50.0620567],[9.1615992,50.0627261],[9.1616385,50.0629507],[9.1616759,50.0631575],[9.1617173,50.0633342],[9.1617877,50.0636342],[9.1618561,50.063877],[9.1620377,50.0644217],[9.1624554,50.0655287],[9.1624983,50.0656423],[9.1629217,50.0661477],[9.1629434,50.0661736],[9.163466,50.0667617],[9.1637865,50.0671126],[9.1639459,50.0672462],[9.164977,50.0681149],[9.1652645,50.0683242],[9.165676,50.0685903],[9.1657342,50.0686048],[9.1657919,50.06861],[9.1658879,50.0686151]]}},{"type":"Feature","properties":{"source":"osm_exact_topology_chain","lines":["25","26"],"line_count":2,"segment_count":1,"osm_way_ids":["26365771"]},"geometry":{"type":"LineString","coordinates":[[9.1596357,50.0619692],[9.1596072,50.0619429],[9.1595897,50.0619129],[9.1595876,50.0618595],[9.1596073,50.0618233],[9.159626,50.0618046],[9.1596494,50.0617883],[9.1597093,50.0617641],[9.1598046,50.0617555],[9.1598652,50.0617658],[9.1599178,50.0617876],[9.1599573,50.0618189],[9.1599798,50.0618564],[9.1599831,50.0618966],[9.1599753,50.061921],[9.1599604,50.061944],[9.1599388,50.0619646],[9.1599114,50.0619823],[9.1598793,50.0619961],[9.1598435,50.0620058],[9.1598056,50.0620108],[9.1597668,50.0620111],[9.1597181,50.0620043],[9.1596734,50.0619901],[9.1596357,50.0619692]]}},{"type":"Feature","properties":{"source":"osm_exact_topology_chain","lines":["23","25","26"],"line_count":3,"segment_count":13,"osm_way_ids":["27515063","27515061","465274250","32846344","27515062","405944136","187179021","1263866083","1263866084","53504926","251698399","53504933","53504935"]},"geometry":{"type":"LineString","coordinates":[[9.1658879,50.0686151],[9.1658859,50.0687509],[9.1658842,50.0688705],[9.1658835,50.0689182],[9.1658943,50.0690109],[9.1659157,50.0691208],[9.1659468,50.069226],[9.1659622,50.0692778],[9.1659832,50.0693486],[9.1659943,50.0694753],[9.1659951,50.0695848],[9.1659446,50.069825],[9.1658901,50.0699102],[9.1657916,50.070062],[9.1657442,50.0701083],[9.1656141,50.0702278],[9.1656015,50.0702375],[9.1655229,50.070298],[9.165249,50.0704727],[9.1651355,50.070522],[9.1648141,50.0706617],[9.1644136,50.0708127],[9.1636503,50.0711152],[9.1631126,50.0713582],[9.1623321,50.0717377],[9.1620022,50.0718789],[9.1613182,50.0721526],[9.1610929,50.0722542],[9.1608998,50.0723644],[9.1607389,50.0724771],[9.16059,50.0726028],[9.160468,50.0727334],[9.1603594,50.072867],[9.1602762,50.0730108],[9.160203,50.0731905],[9.1601796,50.0732819],[9.1601555,50.0734063],[9.1601421,50.073519],[9.1601387,50.0735578],[9.160118,50.073705],[9.1600864,50.0738689],[9.1600361,50.0740523],[9.1599704,50.074221],[9.1598819,50.0744],[9.1597559,50.0745893],[9.1596506,50.0747195],[9.159493,50.074879],[9.1593442,50.0750184],[9.1590048,50.0752865]]}},{"type":"Feature","properties":{"source":"osm_exact_topology_chain","lines":["23","25"],"line_count":2,"segment_count":15,"osm_way_ids":["53504930","53504925","53504949","251543440","251543446","53504945","251543443","472275932","81934107","81934135","44604090","27515064","27515065","5106348","1104385338"]},"geometry":{"type":"LineString","coordinates":[[9.1590048,50.0752865],[9.1588999,50.0753734],[9.158691,50.0755376],[9.1582709,50.0758709],[9.1580526,50.07605],[9.157944,50.0761528],[9.15783,50.0762875],[9.1577147,50.0764592],[9.157645,50.0765982],[9.1575818,50.0767976],[9.1575656,50.0769779],[9.1575021,50.0775203],[9.1574814,50.077697],[9.1574837,50.0778818],[9.1575214,50.0780261],[9.1575663,50.0781352],[9.1576638,50.0782767],[9.1578113,50.0784713],[9.1579097,50.0786001],[9.157991,50.0787359],[9.1580403,50.078871],[9.1580723,50.0790093],[9.1580725,50.0791456],[9.1580438,50.0793064],[9.1579902,50.0794584],[9.1579104,50.0796187],[9.1575924,50.0800784],[9.1575106,50.0801778],[9.1575015,50.0801917],[9.1574366,50.0802911],[9.1574005,50.080344],[9.1572649,50.0805818],[9.1572225,50.0806863],[9.1571934,50.0807821],[9.1571544,50.0809241],[9.1571513,50.0810993],[9.1571642,50.0812695],[9.1571679,50.081302],[9.1571921,50.0815084],[9.1571733,50.081715],[9.1570917,50.0818719],[9.1570057,50.0819812],[9.1569733,50.0820166],[9.1568053,50.0822001],[9.1562648,50.0827746],[9.1560579,50.0829854],[9.1556558,50.0833037],[9.1554208,50.0834766],[9.1551359,50.083718],[9.1549616,50.0838662],[9.154871,50.08396],[9.1547745,50.0840728],[9.1547132,50.0841652],[9.1546351,50.0843279],[9.1545563,50.0844415],[9.1544666,50.0845372],[9.1543585,50.0846414],[9.1542652,50.0847225],[9.1541387,50.0848057],[9.1540162,50.0848662],[9.1538634,50.0849256],[9.1536743,50.0849875],[9.1533779,50.0850805],[9.1531741,50.0851553],[9.152979,50.0852532],[9.1528125,50.0853452],[9.1525998,50.0854852],[9.1522946,50.0856803],[9.1520873,50.085781],[9.1519003,50.0858434],[9.1512357,50.0860011],[9.1511634,50.0860185],[9.1509877,50.0860575],[9.1507838,50.0860922],[9.1506522,50.0861134],[9.1504854,50.0861369],[9.1502946,50.0861638],[9.1500676,50.0862009],[9.1498712,50.0862407],[9.149589,50.0863186],[9.149369,50.0863979],[9.1492192,50.0864636],[9.1490128,50.0865651],[9.1488754,50.086645],[9.1487607,50.0867067],[9.148675,50.0867693],[9.1485179,50.0868794],[9.1484499,50.0869288],[9.1483537,50.0870266],[9.1478881,50.0875601],[9.1474639,50.0880785],[9.1472553,50.0883374],[9.1470205,50.0886236],[9.146829,50.0888504],[9.1467027,50.0889917],[9.146563,50.0891294],[9.1464137,50.0892703],[9.1463037,50.0893713]]}},{"type":"Feature","properties":{"source":"osm_exact_topology_chain","lines":["23","25"],"line_count":2,"segment_count":4,"osm_way_ids":["53504950","32846350","108237062","1104385339"]},"geometry":{"type":"LineString","coordinates":[[9.1463037,50.0893713],[9.1462512,50.0894207],[9.1462053,50.0894746],[9.1461712,50.0895403],[9.1459206,50.0894883],[9.1459485,50.0894228],[9.1459791,50.0893924],[9.1460157,50.0893669],[9.1460475,50.0893505],[9.146077,50.089342],[9.1460959,50.0893392],[9.1461171,50.0893371],[9.1461562,50.0893387],[9.1462061,50.0893464],[9.1463037,50.0893713]]}},{"type":"Feature","properties":{"source":"osm_exact_topology_chain","lines":["28","652"],"line_count":2,"segment_count":6,"osm_way_ids":["550472391","550472390","967532653","1017330012","59299252","1391444845"]},"geometry":{"type":"LineString","coordinates":[[9.3770919,50.024548],[9.3765702,50.0249004],[9.3761317,50.0252528],[9.3760049,50.0253579],[9.3757267,50.0255785],[9.3754195,50.0258115],[9.3751627,50.0259748],[9.375046,50.0260489],[9.3749455,50.026104],[9.3746893,50.026232],[9.3744881,50.0263194],[9.374181,50.0264349],[9.3739551,50.0265094],[9.3736412,50.0265999],[9.3733375,50.02668],[9.3730465,50.026745],[9.3727771,50.0268035],[9.3725499,50.0268541],[9.3721814,50.026932],[9.3718556,50.0269863],[9.3715645,50.0270177],[9.3712856,50.0270341],[9.3708007,50.027026],[9.3693978,50.0268779]]}},{"type":"Feature","properties":{"source":"osm_exact_topology_chain","lines":["27","28"],"line_count":2,"segment_count":12,"osm_way_ids":["27066868","171896832","19034484","171896818","19033349","401951508","19033351","390139198","382336879","382336880","164235952","1157388270"]},"geometry":{"type":"LineString","coordinates":[[9.3468399,50.1082921],[9.3468611,50.1082722],[9.3468879,50.1082485],[9.3469241,50.1082189],[9.3470663,50.1080972],[9.3473514,50.1078551],[9.3474835,50.1077607],[9.3477234,50.1076112],[9.3478997,50.1075387],[9.3484462,50.1074134],[9.3489752,50.1073035],[9.3493385,50.1071932],[9.3495805,50.1070858],[9.3497586,50.1069851],[9.3500583,50.106768],[9.3501996,50.1066465],[9.3502897,50.1065324],[9.3503462,50.1064186],[9.3503411,50.1062931],[9.3502682,50.1061487],[9.3497473,50.105559],[9.3496508,50.1054182],[9.3496422,50.1053464],[9.3496492,50.1052529],[9.3496879,50.1051853],[9.3497346,50.1051521],[9.3498077,50.1051217],[9.3498897,50.1051002],[9.3500359,50.1051088],[9.3502058,50.1051346],[9.3503646,50.105241],[9.3509781,50.1057968],[9.3518071,50.1063219],[9.3522755,50.1066468],[9.3524362,50.1067966],[9.3529877,50.1073724],[9.353262,50.107614],[9.3535288,50.1077958],[9.353844,50.1079752],[9.354325,50.1081707],[9.3548606,50.1083358],[9.3558289,50.1085847],[9.3567893,50.1088253],[9.3570587,50.1088976],[9.3573398,50.1090011],[9.3573999,50.1090259],[9.3583799,50.109419],[9.3590949,50.1098421],[9.3601904,50.1104296],[9.360107,50.1105053],[9.3601084,50.1105306],[9.3601714,50.1107169],[9.3602455,50.1109578],[9.3602638,50.1110183],[9.3604203,50.1112089],[9.3604621,50.1112598],[9.3606901,50.1115578],[9.3612012,50.1114064],[9.3617177,50.1112437],[9.3618541,50.1112042],[9.3623841,50.1110508],[9.3624635,50.1111189],[9.3625708,50.1111813],[9.3633871,50.1115854],[9.3640362,50.1119463],[9.3640704,50.1119658],[9.3642332,50.112048],[9.3642453,50.1120383],[9.3644392,50.1118819],[9.364601,50.1117775],[9.3648621,50.1115636],[9.3649969,50.1114637],[9.365083,50.1114172],[9.3651808,50.1113728],[9.3653327,50.1113274],[9.3654297,50.1113141],[9.3656222,50.1112781],[9.3658563,50.1112458],[9.3661053,50.1112211],[9.366345,50.1112159],[9.3664273,50.1112161],[9.3665212,50.1112127],[9.3666092,50.1112004],[9.3667012,50.1111728],[9.3673135,50.1108639],[9.3675279,50.1107499],[9.367838,50.1105729],[9.3679127,50.1105284]]}},{"type":"Feature","properties":{"source":"osm_exact_topology_chain","lines":["62","63"],"line_count":2,"segment_count":5,"osm_way_ids":["15732229","432153817","1051322024","48890550","1444246169"]},"geometry":{"type":"LineString","coordinates":[[9.1515895,49.9075339],[9.1517655,49.9075989],[9.1521342,49.907735],[9.1524943,49.9078548],[9.1526446,49.9079077],[9.152764,49.9079496],[9.1529693,49.9080363],[9.152998,49.9080506],[9.1534537,49.9082781],[9.1535491,49.9083167],[9.153646,49.908355],[9.1537727,49.9083919],[9.154067,49.9084589],[9.1544565,49.9085334],[9.1549762,49.908631],[9.1554559,49.9087212],[9.1556577,49.9087721],[9.1558932,49.9088591],[9.156179,49.9089904]]}},{"type":"Feature","properties":{"source":"osm_exact_topology_chain","lines":["62","63"],"line_count":2,"segment_count":9,"osm_way_ids":["30596590","30596591","753032809","348405599","753032810","212517612","753028629","507378235","1104985523"]},"geometry":{"type":"LineString","coordinates":[[9.1630164,49.9109144],[9.1631139,49.9109334],[9.1641962,49.9111747],[9.1646346,49.9112679],[9.1668113,49.9117671],[9.1668577,49.9117791],[9.1669092,49.9117926],[9.1676283,49.9119827],[9.1682359,49.9121293],[9.1686492,49.912228],[9.1690261,49.912292],[9.1694699,49.9123465],[9.1699106,49.9123764],[9.1701807,49.9123772],[9.1703015,49.9123776],[9.1706385,49.9123701],[9.1713019,49.9123255],[9.1716984,49.912309],[9.171991,49.9123082],[9.1721504,49.9123213],[9.1723148,49.9123426],[9.1725748,49.91239],[9.1729956,49.9124845],[9.1735672,49.9126519],[9.1741059,49.9127868],[9.1762953,49.9132173],[9.1771037,49.913364],[9.1775409,49.9134252],[9.1778562,49.9134403],[9.1782275,49.9134332],[9.1785603,49.9134064],[9.1788611,49.9133687],[9.1791983,49.9133065],[9.1794337,49.9132502],[9.1795057,49.913233],[9.1797048,49.9131967],[9.1798897,49.9131714],[9.1803505,49.9131623],[9.1808424,49.9131786],[9.1811898,49.9132311],[9.1815437,49.9132986],[9.1817886,49.9133476],[9.1819966,49.9133918],[9.1824728,49.9134931],[9.1827791,49.9135506],[9.1830201,49.9135959],[9.1832467,49.9136237],[9.183425,49.9136406],[9.183663,49.9136531],[9.1839099,49.9136522],[9.1842209,49.9136307],[9.1844972,49.9136013],[9.1846205,49.9135803]]}},{"type":"Feature","properties":{"source":"osm_exact_topology_chain","lines":["1","62","63"],"line_count":3,"segment_count":6,"osm_way_ids":["319150657","198062680","28145476","753044275","610299766","5048832"]},"geometry":{"type":"LineString","coordinates":[[9.1630164,49.9109144],[9.1625336,49.9108093],[9.162433,49.910786],[9.1622396,49.9107412],[9.1620579,49.9107014],[9.1599201,49.9102333],[9.1595667,49.9101586],[9.1585343,49.9099576],[9.1582976,49.9099046],[9.1577011,49.9097514],[9.1570637,49.909496],[9.1568891,49.9094565],[9.156397,49.9093939],[9.1562858,49.9093785],[9.1561923,49.9093656],[9.15589,49.909323],[9.1556192,49.9092862],[9.155195,49.9092419],[9.1542722,49.9091482],[9.153339,49.9090503],[9.1530317,49.9090217],[9.1527552,49.9089877],[9.152485,49.908974],[9.1523692,49.9089802],[9.1521327,49.9090041],[9.1518789,49.9090305],[9.1516766,49.9090452],[9.1515626,49.9090477],[9.1514623,49.9090402]]}},{"type":"Feature","properties":{"source":"osm_exact_topology_chain","lines":["62","69"],"line_count":2,"segment_count":1,"osm_way_ids":["25977751"]},"geometry":{"type":"LineString","coordinates":[[9.2002786,49.8591154],[9.2003477,49.8591375],[9.2004228,49.8591534],[9.2005,49.8591599],[9.2005983,49.8591624],[9.2012616,49.8591728],[9.2014082,49.8591778],[9.2015419,49.859187],[9.2016848,49.8592023],[9.2018182,49.8592244],[9.2019318,49.8592518]]}},{"type":"Feature","properties":{"source":"osm_exact_topology_chain","lines":["61","62"],"line_count":2,"segment_count":6,"osm_way_ids":["198009134","1391101538","331888553","316588350","331887774","331887775"]},"geometry":{"type":"LineString","coordinates":[[9.1652964,49.8634532],[9.1652891,49.8633673],[9.1652725,49.8631427],[9.1651663,49.8617049],[9.1651043,49.8613178],[9.1650826,49.8611814],[9.1650179,49.8609151],[9.164963,49.860689],[9.1647469,49.8599717],[9.1646437,49.8596419],[9.1645432,49.8592697],[9.1645258,49.859146],[9.1644996,49.8588664],[9.16448,49.8586194],[9.1645157,49.8584321],[9.1645715,49.8582571],[9.1646113,49.8581662],[9.1647749,49.8578727],[9.1648368,49.857788],[9.164871,49.8577447]]}},{"type":"Feature","properties":{"source":"osm_exact_topology_chain","lines":["61","62","69"],"line_count":3,"segment_count":8,"osm_way_ids":["198061179","23576100","112572099","366128251","23238519","37828559","37828560","112572095"]},"geometry":{"type":"LineString","coordinates":[[9.1634391,49.8536269],[9.1634061,49.8531045],[9.1633102,49.8523007],[9.1632864,49.8521678],[9.1631827,49.8516022],[9.1631204,49.851369],[9.1629779,49.8508299],[9.1627516,49.8500169],[9.1627184,49.8498806],[9.1626861,49.8497847],[9.1625844,49.8495323],[9.1623801,49.8491668],[9.162063,49.8486169],[9.16168,49.8480042],[9.1615171,49.8477436],[9.1613605,49.8475005],[9.1613257,49.8473939],[9.1613153,49.847297],[9.1613072,49.8471916],[9.1613045,49.8469654],[9.1613038,49.8469094],[9.1613007,49.8468683],[9.1612947,49.8467634],[9.1612899,49.8467273],[9.1612374,49.8464872],[9.1611943,49.8463507],[9.1611789,49.8462997],[9.1611678,49.8462665],[9.1611461,49.8462048],[9.1611129,49.8461157],[9.1610954,49.8460668],[9.1610645,49.8459861],[9.1610225,49.8458881],[9.1609673,49.8457592],[9.1609193,49.8456472],[9.1608754,49.845555],[9.1608314,49.845463],[9.1606654,49.8451147],[9.1606425,49.8450726],[9.1605877,49.8449719],[9.1604462,49.8447322],[9.1604095,49.8446476],[9.1603906,49.8445815],[9.1603802,49.8445147]]}},{"type":"Feature","properties":{"source":"osm_exact_topology_chain","lines":["61","62","64","69"],"line_count":4,"segment_count":4,"osm_way_ids":["1017338859","1017338860","1017338861","440672836"]},"geometry":{"type":"LineString","coordinates":[[9.1602937,49.8443723],[9.1602617,49.8444033],[9.1602541,49.8444402],[9.1602724,49.8444754],[9.1603185,49.844504],[9.1603802,49.8445147],[9.160426,49.8445095],[9.1604658,49.8444941],[9.1604944,49.8444705],[9.1605075,49.8444388],[9.1605055,49.8444133],[9.160488,49.8443871],[9.1604576,49.8443663],[9.160418,49.8443534],[9.1603739,49.8443501],[9.1603308,49.8443567],[9.1602937,49.8443723]]}},{"type":"Feature","properties":{"source":"osm_exact_topology_chain","lines":["61","62","64","69"],"line_count":4,"segment_count":6,"osm_way_ids":["456981633","1538484202","344671803","24798190","1538484183","24798191"]},"geometry":{"type":"LineString","coordinates":[[9.1602937,49.8443723],[9.160235,49.8443155],[9.1602002,49.8442796],[9.1601035,49.8441695],[9.1600456,49.8441112],[9.1598431,49.8439166],[9.1596086,49.8437171],[9.1595431,49.8436635],[9.1594016,49.8435562],[9.1592771,49.8434518],[9.1592049,49.84338],[9.1590534,49.8432206],[9.1589006,49.8430487],[9.1588122,49.8428885],[9.15875,49.8427757],[9.1587003,49.8426458],[9.1586789,49.8425909],[9.1586672,49.8425552]]}},{"type":"Feature","properties":{"source":"osm_exact_topology_chain","lines":["61","62","64","69"],"line_count":4,"segment_count":7,"osm_way_ids":["1017338862","1017338864","1538484109","1538484220","198010014","23238521","23238520"]},"geometry":{"type":"LineString","coordinates":[[9.1586672,49.8425552],[9.1586294,49.8425582],[9.1585916,49.842555],[9.1585562,49.8425458],[9.1585256,49.8425312],[9.1585015,49.8425122],[9.1584856,49.8424898],[9.1584787,49.8424657],[9.158412,49.8424695],[9.1583325,49.8424763],[9.1583275,49.8424769],[9.1581509,49.8424968],[9.1577214,49.842587],[9.1574235,49.8426573],[9.1570875,49.8427259],[9.1569695,49.8427528],[9.1567515,49.8428026],[9.1562321,49.8429265],[9.156073,49.8429623],[9.1559604,49.8429784],[9.1558932,49.8429613],[9.1558197,49.8429157],[9.1557603,49.8428174],[9.1555472,49.8423827],[9.1553333,49.8419087],[9.1552511,49.8417313],[9.1550151,49.8411913],[9.1549238,49.840988],[9.1548912,49.8409059],[9.1548367,49.8407382],[9.1548243,49.8406126],[9.1548475,49.840542],[9.1549301,49.8404538],[9.1550519,49.8403991],[9.1550783,49.8403877],[9.1552054,49.8403626],[9.1552586,49.8403521],[9.15544,49.8403267],[9.1558876,49.8402494],[9.1559658,49.8402375],[9.1560472,49.8402222],[9.1562909,49.8401787],[9.1564476,49.8401507],[9.1567042,49.8401026],[9.1570341,49.8400423],[9.1572276,49.8400069],[9.1572547,49.8400023],[9.1576033,49.8399332],[9.157696,49.8399148],[9.1578913,49.8398803],[9.1579466,49.8398705],[9.1580331,49.8398559],[9.1581895,49.839828],[9.1585227,49.8398176],[9.1585418,49.8401436],[9.1585444,49.8401974],[9.1585502,49.8406111],[9.1585451,49.8410379],[9.1585745,49.8415309],[9.1586026,49.8419068],[9.1586187,49.8421513],[9.1586218,49.8422643],[9.158622,49.8422803],[9.1586214,49.8423446],[9.1586218,49.8423628],[9.158671,49.8423662],[9.1587158,49.8423797],[9.1587515,49.8424018],[9.1587743,49.8424301],[9.1587817,49.8424617],[9.158773,49.8424931],[9.1587491,49.842521],[9.1587125,49.8425425],[9.1586672,49.8425552]]}},{"type":"Feature","properties":{"source":"osm_exact_topology_chain","lines":["64","69"],"line_count":2,"segment_count":3,"osm_way_ids":["568785716","1147848841","1147848840"]},"geometry":{"type":"LineString","coordinates":[[9.2598198,49.8305668],[9.2597341,49.8304398],[9.2597315,49.8304335],[9.2597101,49.830381],[9.2596952,49.8303446]]}},{"type":"Feature","properties":{"source":"osm_exact_topology_chain","lines":["64","69"],"line_count":2,"segment_count":9,"osm_way_ids":["234552487","975923858","387011276","477373512","509072367","387011275","401378686","24986962","401378687"]},"geometry":{"type":"LineString","coordinates":[[9.2596952,49.8303446],[9.2594312,49.829941],[9.2593699,49.8298151],[9.2592474,49.8295825],[9.2590508,49.829259],[9.258534,49.8288574],[9.258293,49.8287055],[9.2574363,49.828197],[9.2568407,49.8278189],[9.2566273,49.8276582],[9.2562947,49.8273824],[9.2558524,49.8270301],[9.2555443,49.8267076],[9.2553054,49.826481],[9.2552107,49.8263912],[9.2550919,49.8263072],[9.2547793,49.8260861],[9.2543491,49.8257722],[9.254267,49.8256204],[9.2541491,49.8254055],[9.2538581,49.82475],[9.2536247,49.8243546],[9.2535255,49.8242403],[9.2532316,49.8240163],[9.2530016,49.8237893],[9.2529699,49.8237341],[9.2528785,49.823575],[9.2528716,49.8235601],[9.2527921,49.8233321],[9.252812,49.8232658],[9.2529025,49.823205],[9.2534178,49.8229489],[9.2535272,49.8228926],[9.2538152,49.8227443],[9.2539566,49.8226738],[9.2542875,49.8225038],[9.2545349,49.8223768],[9.2548206,49.8221739],[9.2549472,49.8221026],[9.2549586,49.822095],[9.2549891,49.8220765],[9.2550344,49.8220474],[9.2550671,49.8220254]]}},{"type":"Feature","properties":{"source":"osm_exact_topology_chain","lines":["64","69"],"line_count":2,"segment_count":3,"osm_way_ids":["1147848843","1147848842","568785723"]},"geometry":{"type":"LineString","coordinates":[[9.2596952,49.8303446],[9.2597214,49.8303612],[9.2597765,49.830396],[9.2597946,49.8304075],[9.2599247,49.830508]]}},{"type":"Feature","properties":{"source":"osm_exact_topology_chain","lines":["64","69"],"line_count":2,"segment_count":5,"osm_way_ids":["792404564","255087933","992414702","992414703","26996830"]},"geometry":{"type":"LineString","coordinates":[[9.2552548,49.8218793],[9.2552747,49.8218546],[9.2552968,49.8218262],[9.2555688,49.8214763],[9.2556636,49.8213629],[9.2557771,49.8212271],[9.2559292,49.8210331],[9.2560127,49.8209527],[9.2560864,49.8208816],[9.2561103,49.8208586],[9.256276,49.820731]]}},{"type":"Feature","properties":{"source":"osm_exact_topology_chain","lines":["64","69"],"line_count":2,"segment_count":12,"osm_way_ids":["234469405","129656729","356915689","1037187071","1037187068","34146588","34146587","1037187070","344671779","230688056","121679534","9830170"]},"geometry":{"type":"LineString","coordinates":[[9.2058656,49.8305764],[9.2057316,49.830536],[9.2055745,49.8305073],[9.2053078,49.8304914],[9.2050055,49.8304873],[9.2046696,49.8304842],[9.2044246,49.8304819],[9.2041854,49.8305002],[9.2039536,49.8305344],[9.2037281,49.8305841],[9.2032101,49.8306982],[9.2026229,49.8308638],[9.202042,49.8310564],[9.2013887,49.8312813],[9.201086,49.8313946],[9.2008026,49.8315144],[9.2004919,49.8316645],[9.2002312,49.8318275],[9.2000849,49.8319156],[9.1997285,49.8321726],[9.1990664,49.8327197],[9.1985033,49.8332011],[9.1978567,49.8338163],[9.1975538,49.8340483],[9.1958996,49.8349229],[9.1952947,49.8352759],[9.1946318,49.8356024],[9.194465,49.8356838],[9.1939765,49.8358956],[9.1929812,49.8362286],[9.1933898,49.836662],[9.1936013,49.8368839],[9.1931588,49.8370199],[9.1927061,49.8371204],[9.1921142,49.8372195],[9.1917013,49.8372732],[9.191346,49.83733],[9.1908476,49.8374237],[9.1901636,49.8376417],[9.1888354,49.8380876],[9.188721,49.838126],[9.1878622,49.8384342],[9.1876404,49.8381499],[9.1872164,49.8376065],[9.1871623,49.8375406],[9.1864103,49.8378155],[9.1858715,49.8380161],[9.1847075,49.8383553],[9.1840997,49.8385312],[9.1835528,49.8387113],[9.1820099,49.8392303],[9.1813387,49.8394812],[9.1800798,49.8400364],[9.1794459,49.8402662],[9.1766857,49.8411915],[9.1760652,49.8413952],[9.1751532,49.8416815],[9.1750109,49.8417282],[9.1745456,49.8418486],[9.1744573,49.8418713]]}},{"type":"Feature","properties":{"source":"osm_exact_topology_chain","lines":["64","69"],"line_count":2,"segment_count":8,"osm_way_ids":["1023415537","10481645","344671804","344671805","60279435","23259095","478493349","344671798"]},"geometry":{"type":"LineString","coordinates":[[9.1740354,49.8419931],[9.1739434,49.8420164],[9.1735668,49.8421126],[9.1731886,49.8421902],[9.1721665,49.8423602],[9.1716925,49.8424175],[9.1710609,49.8424981],[9.1700002,49.8426333],[9.1690495,49.8427553],[9.1682346,49.8428678],[9.1671367,49.8430051],[9.1670283,49.8430193],[9.1668633,49.8430377],[9.1668252,49.8430419],[9.1660025,49.8431419],[9.1657801,49.8431742],[9.1655632,49.8432209],[9.1652996,49.8433006],[9.1650165,49.8433981],[9.1645898,49.8435973],[9.1643695,49.8437198],[9.1637911,49.8441173],[9.1636262,49.8442165],[9.1635291,49.8442647],[9.1632916,49.844361],[9.1626895,49.8445472],[9.1623205,49.8446419],[9.1621623,49.8446591],[9.1620131,49.8446629],[9.1616036,49.8446116],[9.16144,49.8445832],[9.1611007,49.844533],[9.160687,49.8444587],[9.1606002,49.8444435],[9.1605075,49.8444388]]}},{"type":"Feature","properties":{"source":"osm_exact_topology_chain","lines":["64","69"],"line_count":2,"segment_count":1,"osm_way_ids":["234552490"]},"geometry":{"type":"LineString","coordinates":[[9.2599997,49.8307342],[9.2599643,49.8307342],[9.2599201,49.8307278],[9.2598796,49.8307144],[9.2598454,49.8306949],[9.2598172,49.8306665],[9.259807,49.830648],[9.2598026,49.8306339],[9.2598034,49.8305996],[9.2598198,49.8305668],[9.2598486,49.8305397],[9.2598848,49.8305202],[9.2599247,49.830508],[9.2599641,49.8305026],[9.2600132,49.8305039],[9.2600797,49.8305208],[9.2601353,49.8305578],[9.2601549,49.8305865],[9.2601618,49.8306172],[9.260157,49.8306451],[9.2601357,49.8306787],[9.2600999,49.8307061],[9.260053,49.8307252],[9.2599997,49.8307342]]}},{"type":"Feature","properties":{"source":"osm_exact_topology_chain","lines":["64","69"],"line_count":2,"segment_count":1,"osm_way_ids":["792404563"]},"geometry":{"type":"LineString","coordinates":[[9.2551807,49.8218564],[9.2552203,49.8218644],[9.2552548,49.8218793],[9.2552784,49.8218967],[9.2552948,49.8219172],[9.255303,49.8219397],[9.2553026,49.8219628],[9.2552935,49.8219852],[9.2552762,49.8220055],[9.2552493,49.8220238],[9.2552159,49.822037],[9.2551782,49.822044],[9.255139,49.8220443],[9.2551011,49.8220379],[9.2550671,49.8220254],[9.2550366,49.8220049],[9.2550168,49.8219795],[9.2550096,49.8219515],[9.2550155,49.8219233],[9.2550341,49.8218976],[9.2550636,49.8218765],[9.2550992,49.8218627],[9.2551393,49.8218558],[9.2551807,49.8218564]]}},{"type":"Feature","properties":{"source":"osm_exact_topology_chain","lines":["64","69"],"line_count":2,"segment_count":1,"osm_way_ids":["10481562"]},"geometry":{"type":"LineString","coordinates":[[9.1740178,49.8419482],[9.1740226,49.8419019],[9.1740491,49.8418588],[9.1740949,49.8418231],[9.1741555,49.8417981],[9.1742242,49.8417864],[9.1742952,49.8417888],[9.1743617,49.8418049],[9.1744175,49.8418333],[9.1744573,49.8418713],[9.1744764,49.8419112],[9.1744775,49.8419529],[9.1744607,49.8419933],[9.1744272,49.842029],[9.1743796,49.8420573],[9.1743218,49.842076],[9.174254,49.8420838],[9.1741858,49.8420783],[9.1741231,49.8420601],[9.1740714,49.8420309],[9.1740354,49.8419931],[9.1740178,49.8419482]]}},{"type":"Feature","properties":{"source":"osm_exact_topology_chain","lines":["64","69","83"],"line_count":3,"segment_count":10,"osm_way_ids":["9830528","973603881","198133523","973603880","115647551","1163949008","1250782807","115647534","1163949007","1163949006"]},"geometry":{"type":"LineString","coordinates":[[9.256276,49.820731],[9.2562288,49.8207026],[9.2558576,49.820479],[9.2554778,49.8202788],[9.2553401,49.8202043],[9.2552062,49.820123],[9.2550902,49.8200398],[9.2550165,49.8199869],[9.2548326,49.8198287],[9.2548033,49.8198008],[9.2547349,49.8197356],[9.2546467,49.8196334],[9.2546034,49.8195816],[9.2544352,49.8194149],[9.2543372,49.8193193],[9.254194,49.8191829],[9.2539314,49.8189792],[9.2534798,49.8187401],[9.2529557,49.8184954],[9.2526242,49.8183578],[9.2522509,49.8182148],[9.2516936,49.8179866],[9.2503384,49.8173508],[9.2500525,49.8172182],[9.2497738,49.8170784],[9.2493997,49.8168909]]}},{"type":"Feature","properties":{"source":"osm_exact_topology_chain","lines":["65","69"],"line_count":2,"segment_count":5,"osm_way_ids":["1070866221","198057331","1250346503","1164241625","198057327"]},"geometry":{"type":"LineString","coordinates":[[9.2129395,49.8067619],[9.2129337,49.8067864],[9.2129079,49.8068953],[9.2127682,49.8068984],[9.2126727,49.8068749],[9.2126069,49.8068343],[9.2125955,49.8067686],[9.2126142,49.8067212],[9.2126241,49.806696],[9.2127072,49.8067194],[9.2129395,49.8067619]]}},{"type":"Feature","properties":{"source":"osm_exact_topology_chain","lines":["69","83"],"line_count":2,"segment_count":4,"osm_way_ids":["255087931","970104087","475657774","198061178"]},"geometry":{"type":"LineString","coordinates":[[9.2415465,49.8143028],[9.2418821,49.8142615],[9.2422884,49.8142543],[9.2425783,49.8142772],[9.242767,49.8143352],[9.2429262,49.8144056],[9.2431313,49.814514],[9.243242,49.8146077],[9.2433655,49.8147443],[9.2435462,49.8150962],[9.2436268,49.8152089],[9.2437475,49.8153095],[9.2439209,49.8154401],[9.2441107,49.8155131],[9.2442296,49.8155611],[9.2445324,49.8156553],[9.2445867,49.8156709],[9.2450577,49.8158061],[9.2453661,49.8158677],[9.2457205,49.8159326],[9.246274,49.8160054],[9.247452,49.8161724],[9.2478204,49.8162356],[9.2480728,49.8162881],[9.2481556,49.8163183],[9.2483117,49.8163711],[9.2486602,49.8165291],[9.2492814,49.8168183],[9.2493997,49.8168909]]}},{"type":"Feature","properties":{"source":"osm_exact_topology_chain","lines":["61","69"],"line_count":2,"segment_count":3,"osm_way_ids":["456018751","1023415535","60449892"]},"geometry":{"type":"LineString","coordinates":[[9.1673521,49.8562578],[9.1672851,49.8560829],[9.1672244,49.8559697],[9.1671652,49.8558592],[9.1670332,49.8556128],[9.1669742,49.8555521],[9.1667719,49.8553607],[9.166754,49.8553509],[9.166487,49.8552043],[9.1662689,49.8550785],[9.1662003,49.8550168],[9.1660439,49.8548279],[9.165991,49.854764],[9.1656084,49.8542685],[9.1655732,49.8542229],[9.1653076,49.8538734],[9.1651132,49.8536132],[9.1650239,49.8535349],[9.164964,49.8534824]]}},{"type":"Feature","properties":{"source":"osm_exact_topology_chain","lines":["61","69"],"line_count":2,"segment_count":1,"osm_way_ids":["60449894"]},"geometry":{"type":"LineString","coordinates":[[9.1646962,49.8534033],[9.1645919,49.8534396],[9.1643748,49.8535151],[9.1640834,49.8535939],[9.1638414,49.8536258],[9.1637361,49.8536288],[9.1634391,49.8536269]]}},{"type":"Feature","properties":{"source":"osm_exact_topology_chain","lines":["61","69"],"line_count":2,"segment_count":1,"osm_way_ids":["24797398"]},"geometry":{"type":"LineString","coordinates":[[9.1675644,49.8565246],[9.1675002,49.8565432],[9.1674315,49.8565486],[9.1673633,49.8565408],[9.1673017,49.8565204],[9.167252,49.8564893],[9.1672186,49.8564502],[9.1672044,49.8564046],[9.1672124,49.8563584],[9.1672418,49.856316],[9.1672899,49.8562813],[9.1673521,49.8562578],[9.1674312,49.8562474],[9.1675111,49.8562549],[9.1675822,49.8562795],[9.1676361,49.8563183],[9.1676664,49.8563665],[9.1676706,49.8564118],[9.1676536,49.8564558],[9.1676171,49.8564946],[9.1675644,49.8565246]]}},{"type":"Feature","properties":{"source":"osm_exact_topology_chain","lines":["61","69"],"line_count":2,"segment_count":1,"osm_way_ids":["60449893"]},"geometry":{"type":"LineString","coordinates":[[9.1648999,49.8534919],[9.1648344,49.8534876],[9.1647746,49.85347],[9.1647269,49.8534408],[9.1646962,49.8534033],[9.1646859,49.8533618],[9.1646967,49.8533204],[9.1647274,49.8532833],[9.1647749,49.8532546],[9.1648341,49.853237],[9.164899,49.8532326],[9.1649627,49.8532418],[9.1650184,49.8532637],[9.1650604,49.8532958],[9.165085,49.8533373],[9.1650866,49.8533817],[9.1650648,49.8534238],[9.1650223,49.8534588],[9.164964,49.8534824],[9.1648999,49.8534919]]}},{"type":"Feature","properties":{"source":"osm_exact_topology_chain","lines":["61","BG1"],"line_count":2,"segment_count":2,"osm_way_ids":["1537671687","1537671686"]},"geometry":{"type":"LineString","coordinates":[[9.1537045,49.8969803],[9.1538491,49.8969214],[9.1541857,49.896788]]}},{"type":"Feature","properties":{"source":"osm_exact_topology_chain","lines":["61","BG1"],"line_count":2,"segment_count":2,"osm_way_ids":["4902918","299081509"]},"geometry":{"type":"LineString","coordinates":[[9.1541857,49.896788],[9.154299,49.8967017],[9.1548393,49.8962298],[9.1554801,49.8957277],[9.1561627,49.8952219],[9.1578028,49.894005],[9.1594516,49.8928097],[9.1599568,49.8924053],[9.1605941,49.8919337],[9.1610069,49.8916282],[9.161979,49.8909621],[9.1624967,49.8906044],[9.1630135,49.8902287],[9.1636313,49.8897283],[9.166512,49.8872211],[9.1668258,49.8869356],[9.1670899,49.886662],[9.167254,49.8864556],[9.1673971,49.8862462],[9.1675137,49.8860371],[9.1675875,49.8858798],[9.1676535,49.8857086],[9.1676973,49.8855152]]}},{"type":"Feature","properties":{"source":"osm_exact_topology_chain","lines":["61","BG1"],"line_count":2,"segment_count":1,"osm_way_ids":["1537671685"]},"geometry":{"type":"LineString","coordinates":[[9.1541857,49.896788],[9.1539138,49.8969687],[9.1537848,49.897049]]}},{"type":"Feature","properties":{"source":"osm_exact_topology_chain","lines":["61","63","BG1"],"line_count":3,"segment_count":7,"osm_way_ids":["943972333","943972334","28021311","61478598","28021302","28021307","326924985"]},"geometry":{"type":"LineString","coordinates":[[9.1676973,49.8855152],[9.1676984,49.8852409],[9.167695,49.8850278],[9.1676942,49.8849782],[9.1676895,49.8846804],[9.1676882,49.8842851],[9.1676948,49.8839062],[9.167727,49.8835691],[9.1677442,49.8834209],[9.1678347,49.8826252],[9.1678666,49.8823448],[9.1678853,49.8821243],[9.1678853,49.8818858],[9.1678701,49.8815853],[9.1678438,49.8813835],[9.1678343,49.8813103],[9.1677753,49.8810285],[9.1676302,49.8804589],[9.167622,49.880421],[9.1676138,49.880383],[9.1673485,49.8794657],[9.1672101,49.8790511],[9.1670441,49.8785744],[9.1669399,49.8783031],[9.1668433,49.8780515],[9.1667055,49.8777225],[9.1666792,49.8776551],[9.1666682,49.8776235],[9.1663353,49.8768372],[9.1662333,49.8765869],[9.1660321,49.8760959]]}},{"type":"Feature","properties":{"source":"osm_exact_topology_chain","lines":["61","63","BG1"],"line_count":3,"segment_count":2,"osm_way_ids":["28021304","23259133"]},"geometry":{"type":"LineString","coordinates":[[9.1660321,49.8760959],[9.1656697,49.8751525],[9.1672908,49.8748481],[9.1673761,49.8748204]]}},{"type":"Feature","properties":{"source":"osm_exact_topology_chain","lines":["61","63","BG1"],"line_count":3,"segment_count":2,"osm_way_ids":["23259134","4902919"]},"geometry":{"type":"LineString","coordinates":[[9.1660321,49.8760959],[9.1673274,49.8759213],[9.1673091,49.8751414],[9.1673272,49.8749951],[9.1673638,49.8748752],[9.1673761,49.8748204]]}},{"type":"Feature","properties":{"source":"osm_exact_topology_chain","lines":["61","63","BG1"],"line_count":3,"segment_count":3,"osm_way_ids":["1104985512","4902920","1104985513"]},"geometry":{"type":"LineString","coordinates":[[9.1673761,49.8748204],[9.1674175,49.8747407],[9.1674213,49.8747204],[9.1674331,49.8746855],[9.1674491,49.8745932],[9.1674517,49.8744222],[9.1674435,49.8743671]]}},{"type":"Feature","properties":{"source":"osm_exact_topology_chain","lines":["61","65"],"line_count":2,"segment_count":2,"osm_way_ids":["23920441","1024595357"]},"geometry":{"type":"LineString","coordinates":[[9.1570789,49.8081096],[9.1573221,49.8081214],[9.1576558,49.8081326],[9.1579736,49.808149],[9.1581535,49.8081538],[9.1586951,49.8081862],[9.1589641,49.8081915]]}},{"type":"Feature","properties":{"source":"osm_exact_topology_chain","lines":["61","65"],"line_count":2,"segment_count":1,"osm_way_ids":["24341954"]},"geometry":{"type":"LineString","coordinates":[[9.1619516,49.8056333],[9.1621716,49.8056664],[9.162656,49.8057568],[9.163447,49.80589],[9.1635674,49.8059139],[9.1639757,49.8059905],[9.1646801,49.8061249],[9.1652057,49.8062273],[9.166095,49.8063979],[9.1667379,49.8065433],[9.1671756,49.8066429],[9.1677482,49.8067682],[9.1680503,49.8068214],[9.1684448,49.8068863]]}},{"type":"Feature","properties":{"source":"osm_exact_topology_chain","lines":["61","83"],"line_count":2,"segment_count":22,"osm_way_ids":["35934049","35934050","25797882","25797881","961554339","698473407","698473405","25797879","59750534","254470836","61750725","61750711","61750710","25506775","61750712","509053015","509053017","40285697","40285698","198088406","1039562368","1302507959"]},"geometry":{"type":"LineString","coordinates":[[9.2444269,49.7731558],[9.2443422,49.7732708],[9.2438905,49.7737922],[9.2438307,49.7739182],[9.2437801,49.7740293],[9.2437581,49.7741749],[9.2437021,49.7743677],[9.2436087,49.7746109],[9.243533,49.7747311],[9.2435014,49.7747779],[9.2433426,49.7750362],[9.2432114,49.7752601],[9.2430861,49.7754741],[9.2429066,49.7758188],[9.2425352,49.7765233],[9.2421501,49.777185],[9.2421417,49.7772085],[9.2420984,49.777278],[9.2418923,49.7776741],[9.2415248,49.7784391],[9.2412588,49.779006],[9.2410469,49.7794403],[9.2409246,49.7796191],[9.2405856,49.7799201],[9.2391213,49.7810022],[9.2388199,49.7812356],[9.2384581,49.7815206],[9.2377152,49.7821274],[9.2372004,49.7825481],[9.2369866,49.7826928],[9.2369162,49.7827404],[9.2364968,49.7829967],[9.2363597,49.7831107],[9.2361944,49.7832778],[9.2361827,49.7833592],[9.2361787,49.7833866],[9.2365763,49.7834229],[9.2373977,49.7835442],[9.2378611,49.7836169],[9.2382844,49.7836863],[9.2386509,49.7837459],[9.2387741,49.7837639],[9.2391146,49.7838137],[9.2394582,49.7838374],[9.2396627,49.7838394],[9.2402212,49.7838157],[9.2411517,49.7837097],[9.2414492,49.7836552],[9.2415967,49.7836381],[9.2416917,49.7836479],[9.2417605,49.7836775],[9.2418245,49.7837249],[9.2419093,49.7838087],[9.2420247,49.7839274],[9.2422221,49.7841322],[9.2423977,49.7842955],[9.2425025,49.7843596],[9.2426137,49.7844007],[9.2428176,49.78443],[9.2430268,49.7844392],[9.2440421,49.7844733],[9.2442006,49.7844954],[9.2443365,49.7845359],[9.244506,49.784598],[9.2448832,49.7847701],[9.2451478,49.7848554],[9.2458811,49.7849867],[9.2474122,49.7852109],[9.2481973,49.7853444],[9.2487853,49.7854671],[9.2489952,49.7855365],[9.2494885,49.7857908],[9.250553,49.7863469],[9.250764,49.7864464],[9.251014,49.7865406],[9.2513367,49.7866473],[9.2514345,49.7866739],[9.2526884,49.7870278],[9.2531112,49.7871718],[9.2542566,49.7877305],[9.2545314,49.7878171],[9.2549052,49.7879205],[9.2552285,49.7880025],[9.2555249,49.7880567],[9.2557364,49.7880769],[9.2566248,49.7880965],[9.2571434,49.7881372],[9.2572943,49.7881495],[9.2575689,49.7881723],[9.2585809,49.7882553],[9.2589328,49.788302],[9.2592511,49.7883788],[9.2595399,49.7884734],[9.2598218,49.7885901],[9.2600313,49.788671],[9.2601818,49.7887127],[9.2606649,49.7888176],[9.2609275,49.7889085],[9.2610915,49.7889865],[9.2612183,49.7890629],[9.2612692,49.7890785],[9.2613604,49.7893418],[9.2614203,49.7894611],[9.2615545,49.7896394],[9.2619111,49.7899876],[9.2619943,49.7900688],[9.2621974,49.7902666],[9.2624766,49.7905247],[9.2627022,49.7906923],[9.2629586,49.7908313],[9.2639442,49.7912407],[9.2639895,49.7912616],[9.2640883,49.7912969],[9.2644764,49.7914457],[9.2648744,49.7915761],[9.2650951,49.7916472],[9.265169,49.7916732],[9.2660257,49.7919967],[9.2664731,49.7922089],[9.2666005,49.7923015],[9.266618,49.7923473],[9.2666037,49.7924123],[9.2665426,49.7924826],[9.2664412,49.792533],[9.2656308,49.7928793],[9.2655037,49.7929389],[9.2652524,49.7930578],[9.2650882,49.7931222],[9.2650633,49.7931319],[9.2648546,49.793222]]}},{"type":"Feature","properties":{"source":"osm_exact_topology_chain","lines":["67","93"],"line_count":2,"segment_count":3,"osm_way_ids":["512902859","1182697118","1182699494"]},"geometry":{"type":"LineString","coordinates":[[9.141936,49.7962628],[9.1420543,49.7962977],[9.142389,49.7963964],[9.143407,49.7966767],[9.1438852,49.7968116],[9.144766,49.7970468]]}},{"type":"Feature","properties":{"source":"osm_exact_topology_chain","lines":["67","93"],"line_count":2,"segment_count":1,"osm_way_ids":["198762245"]},"geometry":{"type":"LineString","coordinates":[[9.1706491,49.7874583],[9.17149,49.7868935],[9.1728108,49.7860665],[9.1730354,49.7859101],[9.1732502,49.7857064],[9.1733701,49.785558]]}},{"type":"Feature","properties":{"source":"osm_exact_topology_chain","lines":["67","93"],"line_count":2,"segment_count":3,"osm_way_ids":["1347973572","1347973573","1348210484"]},"geometry":{"type":"LineString","coordinates":[[9.1733701,49.785558],[9.1734163,49.7854488],[9.1735109,49.7852578],[9.173592,49.7849551],[9.1736242,49.7847513],[9.1736416,49.7846222],[9.1736282,49.7845754],[9.1735833,49.7845194],[9.1735626,49.7845014],[9.1735481,49.7844805]]}},{"type":"Feature","properties":{"source":"osm_exact_topology_chain","lines":["67","93"],"line_count":2,"segment_count":2,"osm_way_ids":["1347973574","1348210479"]},"geometry":{"type":"LineString","coordinates":[[9.1733701,49.785558],[9.1734566,49.7854664],[9.1735585,49.7852906],[9.1736296,49.7851062],[9.1736752,49.7849122],[9.1737208,49.7846386],[9.1737422,49.7845849],[9.1737914,49.78455],[9.1738223,49.7845388]]}},{"type":"Feature","properties":{"source":"osm_exact_topology_chain","lines":["67","93"],"line_count":2,"segment_count":3,"osm_way_ids":["1348210482","1348210481","1348210480"]},"geometry":{"type":"LineString","coordinates":[[9.1735817,49.7843662],[9.1736124,49.7843487],[9.1736488,49.7843342],[9.173678,49.7843281],[9.1737083,49.7843249],[9.1737409,49.7843249],[9.1737726,49.784329],[9.1738065,49.7843386],[9.1738368,49.7843519],[9.1738597,49.7843658],[9.1738765,49.7843818]]}},{"type":"Feature","properties":{"source":"osm_exact_topology_chain","lines":["31","32"],"line_count":2,"segment_count":6,"osm_way_ids":["199069823","795335579","795335578","26571849","26571850","456958624"]},"geometry":{"type":"LineString","coordinates":[[9.0384359,50.0394314],[9.0390075,50.039664],[9.0392481,50.0397695],[9.0393487,50.0398137],[9.0396302,50.0399372],[9.0396878,50.0399625],[9.0398639,50.0400396],[9.0400613,50.0401264],[9.0407856,50.0404318],[9.0408762,50.0404703],[9.0412863,50.0406191],[9.0416752,50.0407309],[9.041983,50.0407982],[9.0423159,50.040847],[9.0427961,50.0408987]]}},{"type":"Feature","properties":{"source":"osm_exact_topology_chain","lines":["31","32"],"line_count":2,"segment_count":2,"osm_way_ids":["87958154","330658597"]},"geometry":{"type":"LineString","coordinates":[[9.0427961,50.0408987],[9.0432704,50.0408895],[9.0435517,50.0409068],[9.0435635,50.0409859]]}},{"type":"Feature","properties":{"source":"osm_exact_topology_chain","lines":["31","32"],"line_count":2,"segment_count":1,"osm_way_ids":["330658532"]},"geometry":{"type":"LineString","coordinates":[[9.0427961,50.0408987],[9.0431207,50.0409488],[9.0435635,50.0409859]]}},{"type":"Feature","properties":{"source":"osm_exact_topology_chain","lines":["31","32"],"line_count":2,"segment_count":7,"osm_way_ids":["330658582","330975004","330974985","330974991","1060403997","1060403993","1060199305"]},"geometry":{"type":"LineString","coordinates":[[9.0435635,50.0409859],[9.0435905,50.0411722],[9.0436728,50.0416262],[9.0437332,50.0419079],[9.043816,50.0422301],[9.0438902,50.0424939],[9.0440066,50.0428345],[9.0441126,50.0430759],[9.0442773,50.0433505],[9.0444457,50.0435916],[9.0446294,50.0438094],[9.0447435,50.0439322],[9.0449792,50.0441749],[9.0454412,50.0445395],[9.0457101,50.0447403],[9.0460134,50.0449181],[9.046286,50.0450506],[9.0466498,50.0452082],[9.0470052,50.0453414],[9.0474438,50.0454981],[9.0475814,50.0455318],[9.0477991,50.0455639]]}},{"type":"Feature","properties":{"source":"osm_exact_topology_chain","lines":["31","32"],"line_count":2,"segment_count":1,"osm_way_ids":["1060199299"]},"geometry":{"type":"LineString","coordinates":[[9.0477991,50.0455639],[9.0479248,50.0455754],[9.0481011,50.0456055]]}},{"type":"Feature","properties":{"source":"osm_exact_topology_chain","lines":["31","32"],"line_count":2,"segment_count":1,"osm_way_ids":["1060199313"]},"geometry":{"type":"LineString","coordinates":[[9.0477991,50.0455639],[9.0479422,50.0456421],[9.0480123,50.0457037]]}},{"type":"Feature","properties":{"source":"osm_exact_topology_chain","lines":["31","32"],"line_count":2,"segment_count":14,"osm_way_ids":["1060199306","1060199315","323892164","186053439","323892163","186053440","25929486","25012571","4806551","1060403992","207657030","1319304625","1319304624","323892169"]},"geometry":{"type":"LineString","coordinates":[[9.0485099,50.045644],[9.0486745,50.0456789],[9.0487988,50.0457262],[9.0489392,50.0458056],[9.0492713,50.0460004],[9.0495052,50.0460927],[9.0497378,50.0461385],[9.0499505,50.0461659],[9.0504144,50.0462314],[9.0505433,50.0462504],[9.0510493,50.0463354],[9.0518388,50.0464816],[9.053024,50.0466907],[9.0536696,50.0467973],[9.0555251,50.0471084],[9.0556676,50.0471346],[9.0561321,50.0472103],[9.0570828,50.0473831],[9.0575061,50.0474915],[9.0582381,50.0477549],[9.0587974,50.0479823],[9.0590474,50.0480845],[9.0605036,50.0486949],[9.0616598,50.0491751],[9.0637519,50.0500429],[9.0638391,50.0500816],[9.06422,50.0502551]]}},{"type":"Feature","properties":{"source":"osm_exact_topology_chain","lines":["31","32"],"line_count":2,"segment_count":1,"osm_way_ids":["200850908"]},"geometry":{"type":"LineString","coordinates":[[9.06422,50.0502551],[9.0644999,50.050351],[9.0646453,50.0504009],[9.0646899,50.0504109]]}},{"type":"Feature","properties":{"source":"osm_exact_topology_chain","lines":["31","32"],"line_count":2,"segment_count":1,"osm_way_ids":["200850909"]},"geometry":{"type":"LineString","coordinates":[[9.06422,50.0502551],[9.0644513,50.050389],[9.0645619,50.0504685],[9.0645894,50.0504952]]}},{"type":"Feature","properties":{"source":"osm_exact_topology_chain","lines":["31","32"],"line_count":2,"segment_count":1,"osm_way_ids":["712402412"]},"geometry":{"type":"LineString","coordinates":[[9.0650379,50.0505945],[9.0650633,50.0506378],[9.0651647,50.0507275],[9.0652929,50.0508511]]}},{"type":"Feature","properties":{"source":"osm_exact_topology_chain","lines":["31","32"],"line_count":2,"segment_count":20,"osm_way_ids":["712402411","370347233","370347238","25698814","85284690","1370384932","640289580","640289584","640289582","82806709","1370387232","82806700","82806672","24011064","185108898","84416560","84416482","640458828","156231003","24379799"]},"geometry":{"type":"LineString","coordinates":[[9.0652929,50.0508511],[9.0656021,50.0510799],[9.0657519,50.0511911],[9.0659302,50.051298],[9.0660149,50.0513633],[9.0662598,50.0515475],[9.0664999,50.0517273],[9.0668953,50.0520176],[9.0669634,50.0520688],[9.0674937,50.0524675],[9.06815,50.0530671],[9.0684421,50.0533119],[9.0686052,50.0534219],[9.0691158,50.0536874],[9.0694527,50.0538625],[9.0695553,50.0539468],[9.0695964,50.05401],[9.0697955,50.054466],[9.0698405,50.0545758],[9.0698806,50.0547444],[9.0699014,50.0548424],[9.0699629,50.0551318],[9.0700661,50.0556345],[9.0701487,50.0561505],[9.0702008,50.0563685],[9.070475,50.0570696],[9.0705054,50.0571473],[9.0705417,50.05724],[9.0705944,50.0573623],[9.0706774,50.057555],[9.0709928,50.0581234],[9.0713036,50.0584696],[9.0716247,50.058817],[9.0716839,50.0588761],[9.0718237,50.0590315],[9.0719979,50.0592251],[9.0720713,50.0593169],[9.0721563,50.0594536],[9.0724476,50.0600184],[9.0727147,50.0605398],[9.0731826,50.0614013],[9.0732382,50.0614918],[9.0737889,50.0624474],[9.0741432,50.0630812],[9.0741808,50.0631486],[9.0742341,50.0632439],[9.0745883,50.0638534],[9.0752028,50.0649549],[9.0753429,50.0652571],[9.0754463,50.0655551],[9.0755598,50.0659767],[9.0755858,50.0660893],[9.0756013,50.0661761],[9.0756524,50.0664963],[9.0757105,50.0669265],[9.0757704,50.0676277],[9.075733,50.067812],[9.0756297,50.0680299],[9.0754735,50.0684289],[9.0753797,50.0686487],[9.0752092,50.0689329],[9.0750068,50.0692389],[9.074819,50.0695075],[9.0748112,50.0695181],[9.0747969,50.0695374],[9.0747465,50.0696053],[9.0747057,50.0696603],[9.0743577,50.0701369],[9.0743309,50.0701724],[9.0740072,50.0707286],[9.0739745,50.070786],[9.0739489,50.0708471],[9.0739115,50.0709362],[9.0738638,50.0710343],[9.0738263,50.0711339],[9.0738079,50.0712362],[9.0737901,50.0714422],[9.0737857,50.0716226],[9.0737898,50.0725556],[9.0737982,50.0726148],[9.0738516,50.0727272],[9.0739586,50.0728489],[9.0741343,50.0730506],[9.0744993,50.0734606],[9.0745675,50.0735723],[9.0745951,50.0736948],[9.0745792,50.0737609],[9.0745406,50.0738541],[9.0744305,50.0740368],[9.0739715,50.0747983],[9.0734212,50.0753697],[9.0732695,50.075549],[9.0726551,50.0762737],[9.072569,50.0763714],[9.0724433,50.0765139],[9.072397,50.0765679],[9.0723668,50.0766027],[9.0720657,50.0769614],[9.0719618,50.0770802],[9.071658,50.0774309],[9.0703153,50.0789895],[9.0695377,50.0799016],[9.0694571,50.0799952],[9.0694181,50.0800473],[9.0693034,50.0801752],[9.0691338,50.0803484],[9.0687976,50.0807256],[9.0680381,50.0815396],[9.0678114,50.0817817],[9.067725,50.081862],[9.0674616,50.0821562],[9.066767,50.0828958],[9.0664839,50.0831974],[9.0662538,50.0834467],[9.0659198,50.0838074]]}},{"type":"Feature","properties":{"source":"osm_exact_topology_chain","lines":["31","32"],"line_count":2,"segment_count":1,"osm_way_ids":["5104356"]},"geometry":{"type":"LineString","coordinates":[[9.0652929,50.0508511],[9.0651126,50.0507636],[9.0650376,50.0507218],[9.0649713,50.0506974],[9.0649065,50.0506829]]}},{"type":"Feature","properties":{"source":"osm_exact_topology_chain","lines":["31","32"],"line_count":2,"segment_count":12,"osm_way_ids":["282406308","26976606","30322809","177913526","177913528","24379797","82806716","82806695","990062507","990062513","199336662","24397785"]},"geometry":{"type":"LineString","coordinates":[[9.0716616,50.0866544],[9.0718765,50.0865609],[9.0720907,50.0863863],[9.0722785,50.0861837],[9.0724172,50.086034],[9.0725844,50.0860147],[9.0727217,50.0860554],[9.0728239,50.0860857],[9.0728693,50.0860969],[9.0729112,50.0860989],[9.0729442,50.0860913],[9.0729828,50.0860696],[9.0730143,50.0860432],[9.0730631,50.0859971],[9.0732557,50.0857725],[9.0732715,50.0857541],[9.073303,50.0857173],[9.0733159,50.0857023],[9.0735164,50.0854254],[9.0735395,50.0853933],[9.0737052,50.0852248],[9.0738712,50.0851051],[9.0733617,50.084492],[9.073335,50.0844674],[9.0731639,50.0843098],[9.0729165,50.0841565],[9.0727755,50.0841119],[9.0724952,50.0840782],[9.0719099,50.0839675],[9.0714601,50.0838699],[9.0712918,50.0838321],[9.0710466,50.0837703],[9.0708254,50.0837016],[9.0706668,50.0836316],[9.0705269,50.0837],[9.0691262,50.0837407],[9.068884,50.0837478],[9.0688044,50.0837501],[9.0683757,50.0837572],[9.0679779,50.0837741],[9.0665286,50.0838163],[9.0660733,50.0838295],[9.0659198,50.0838074]]}},{"type":"Feature","properties":{"source":"osm_exact_topology_chain","lines":["31","32"],"line_count":2,"segment_count":9,"osm_way_ids":["66063766","199310397","14848886","199310399","27463980","27463979","199336661","199336665","493120239"]},"geometry":{"type":"LineString","coordinates":[[9.071388,50.0867803],[9.0706627,50.0868885],[9.0704786,50.086907],[9.0697656,50.0869788],[9.0694782,50.0870186],[9.068813,50.0870977],[9.0685259,50.0871531],[9.0680996,50.0872122],[9.0677839,50.0872439],[9.0675512,50.0872663],[9.0670067,50.0873231],[9.0665892,50.0873455],[9.0665751,50.0873678],[9.0665404,50.0873899],[9.0665056,50.0873988],[9.0664681,50.0873995],[9.0664355,50.0873941],[9.0664112,50.0873823],[9.0663883,50.0873633],[9.0663773,50.0873425],[9.0663776,50.0873184],[9.0663906,50.0872959],[9.0664169,50.0872766],[9.0663819,50.0872655],[9.0660799,50.0871426],[9.0659201,50.0870538],[9.06579,50.086969],[9.0656707,50.0868722],[9.065611,50.0868111],[9.0653944,50.0865448],[9.065324,50.086439],[9.0652745,50.0863418],[9.0652028,50.0861584],[9.0651948,50.0861311],[9.0651634,50.0860182],[9.0649709,50.0853274],[9.0649911,50.0851611],[9.0650683,50.0849634],[9.0652319,50.0846587],[9.0652742,50.0845726],[9.065471,50.0843299],[9.0657606,50.0839727],[9.0658316,50.083897],[9.0659198,50.0838074]]}},{"type":"Feature","properties":{"source":"osm_exact_topology_chain","lines":["31","32"],"line_count":2,"segment_count":1,"osm_way_ids":["1012861882"]},"geometry":{"type":"LineString","coordinates":[[9.0480821,50.0458584],[9.0480333,50.0458128],[9.0480091,50.0457593],[9.0480123,50.0457037],[9.0480439,50.0456498],[9.0481011,50.0456055],[9.0481648,50.045579],[9.0482375,50.0455648],[9.0483135,50.0455641],[9.0483868,50.0455768],[9.0484563,50.0456044],[9.0485099,50.045644],[9.0485406,50.0456871],[9.0485522,50.0457338],[9.0485439,50.0457809],[9.0485162,50.0458248],[9.0484711,50.0458624],[9.048401,50.0458946],[9.0483188,50.045911],[9.0482324,50.0459102],[9.0481507,50.045892],[9.0480821,50.0458584]]}},{"type":"Feature","properties":{"source":"osm_exact_topology_chain","lines":["31","32"],"line_count":2,"segment_count":1,"osm_way_ids":["7832046"]},"geometry":{"type":"LineString","coordinates":[[9.0650437,50.0504995],[9.0650511,50.0505231],[9.0650527,50.0505473],[9.0650482,50.0505713],[9.0650379,50.0505945],[9.0650204,50.0506183],[9.0649967,50.0506398],[9.0649676,50.0506584],[9.064934,50.0506734],[9.0649065,50.0506829],[9.0648509,50.0506921],[9.0648035,50.0506936],[9.0647567,50.0506891],[9.0647121,50.0506786],[9.0646717,50.0506627],[9.064637,50.050642],[9.0646095,50.0506172],[9.0645901,50.0505895],[9.0645797,50.0505598],[9.0645787,50.0505294],[9.0645894,50.0504952],[9.0646044,50.0504714],[9.0646299,50.0504461],[9.0646627,50.0504246],[9.0646899,50.0504109],[9.0647519,50.0503956],[9.0648025,50.050391],[9.0648545,50.050391],[9.0649225,50.0504047],[9.0649521,50.0504167],[9.0649922,50.0504396],[9.0650233,50.0504676],[9.0650437,50.0504995]]}},{"type":"Feature","properties":{"source":"osm_exact_topology_chain","lines":["30","31"],"line_count":2,"segment_count":9,"osm_way_ids":["173347784","4981107","173347786","173347785","441444023","1527145948","24887647","434762401","173347783"]},"geometry":{"type":"LineString","coordinates":[[9.1145267,50.1416905],[9.1143812,50.1415991],[9.1138263,50.1419575],[9.1137112,50.1420318],[9.113768,50.1420778],[9.1138226,50.1421236],[9.1138743,50.1421719],[9.1139319,50.1422256],[9.1139894,50.1422882],[9.1140391,50.1422552],[9.1141936,50.1421529],[9.1143326,50.1420608],[9.1143895,50.1420252],[9.1147123,50.1418085],[9.1147009,50.1418012],[9.1146067,50.1417419],[9.1145267,50.1416905]]}},{"type":"Feature","properties":{"source":"osm_exact_topology_chain","lines":["83","85","977"],"line_count":3,"segment_count":1,"osm_way_ids":["237212857"]},"geometry":{"type":"LineString","coordinates":[[9.5123596,49.7626173],[9.5123451,49.7626291],[9.5123306,49.7626408],[9.5122014,49.7626915],[9.5121911,49.7626858],[9.5121863,49.7626777],[9.5123415,49.762616],[9.5123554,49.7626105],[9.5123596,49.7626173]]}},{"type":"Feature","properties":{"source":"osm_exact_topology_chain","lines":["83","85","972","977"],"line_count":4,"segment_count":4,"osm_way_ids":["44691182","1084154562","24326188","43663800"]},"geometry":{"type":"LineString","coordinates":[[9.5120917,49.7626385],[9.5121965,49.7626584],[9.5123507,49.762602],[9.5124517,49.7625651],[9.5125059,49.7624783],[9.5125524,49.7624028],[9.5125748,49.7623473],[9.5125755,49.7623217],[9.5125652,49.7622744],[9.5125334,49.7622248],[9.5124852,49.7621959],[9.5123818,49.7621698],[9.5123095,49.7622913],[9.5122529,49.76238],[9.512237,49.7624056],[9.5121948,49.7624728],[9.5121599,49.7625265],[9.5121419,49.7625542],[9.5120917,49.7626385]]}},{"type":"Feature","properties":{"source":"osm_exact_topology_chain","lines":["83","85","972","977"],"line_count":4,"segment_count":5,"osm_way_ids":["397806869","44152679","43663801","44782924","44782923"]},"geometry":{"type":"LineString","coordinates":[[9.5120917,49.7626385],[9.512042,49.7627176],[9.5119981,49.762796],[9.5119641,49.7628583],[9.5119066,49.7629544],[9.5117773,49.763149],[9.5116818,49.7632391],[9.5116037,49.7632901],[9.5115198,49.7633299],[9.5114241,49.7633693],[9.5107939,49.763618],[9.5106404,49.7636709],[9.5100348,49.7639154],[9.5098574,49.7640036],[9.5096588,49.7641625],[9.5095969,49.7643676]]}},{"type":"Feature","properties":{"source":"osm_exact_topology_chain","lines":["83","85","971","972","977"],"line_count":5,"segment_count":2,"osm_way_ids":["47515613","47515618"]},"geometry":{"type":"LineString","coordinates":[[9.5095969,49.7643676],[9.5094704,49.764701],[9.5094439,49.7647708],[9.5093285,49.7650881],[9.5091673,49.7655545],[9.5090057,49.7659879],[9.5089196,49.7662316],[9.5088461,49.7665656],[9.5087416,49.7668885],[9.5087095,49.7669877],[9.5086135,49.7673263],[9.5085646,49.7674853],[9.5085175,49.7676387],[9.5084796,49.7677777],[9.5084761,49.7677906],[9.5084564,49.7678629],[9.5083854,49.7679801],[9.508299,49.7680727],[9.5082459,49.7681828],[9.5082432,49.7682588],[9.5082517,49.7682913],[9.5082613,49.7683179],[9.5082699,49.7683395],[9.5083347,49.768501]]}},{"type":"Feature","properties":{"source":"osm_exact_topology_chain","lines":["83","85"],"line_count":2,"segment_count":5,"osm_way_ids":["24326190","964970549","47418108","24326189","10313311"]},"geometry":{"type":"LineString","coordinates":[[9.5083347,49.768501],[9.5082191,49.768531],[9.5081252,49.7685518],[9.5080125,49.7685865],[9.5079061,49.768644],[9.5078477,49.7687343],[9.507839,49.7688992],[9.5078516,49.7691633],[9.5078784,49.7693782],[9.5079432,49.76973],[9.5080045,49.7698364],[9.5080563,49.7699064],[9.5081332,49.7699784],[9.5082163,49.7700326],[9.5083076,49.7700685],[9.5084191,49.7701002],[9.5085731,49.7701257],[9.5087725,49.7701335],[9.5093576,49.7701412],[9.5113559,49.7701794],[9.5115849,49.7701769],[9.5117066,49.7701641],[9.5118347,49.770143],[9.5119805,49.7701081],[9.512229,49.7700234],[9.5123617,49.7699741],[9.5124772,49.7699434],[9.5126259,49.7699178],[9.512748,49.7699175],[9.5128342,49.7699228]]}},{"type":"Feature","properties":{"source":"osm_exact_topology_chain","lines":["83","85"],"line_count":2,"segment_count":3,"osm_way_ids":["1344538548","1344538546","1344538545"]},"geometry":{"type":"LineString","coordinates":[[9.5128342,49.7699228],[9.5128562,49.7698718],[9.512901,49.7698275],[9.5129647,49.7697941],[9.5130409,49.7697746],[9.5131228,49.7697711],[9.5132023,49.7697837],[9.5132728,49.7698117],[9.5133267,49.7698521],[9.5133588,49.7699012],[9.5133662,49.7699544],[9.5133481,49.7700065],[9.5133086,49.7700507],[9.5132507,49.7700854],[9.5131796,49.7701077],[9.5131015,49.7701156],[9.5130232,49.7701085]]}},{"type":"Feature","properties":{"source":"osm_exact_topology_chain","lines":["83","85"],"line_count":2,"segment_count":1,"osm_way_ids":["1344538547"]},"geometry":{"type":"LineString","coordinates":[[9.5128342,49.7699228],[9.5128341,49.769963],[9.5128484,49.7700021],[9.5128763,49.7700379],[9.5129162,49.7700687],[9.5129661,49.7700926],[9.5130232,49.7701085]]}},{"type":"Feature","properties":{"source":"osm_exact_topology_chain","lines":["83","85"],"line_count":2,"segment_count":8,"osm_way_ids":["755266737","31103723","1526494754","1526494753","31103722","26520131","26520130","24326556"]},"geometry":{"type":"LineString","coordinates":[[9.5130232,49.7701085],[9.5130014,49.7701586],[9.5127359,49.7707461],[9.5125803,49.7711035],[9.5125133,49.7713062],[9.5124855,49.7714337],[9.5124677,49.771592],[9.5124634,49.7718211],[9.5124791,49.7720308],[9.5125023,49.7721856],[9.512538,49.7723491],[9.5126399,49.772677],[9.5127871,49.7730876],[9.5129352,49.7735138],[9.5130078,49.7738593],[9.5130403,49.774219],[9.5130372,49.774466],[9.5129741,49.7751583],[9.5129657,49.7754419],[9.5129783,49.7756483],[9.513012,49.7758525],[9.5130624,49.7760466],[9.513136,49.7762577],[9.5132411,49.7764708],[9.5134166,49.7767423],[9.5135952,49.7769669],[9.5141052,49.7775579],[9.514415,49.7779617],[9.5146551,49.7783524],[9.5149005,49.7788121],[9.5150623,49.7791786],[9.5151777,49.7795331],[9.5152326,49.7799685],[9.5152416,49.7801877],[9.5152172,49.7804061],[9.5151147,49.7809743],[9.5149084,49.7814807],[9.5144384,49.7820867],[9.5139286,49.78259],[9.5135672,49.7829426],[9.5128705,49.783644],[9.5127587,49.783771],[9.5121849,49.7843685],[9.5120563,49.7845024],[9.5116741,49.784842],[9.5111602,49.7852607],[9.5106505,49.7856379],[9.5103894,49.7858174],[9.5101776,49.7859433],[9.5099173,49.7860873],[9.5095576,49.7862513],[9.5091831,49.7863932],[9.5088261,49.7865202],[9.508483,49.7866452],[9.5081661,49.786766],[9.5078093,49.7869315],[9.5074649,49.7871106],[9.5070269,49.7873451],[9.5058803,49.7879525],[9.5053202,49.7882533],[9.5047535,49.7885368],[9.504376,49.7887174],[9.503998,49.7888836],[9.503533,49.7890567],[9.5031853,49.7891631],[9.5028016,49.7892611],[9.5024212,49.7893424],[9.5019232,49.7894352],[9.5014741,49.7895064],[9.500912,49.7895797],[9.5005688,49.7896089],[9.5001824,49.7896265],[9.4987186,49.7896591],[9.4983531,49.7896776],[9.4977917,49.7897186],[9.4969891,49.7898066],[9.4967664,49.7898331],[9.4964743,49.7898692],[9.4961871,49.7898956],[9.4958016,49.7899311],[9.4954342,49.7899499],[9.4950453,49.7899594]]}},{"type":"Feature","properties":{"source":"osm_exact_topology_chain","lines":["83","85"],"line_count":2,"segment_count":1,"osm_way_ids":["422845039"]},"geometry":{"type":"LineString","coordinates":[[9.4950453,49.7899594],[9.4946432,49.7900219],[9.4945102,49.7900648],[9.4944044,49.7901292],[9.4943841,49.7901609],[9.49433,49.7902365]]}},{"type":"Feature","properties":{"source":"osm_exact_topology_chain","lines":["83","85"],"line_count":2,"segment_count":2,"osm_way_ids":["430220725","430220726"]},"geometry":{"type":"LineString","coordinates":[[9.4950453,49.7899594],[9.494319,49.7899579],[9.4943225,49.7900458],[9.4943273,49.790169],[9.49433,49.7902365]]}},{"type":"Feature","properties":{"source":"osm_exact_topology_chain","lines":["83","85"],"line_count":2,"segment_count":18,"osm_way_ids":["987545645","583422776","237212838","24880021","48858005","24326553","31103719","352861474","352861475","59870957","24326554","422845388","422845389","422845387","363546445","1376472421","1424612812","363505006"]},"geometry":{"type":"LineString","coordinates":[[9.49433,49.7902365],[9.4943657,49.7913461],[9.4944361,49.7921485],[9.4944655,49.792395],[9.4945272,49.7927793],[9.4945809,49.7930905],[9.4946895,49.7935467],[9.4947182,49.793717],[9.4947391,49.793907],[9.4947319,49.7940384],[9.4946912,49.7941884],[9.4946527,49.7942706],[9.4946187,49.7943248],[9.4945717,49.7943998],[9.4944464,49.7945382],[9.4943071,49.7946671],[9.4941622,49.7947789],[9.49407,49.7948579],[9.4939751,49.7949686],[9.4939211,49.7950557],[9.4937547,49.7950055],[9.4936842,49.7949847],[9.4936333,49.7949632],[9.4935927,49.7949293],[9.4935243,49.7948328],[9.4934982,49.7947965],[9.4933884,49.794644],[9.4932921,49.7945209],[9.4931858,49.7944156],[9.4930839,49.7943312],[9.492811,49.7941227],[9.4927333,49.7940644],[9.4926804,49.7940014],[9.4926437,49.7939449],[9.4925632,49.7938017],[9.4925057,49.7937],[9.4924401,49.7936161],[9.4923704,49.7935216],[9.4921565,49.7932634],[9.4918659,49.7928131],[9.4918241,49.7927448],[9.4918004,49.7926597],[9.4917594,49.7924875],[9.4917264,49.7923124],[9.491693,49.7921492],[9.4916498,49.7920086],[9.4915818,49.7918683],[9.4915022,49.7917237],[9.4913144,49.7915577],[9.4909598,49.791413],[9.4906416,49.7912696],[9.4902439,49.7911058],[9.4899565,49.7910521],[9.4897754,49.7910196],[9.4891781,49.7909483],[9.4886498,49.7908711],[9.4885416,49.790851],[9.4884554,49.7908228],[9.4884011,49.7907855],[9.4883587,49.7907306],[9.4882412,49.7905556],[9.4878906,49.7906173],[9.4874878,49.7906623],[9.4870616,49.7906783],[9.4866568,49.7906684],[9.4863135,49.7906363],[9.4860176,49.790595],[9.4854307,49.7904841],[9.4852403,49.7904356],[9.4847473,49.7903307],[9.4830355,49.7901741],[9.4828809,49.7901569],[9.4821032,49.79007],[9.4820164,49.7900603],[9.4812132,49.7899647],[9.4810965,49.7899508],[9.480893,49.7899266],[9.4807232,49.7899107],[9.4805969,49.7898966],[9.4805203,49.789889],[9.4800816,49.7898326],[9.4788562,49.789611],[9.4783877,49.7895155],[9.4778312,49.7893488],[9.4773818,49.7891762],[9.4769067,49.7889484],[9.4760263,49.7884235],[9.4754999,49.7880547],[9.4744677,49.7873189],[9.4743477,49.7872199],[9.473409,49.7864456],[9.4725731,49.7855572],[9.4715432,49.7843836],[9.4712985,49.7840873],[9.4711648,49.783845],[9.470993,49.7834918],[9.4708761,49.7832211],[9.4707578,49.7829335],[9.4706125,49.7825218],[9.4704994,49.7820939],[9.4703952,49.7815217],[9.4701209,49.7805806],[9.4695866,49.7786454],[9.4692395,49.7776314],[9.4690777,49.7773273],[9.4688356,49.7769781],[9.4684605,49.7765181],[9.4680231,49.7759773],[9.467881,49.7758126],[9.4676496,49.7755445],[9.4672628,49.775157],[9.4669651,49.774925],[9.466377,49.7745564],[9.4660972,49.7744113],[9.4658107,49.774296],[9.464953,49.7739449],[9.4644736,49.7737712],[9.4642643,49.7737111],[9.4637507,49.7735659],[9.4631,49.7734433],[9.4626609,49.7733985],[9.4624586,49.7733973],[9.4616153,49.7733973],[9.4608789,49.7734433],[9.4600268,49.7734996],[9.4594176,49.7735568],[9.4588546,49.7736462],[9.4583715,49.7737525],[9.4577499,49.7739585],[9.4560037,49.7746435],[9.4541973,49.7753313],[9.4537419,49.775504],[9.4534949,49.7756046],[9.4532956,49.7756815],[9.4531223,49.7757635],[9.4529292,49.7758862],[9.4527454,49.7760243],[9.4525963,49.7761383],[9.4524456,49.7762827],[9.4522899,49.776461]]}},{"type":"Feature","properties":{"source":"osm_exact_topology_chain","lines":["83","85"],"line_count":2,"segment_count":2,"osm_way_ids":["363505005","1308507361"]},"geometry":{"type":"LineString","coordinates":[[9.4522899,49.776461],[9.4521389,49.7764971],[9.4520066,49.7764796],[9.451841,49.7763957],[9.4516294,49.776363]]}},{"type":"Feature","properties":{"source":"osm_exact_topology_chain","lines":["83","85"],"line_count":2,"segment_count":1,"osm_way_ids":["363505008"]},"geometry":{"type":"LineString","coordinates":[[9.4522899,49.776461],[9.4520548,49.7763834],[9.4518401,49.7763528],[9.4516294,49.776363]]}},{"type":"Feature","properties":{"source":"osm_exact_topology_chain","lines":["83","85"],"line_count":2,"segment_count":15,"osm_way_ids":["188990846","352861479","352861484","1122486174","1122486175","24326704","205905191","1508558769","138351460","59870953","363546432","430223567","430223568","430223566","430223565"]},"geometry":{"type":"LineString","coordinates":[[9.4516294,49.776363],[9.4515358,49.7763667],[9.4514598,49.7763819],[9.4513369,49.7764126],[9.4511629,49.7764769],[9.4505596,49.7767135],[9.4499036,49.7769893],[9.4494966,49.7771675],[9.4490797,49.777356],[9.4488355,49.7774901],[9.4483592,49.777763],[9.4476417,49.7781741],[9.4471039,49.778442],[9.4467983,49.7785802],[9.4466105,49.7786639],[9.4464033,49.7787545],[9.4456761,49.779059],[9.4455892,49.7790945],[9.4455037,49.7791306],[9.4454469,49.7791542],[9.4448396,49.7794117],[9.4447253,49.7794577],[9.4446855,49.7794741],[9.4446242,49.7794994],[9.4444269,49.779583],[9.4441074,49.7797163],[9.4436262,49.7799172],[9.4433263,49.7800423],[9.4432236,49.7800888],[9.4431772,49.7801106],[9.4431151,49.7801541],[9.4430636,49.7801962],[9.4430001,49.7802612],[9.4429292,49.7803444],[9.4428755,49.7804108],[9.442827,49.7804751],[9.4427874,49.7805431],[9.4427512,49.78061],[9.4427135,49.7806916],[9.4426829,49.7807729],[9.4426489,49.7808836],[9.4425521,49.7812307],[9.4424355,49.7816189],[9.4423005,49.7820284],[9.442251,49.7821322],[9.4422066,49.7822129],[9.4421409,49.7823251],[9.4420717,49.7824337],[9.4419302,49.7826565],[9.441883,49.7827095],[9.4418147,49.7828113],[9.4417247,49.7829711],[9.4415949,49.7831954],[9.4415225,49.7832982],[9.4412709,49.7836247],[9.4412263,49.7836803],[9.4411778,49.7837421],[9.4410693,49.7838757],[9.441017,49.7839376],[9.4409416,49.7840357],[9.4408992,49.7840924],[9.4408624,49.7841399],[9.440811,49.7842225],[9.4407502,49.7843326],[9.4407185,49.7844146],[9.4407014,49.7844574],[9.4406869,49.7845073],[9.4406772,49.784583],[9.4406868,49.784643],[9.4406986,49.784798],[9.440704,49.7848945],[9.4407,49.7849561],[9.4406891,49.7849951],[9.4406524,49.7850507],[9.4406217,49.7850987],[9.4405095,49.7851673],[9.4403691,49.7852454],[9.440101,49.7853897],[9.4398826,49.7855198],[9.4397302,49.7856176],[9.4396119,49.7856952],[9.4395076,49.7857677],[9.439369,49.7858606],[9.4392332,49.785974],[9.4390814,49.7861038],[9.4390316,49.7861536],[9.4389812,49.7862041],[9.4388925,49.7863103],[9.4385905,49.7867196],[9.4384504,49.7868977],[9.4383273,49.7870475],[9.4381504,49.7872401],[9.437959,49.7874359],[9.4377689,49.7876393],[9.4376612,49.7877718],[9.4376464,49.7877878],[9.4374861,49.7879884],[9.4374197,49.788066],[9.437234,49.788283],[9.4366309,49.7889504],[9.4363948,49.7891436],[9.4363198,49.7892049],[9.4360121,49.7894391],[9.4359354,49.7894909],[9.4356651,49.7896733],[9.4354427,49.7898173],[9.4353924,49.7898452],[9.4351082,49.7900025],[9.4349681,49.7900714],[9.4349014,49.7901042],[9.4346672,49.790204],[9.4340279,49.790452],[9.4333349,49.7907009],[9.4330819,49.7907944],[9.4328867,49.7908651],[9.4325663,49.7909914],[9.4323651,49.7910884],[9.4322322,49.7911753],[9.4321593,49.7912485],[9.4320295,49.7914396]]}},{"type":"Feature","properties":{"source":"osm_exact_topology_chain","lines":["83","85"],"line_count":2,"segment_count":11,"osm_way_ids":["363546437","363546452","10313172","31103711","59870956","39431540","39431539","39431544","39431545","237212825","237548244"]},"geometry":{"type":"LineString","coordinates":[[9.4320295,49.7914396],[9.4318712,49.7913834],[9.4316991,49.7913495],[9.4316405,49.7913432],[9.4314458,49.7913395],[9.4312889,49.7913468],[9.4310644,49.7913786],[9.4306318,49.7914494],[9.4302012,49.7914994],[9.4296662,49.7915328],[9.4290889,49.7915552],[9.428855,49.79156],[9.4285369,49.7915666],[9.4270748,49.7915636],[9.4262039,49.7915393],[9.4259554,49.7915217],[9.4253669,49.7914718],[9.4248622,49.7913917],[9.4240749,49.7912364],[9.423371,49.7910532],[9.4227964,49.7908434],[9.4217503,49.790405],[9.421017,49.7900929],[9.4200171,49.7896744],[9.4196779,49.7895148],[9.419044,49.7892208],[9.4179513,49.7887109],[9.4177449,49.7886243],[9.4171768,49.7883626],[9.4168778,49.7881644],[9.4166313,49.7880038],[9.4163924,49.7878469],[9.4158573,49.7874887],[9.4154878,49.7872542],[9.4152689,49.7870972],[9.4151449,49.7870152],[9.4147282,49.7867176],[9.4146639,49.786676],[9.4143463,49.7864579],[9.4142368,49.7863839],[9.4141752,49.78634],[9.4133512,49.7857987],[9.4127723,49.7854172],[9.4114729,49.7845349],[9.4113508,49.7844445],[9.4109572,49.7841447],[9.4106258,49.7838926],[9.4104612,49.7837673],[9.4104352,49.7837475],[9.4101016,49.7835047],[9.4098145,49.7832979],[9.409495,49.7830881],[9.4091144,49.7828832],[9.4089189,49.78276],[9.408515,49.7824756],[9.4079698,49.782101]]}},{"type":"Feature","properties":{"source":"osm_exact_topology_chain","lines":["83","85"],"line_count":2,"segment_count":6,"osm_way_ids":["363546434","430223571","430223570","363546448","363546450","430223569"]},"geometry":{"type":"LineString","coordinates":[[9.4320295,49.7914396],[9.4322143,49.7915295],[9.4323231,49.7915994],[9.4324496,49.7917044],[9.4326238,49.7918638],[9.4326567,49.7918939],[9.4331858,49.7923616],[9.4333165,49.7924706],[9.4334776,49.7926221],[9.4336905,49.7927693]]}},{"type":"Feature","properties":{"source":"osm_exact_topology_chain","lines":["83","85"],"line_count":2,"segment_count":4,"osm_way_ids":["1344548678","1344548679","1344548680","1344548677"]},"geometry":{"type":"LineString","coordinates":[[9.4336905,49.7927693],[9.4337515,49.7927527],[9.4338173,49.7927489],[9.4338819,49.7927581],[9.433939,49.7927797],[9.4339833,49.7928114],[9.4340081,49.7928452],[9.4340181,49.7928821],[9.4340122,49.7929194],[9.4339913,49.7929544],[9.4339565,49.7929843],[9.4339031,49.7930099],[9.4338403,49.7930237],[9.4337739,49.7930244],[9.4337103,49.793012],[9.4336557,49.7929876],[9.4336151,49.7929536],[9.4335955,49.792921],[9.4335888,49.7928864],[9.4335959,49.7928518],[9.4336162,49.7928195],[9.4336485,49.7927914],[9.4336905,49.7927693]]}},{"type":"Feature","properties":{"source":"osm_exact_topology_chain","lines":["85","972","977"],"line_count":3,"segment_count":32,"osm_way_ids":["368276466","23204270","368276461","853223486","1182560182","1182560181","25639898","24639048","47515601","47515595","204267148","38023547","260034428","39434033","1009650648","223953060","39498360","23233429","39498359","82082636","82082638","313850418","313850420","82082634","74096084","74096086","237212822","988797682","43657006","82793635","447216106","368278226"]},"geometry":{"type":"LineString","coordinates":[[9.2696298,49.7206133],[9.269817,49.7208268],[9.2699229,49.7209384],[9.2699661,49.720984],[9.270076,49.721107],[9.2701114,49.7212196],[9.2701054,49.7213149],[9.2700699,49.7213916],[9.2699457,49.7214983],[9.269843,49.7216146],[9.2698234,49.7217275],[9.2704315,49.721982],[9.2706768,49.7220927],[9.2710009,49.7222468],[9.2714446,49.7224954],[9.2717769,49.7227403],[9.2720587,49.7229704],[9.2724319,49.7233401],[9.2729667,49.7239026],[9.2734093,49.7243597],[9.2736743,49.7246716],[9.2740286,49.7251502],[9.2742933,49.7255796],[9.2745347,49.7261112],[9.2747759,49.7265968],[9.2750544,49.7271198],[9.2758475,49.7281886],[9.2767438,49.7292899],[9.2771067,49.7297637],[9.2778942,49.7306772],[9.2784267,49.7312763],[9.2789932,49.7318671],[9.2791444,49.7320274],[9.2794252,49.7322867],[9.2798191,49.7326083],[9.2804503,49.7330953],[9.2811035,49.7335595],[9.2821923,49.7342466],[9.2833602,49.7348818],[9.2856303,49.7359306],[9.2867727,49.7364368],[9.2878829,49.736877],[9.2888859,49.7372194],[9.2901937,49.7375746],[9.2913862,49.7378493],[9.2915326,49.7378762],[9.2948081,49.7384235],[9.296664,49.7387577],[9.2977144,49.7389127],[9.2989345,49.7390341],[9.2991658,49.7390534],[9.2997298,49.739087],[9.3004957,49.7391254],[9.3014214,49.7391478],[9.3024337,49.7391325],[9.3038061,49.7390815],[9.3051502,49.7390224],[9.3117272,49.7389401],[9.3120174,49.7389442],[9.3123869,49.7389493],[9.313061,49.7389831],[9.3131701,49.7389876],[9.3143588,49.7390482],[9.3155361,49.7391167],[9.3162231,49.7391408],[9.3176724,49.7392581],[9.3180428,49.7393121],[9.3181625,49.7393313],[9.3184333,49.7393948],[9.3185268,49.7394242],[9.3189591,49.739588],[9.3194064,49.739845],[9.3196155,49.7399781],[9.3199642,49.7401459],[9.3201957,49.7402337],[9.3204931,49.7403268],[9.3208084,49.7404451],[9.32108,49.7405726],[9.3213207,49.7407015],[9.3217994,49.7409777],[9.3220543,49.7411248],[9.3222234,49.7412292],[9.3222893,49.7412705],[9.3224708,49.7413787],[9.3226501,49.741489],[9.3228324,49.7416011],[9.3228884,49.7416363],[9.3229594,49.7416861],[9.3230381,49.7417372],[9.323241,49.7418723],[9.3232743,49.7418984],[9.3233472,49.7419408],[9.3234613,49.7420129],[9.3235919,49.7421031],[9.3238192,49.742306],[9.3238563,49.7423357],[9.3239455,49.7423936],[9.3240484,49.7424631],[9.3241446,49.7425257],[9.3242642,49.7426028],[9.3243362,49.7426534],[9.3245305,49.7428175],[9.3245946,49.7428718],[9.3249278,49.743154],[9.3251112,49.7433081],[9.325586,49.7437324],[9.3257296,49.7438748],[9.3258687,49.7440762],[9.3259154,49.7441578],[9.3260872,49.7444768],[9.3261631,49.7446118],[9.3262111,49.7446815],[9.3262442,49.7447394],[9.326299,49.7448804],[9.3263642,49.7451362],[9.3264447,49.7455135],[9.3265811,49.7462368],[9.3266048,49.7463428],[9.3266036,49.7464475],[9.3265998,49.7465395],[9.3265805,49.7466315],[9.3265449,49.7467646],[9.3261958,49.7474055],[9.3261583,49.7474685],[9.3261339,49.7475094],[9.326018,49.7476931],[9.3259606,49.7477917],[9.3258983,49.7478989],[9.3258526,49.7479774],[9.3257684,49.7481107],[9.3256679,49.7483383],[9.325632,49.7484656],[9.3256128,49.7485345],[9.325591,49.7486636],[9.3255809,49.7488346],[9.325597,49.748985],[9.3256665,49.7492478],[9.3257133,49.749441],[9.3257455,49.7496512],[9.3257307,49.7500095],[9.3257156,49.7501991],[9.3257082,49.7502726],[9.3257017,49.7503552],[9.3256778,49.7505238],[9.3256682,49.7505851],[9.3256607,49.7506248],[9.3256505,49.7506782],[9.3255968,49.7508541],[9.3255694,49.7509235],[9.3255543,49.7509604],[9.3254873,49.7511244],[9.3253786,49.7513793],[9.3253459,49.7514483],[9.3252772,49.7516058],[9.3251144,49.7519787],[9.3249363,49.752393],[9.3248715,49.7526224],[9.3248302,49.7528459],[9.3247862,49.7530358],[9.324761,49.7531376],[9.324733,49.7532204],[9.3246981,49.7533123],[9.3245842,49.7535924],[9.3245363,49.7536672],[9.3244326,49.7538293],[9.3243872,49.7539006],[9.3242524,49.7540918],[9.3238857,49.754592],[9.3236095,49.7549438],[9.323436,49.7552173],[9.3233777,49.7553975],[9.3233552,49.7555156],[9.3233447,49.7557519],[9.3233477,49.7558504],[9.3233582,49.7559445],[9.3233851,49.7560935],[9.3234255,49.7563049],[9.3234406,49.7563775]]}},{"type":"Feature","properties":{"source":"osm_exact_topology_chain","lines":["85","972","977"],"line_count":3,"segment_count":2,"osm_way_ids":["368271401","751068780"]},"geometry":{"type":"LineString","coordinates":[[9.2650447,49.7075692],[9.2648958,49.7075798],[9.2647149,49.7075973]]}},{"type":"Feature","properties":{"source":"osm_exact_topology_chain","lines":["85","972","977"],"line_count":3,"segment_count":3,"osm_way_ids":["762923321","367981743","27410866"]},"geometry":{"type":"LineString","coordinates":[[9.2633214,49.7080275],[9.2631911,49.7080751],[9.2630221,49.7078894],[9.262995,49.7077801]]}},{"type":"Feature","properties":{"source":"osm_exact_topology_chain","lines":["85","972","977"],"line_count":3,"segment_count":3,"osm_way_ids":["384829468","751072813","367981754"]},"geometry":{"type":"LineString","coordinates":[[9.2618898,49.707616],[9.2617404,49.7077097],[9.2615964,49.7077677],[9.2615658,49.7077801],[9.2614762,49.7078074],[9.2614227,49.7077225],[9.2613915,49.707676],[9.261296,49.7075335]]}},{"type":"Feature","properties":{"source":"osm_exact_topology_chain","lines":["85","972","977"],"line_count":3,"segment_count":2,"osm_way_ids":["368278227","23233430"]},"geometry":{"type":"LineString","coordinates":[[9.3234406,49.7563775],[9.3235126,49.7565828],[9.3235424,49.7566457],[9.3235889,49.7566534],[9.3236322,49.7566668],[9.3236695,49.7566847],[9.323701,49.7567067],[9.3237262,49.7567329],[9.3237432,49.7567618],[9.3237509,49.756789],[9.3237485,49.7568309],[9.323737,49.7568589],[9.3237182,49.7568847],[9.3236819,49.7569157],[9.3236163,49.7569469]]}},{"type":"Feature","properties":{"source":"osm_exact_topology_chain","lines":["85","972","977"],"line_count":3,"segment_count":2,"osm_way_ids":["368278228","43663795"]},"geometry":{"type":"LineString","coordinates":[[9.3234406,49.7563775],[9.323423,49.7565886],[9.323396,49.7566597],[9.3233472,49.7566798],[9.323307,49.7567065],[9.3232812,49.7567333],[9.3232641,49.7567629],[9.3232563,49.7567935],[9.3232578,49.7568246],[9.3232686,49.7568549],[9.3232883,49.7568833],[9.3233112,49.756905],[9.3233441,49.7569266],[9.3233826,49.7569439],[9.3234491,49.7569604]]}},{"type":"Feature","properties":{"source":"osm_exact_topology_chain","lines":["80","85","972","977"],"line_count":4,"segment_count":23,"osm_way_ids":["755116375","741622933","388222469","78449529","1062359236","78449557","43033495","37883787","37883763","1051137871","37883788","601132103","1051906529","741622934","324750361","30783959","30783960","1051137869","237212834","1051137868","368271397","368271403","751068779"]},"geometry":{"type":"LineString","coordinates":[[9.2696298,49.7206133],[9.2694983,49.7204139],[9.2693685,49.7201554],[9.269345,49.7200992],[9.2692873,49.7199836],[9.2692396,49.7198359],[9.2691085,49.7195357],[9.2690188,49.7193583],[9.2689948,49.719313],[9.2688454,49.7190889],[9.2684005,49.7184881],[9.2683611,49.7184303],[9.2678618,49.7177645],[9.2675739,49.7173581],[9.2675198,49.7172576],[9.2674658,49.7171572],[9.2674082,49.7170502],[9.2672771,49.7168183],[9.2672688,49.7168037],[9.267067,49.7164078],[9.2670459,49.7163661],[9.266895,49.7159472],[9.2667653,49.7155358],[9.2667419,49.7154818],[9.2667386,49.7154509],[9.2667515,49.7154337],[9.2667612,49.7154219],[9.2667798,49.7154083],[9.2668027,49.7153967],[9.2668292,49.7153837],[9.2668596,49.7153736],[9.2674361,49.7151926],[9.2678021,49.7150892],[9.2682442,49.7149455],[9.2685482,49.7148545],[9.2688276,49.7147457],[9.268927,49.7147021],[9.2690011,49.7142477],[9.2690301,49.7141472],[9.2690439,49.7140992],[9.2691442,49.7139493],[9.2695371,49.7134181],[9.26929,49.7130704],[9.2691402,49.7128596],[9.2685547,49.7120329],[9.2685105,49.7119645],[9.2683108,49.7116093],[9.2682496,49.7115012],[9.2681792,49.7113741],[9.2681643,49.7113454],[9.2680924,49.7111936],[9.2680035,49.7109855],[9.267959,49.7108846],[9.2679465,49.7108525],[9.2679292,49.7108092],[9.2677404,49.7103354],[9.2676593,49.71013],[9.2675736,49.7098913],[9.26749,49.7097235],[9.2673605,49.709538],[9.2671548,49.7093413],[9.267021,49.7092373],[9.266907,49.7091488],[9.2665346,49.7088876],[9.2662888,49.708681],[9.2662369,49.7086286],[9.2658544,49.7082701],[9.2655532,49.707961],[9.2655193,49.7079262],[9.265364,49.7077335],[9.2652605,49.7076535],[9.2652184,49.707612],[9.2651836,49.7076129],[9.2651492,49.7076099],[9.265116,49.7076029],[9.2650853,49.7075923],[9.2650447,49.7075692]]}},{"type":"Feature","properties":{"source":"osm_exact_topology_chain","lines":["84","85","87","972","977"],"line_count":5,"segment_count":3,"osm_way_ids":["1531233084","367981748","367981757"]},"geometry":{"type":"LineString","coordinates":[[9.2647149,49.7075973],[9.2646837,49.7076073],[9.2644079,49.7076823],[9.2641096,49.707768],[9.2637095,49.7078915],[9.2633214,49.7080275]]}},{"type":"Feature","properties":{"source":"osm_exact_topology_chain","lines":["84","85","87","972","977"],"line_count":5,"segment_count":3,"osm_way_ids":["384829460","27410868","24602151"]},"geometry":{"type":"LineString","coordinates":[[9.262995,49.7077801],[9.2628657,49.7076594],[9.2627872,49.707613],[9.2626919,49.7075746],[9.262577,49.7075475],[9.2624736,49.7075331],[9.2623711,49.7075294],[9.2622789,49.7075301],[9.2621847,49.7075409],[9.2618898,49.707616]]}},{"type":"Feature","properties":{"source":"osm_exact_topology_chain","lines":["84","85","87","972","977"],"line_count":5,"segment_count":10,"osm_way_ids":["367981759","27849363","367981744","367981740","39438391","1051137875","367981747","367981756","367981750","40277982"]},"geometry":{"type":"LineString","coordinates":[[9.261296,49.7075335],[9.2611936,49.7074104],[9.2610104,49.707185],[9.2606968,49.7068512],[9.2606361,49.7067865],[9.2603677,49.7065203],[9.2601148,49.706271],[9.2600154,49.7061731],[9.2597627,49.705943],[9.259663,49.7058523],[9.2596095,49.7058025],[9.2593307,49.7055445],[9.2593138,49.7055247],[9.2590945,49.7053028],[9.2590452,49.7052518],[9.2590246,49.7052309],[9.2588433,49.7050202],[9.2587958,49.7049516],[9.2587125,49.7048333],[9.2586746,49.7047526],[9.2586655,49.7047205],[9.2586495,49.7046719],[9.2586392,49.7046277],[9.258634,49.7045855]]}},{"type":"Feature","properties":{"source":"osm_exact_topology_chain","lines":["82","84","85","87","88","972","977"],"line_count":7,"segment_count":3,"osm_way_ids":["27367591","367981758","367981742"]},"geometry":{"type":"LineString","coordinates":[[9.258634,49.7045855],[9.258602,49.7045847],[9.2585557,49.704582],[9.2584987,49.7045775],[9.2584252,49.7045623],[9.2583763,49.7045443],[9.2583216,49.7045132],[9.2582844,49.7044802],[9.25825,49.7044454],[9.2581707,49.7043673],[9.2579649,49.7041296],[9.257859,49.7040043],[9.2577667,49.7038935],[9.2576767,49.7037853],[9.2575352,49.7035721],[9.2574254,49.7033923]]}},{"type":"Feature","properties":{"source":"osm_exact_topology_chain","lines":["82","85","87","88","972","977"],"line_count":6,"segment_count":1,"osm_way_ids":["367981749"]},"geometry":{"type":"LineString","coordinates":[[9.2574254,49.7033923],[9.2572061,49.7033146],[9.2570142,49.7032627]]}},{"type":"Feature","properties":{"source":"osm_exact_topology_chain","lines":["92","93","94","95","96","97","98","99"],"line_count":8,"segment_count":1,"osm_way_ids":["1343712937"]},"geometry":{"type":"LineString","coordinates":[[9.2227975,49.6451606],[9.2227323,49.6451358],[9.2226873,49.6450964]]}},{"type":"Feature","properties":{"source":"osm_exact_topology_chain","lines":["92","93","94","95","96","97","98","99"],"line_count":8,"segment_count":2,"osm_way_ids":["189193381","79419419"]},"geometry":{"type":"LineString","coordinates":[[9.2227009,49.6449768],[9.2226337,49.6449407],[9.2225562,49.6449025],[9.2224887,49.6448528],[9.2224483,49.6448221],[9.2224094,49.6447896],[9.2223186,49.6446617],[9.2222976,49.6445867],[9.2222656,49.6444577]]}},{"type":"Feature","properties":{"source":"osm_exact_topology_chain","lines":["93","94","95","96","97","98","99"],"line_count":7,"segment_count":3,"osm_way_ids":["84619133","1177191681","1177191676"]},"geometry":{"type":"LineString","coordinates":[[9.2222656,49.6444577],[9.2222607,49.6443793],[9.2222139,49.644254],[9.2221679,49.6441665],[9.2221213,49.6440778],[9.2220441,49.6439494],[9.2220262,49.6439298],[9.2219582,49.6438553],[9.2219378,49.643833],[9.2218798,49.6437694],[9.2218374,49.6437235],[9.2217211,49.6435974],[9.2215929,49.6434461],[9.2215114,49.6433536],[9.221421,49.6432464],[9.2213921,49.6432098],[9.2213554,49.6431676],[9.2212503,49.6430264],[9.2212118,49.6429074],[9.2212059,49.6427559],[9.2212374,49.6425972]]}},{"type":"Feature","properties":{"source":"osm_exact_topology_chain","lines":["94","95","96","97","98","99"],"line_count":6,"segment_count":2,"osm_way_ids":["1005665737","1177191682"]},"geometry":{"type":"LineString","coordinates":[[9.2212374,49.6425972],[9.2214118,49.6426094],[9.2214507,49.6426676],[9.221457,49.6427031],[9.2214715,49.642784],[9.2214829,49.6428482],[9.2214845,49.642869],[9.2214908,49.6429515],[9.2215023,49.6431035],[9.2214433,49.6431343],[9.2213554,49.6431676]]}},{"type":"Feature","properties":{"source":"osm_exact_topology_chain","lines":["93","95","96","98","99"],"line_count":5,"segment_count":1,"osm_way_ids":["38152535"]},"geometry":{"type":"LineString","coordinates":[[9.2213037,49.6420638],[9.2213175,49.642138],[9.2213091,49.6422033],[9.2213071,49.6422189],[9.2212585,49.6425111],[9.2212374,49.6425972]]}},{"type":"Feature","properties":{"source":"osm_exact_topology_chain","lines":["98","99"],"line_count":2,"segment_count":2,"osm_way_ids":["26119557","84619131"]},"geometry":{"type":"LineString","coordinates":[[9.2213037,49.6420638],[9.2214041,49.6419468],[9.2214823,49.6418286],[9.2216011,49.6416614],[9.2217886,49.6413519],[9.2218104,49.6413065],[9.2218381,49.6412485],[9.2219376,49.6410409],[9.2219742,49.6409587],[9.2220051,49.6408876]]}},{"type":"Feature","properties":{"source":"osm_exact_topology_chain","lines":["27","28","29"],"line_count":3,"segment_count":1,"osm_way_ids":["1102597232"]},"geometry":{"type":"LineString","coordinates":[[9.2440407,50.0859442],[9.2440218,50.0859265]]}},{"type":"Feature","properties":{"source":"osm_exact_topology_chain","lines":["1","3","4","5","6","7","10","12","15","16","21","40","41","47","53","54","55","60","61","62","63","BG2","BG3"],"line_count":23,"segment_count":3,"osm_way_ids":["30412075","73286677","751429983"]},"geometry":{"type":"LineString","coordinates":[[9.1458578,49.9776655],[9.1442581,49.9782873],[9.1441068,49.9783464],[9.1437634,49.978471],[9.1435088,49.9785562],[9.1432943,49.9786189],[9.1432603,49.9786288],[9.1430513,49.9786833],[9.1427869,49.9787444],[9.1425008,49.9787963],[9.1422293,49.9788143]]}},{"type":"Feature","properties":{"source":"osm_exact_topology_chain","lines":["1","3","4","5","6","7","10","12","14","15","16","21","24","31","40","41","47","50","53","54","55","60","61","62","63","BG2","BG3","OF-85"],"line_count":28,"segment_count":1,"osm_way_ids":["21724855"]},"geometry":{"type":"LineString","coordinates":[[9.1420502,49.9788232],[9.1421163,49.9798094],[9.1421164,49.9799185]]}},{"type":"Feature","properties":{"source":"osm_exact_topology_chain","lines":["5","7","15","16","21","40","41","47","63"],"line_count":9,"segment_count":7,"osm_way_ids":["12343519","753762067","51890688","24991627","753840916","73286682","638016042"]},"geometry":{"type":"LineString","coordinates":[[9.1491491,49.9772625],[9.1489855,49.9771124],[9.1487553,49.9769459],[9.1486187,49.9768491],[9.1484855,49.9767757],[9.1483858,49.9767436],[9.148307,49.9767283],[9.1482473,49.9767214],[9.148183,49.9767266],[9.1480819,49.9767515],[9.1478954,49.9768292],[9.1476604,49.9769485],[9.1473198,49.977099],[9.1472506,49.9771274],[9.1472043,49.9771455],[9.1471009,49.9771832],[9.1469254,49.9772513],[9.1460932,49.9775789],[9.1459961,49.977617],[9.1458578,49.9776655]]}},{"type":"Feature","properties":{"source":"osm_exact_topology_chain","lines":["23","33"],"line_count":2,"segment_count":9,"osm_way_ids":["128640462","498584320","35431777","158342755","40617794","40617793","60676337","60676338","30723938"]},"geometry":{"type":"LineString","coordinates":[[9.2104365,50.0298324],[9.2099789,50.0302876],[9.209594,50.0306448],[9.2093275,50.0309027],[9.2087596,50.0313947],[9.2084659,50.0316492],[9.2079548,50.0320337],[9.2076691,50.0322302],[9.2072512,50.0325044],[9.2068791,50.0327103],[9.2068188,50.0327443],[9.2064951,50.0329065],[9.2062366,50.0330173],[9.2059699,50.033125],[9.2056674,50.033234],[9.2054457,50.0333068],[9.2052223,50.0333733],[9.2049083,50.0334525],[9.2045942,50.0335211],[9.2040301,50.0336236],[9.2030319,50.033796],[9.2029017,50.0338254],[9.202526,50.0339112],[9.2020754,50.0340296],[9.2017889,50.0341226],[9.2014237,50.0342543],[9.2013136,50.0342943],[9.2011981,50.0343433],[9.2010658,50.0344009],[9.2008782,50.0344838],[9.2007308,50.0345563],[9.2005109,50.0346733],[9.2003499,50.0347758],[9.2000715,50.0349602],[9.2000514,50.0349767],[9.1997226,50.0352382],[9.1993426,50.035579],[9.1989397,50.0360931],[9.1986713,50.0365739],[9.1984812,50.0371386],[9.1984451,50.0374623],[9.1984387,50.0376209],[9.1984245,50.0379704],[9.1985244,50.0384328],[9.1989084,50.0395932],[9.1989988,50.0399897],[9.1991366,50.0408701],[9.1990993,50.0413507],[9.1990897,50.041588],[9.1990887,50.0417006],[9.1990758,50.0418329],[9.1990456,50.0420458],[9.1990043,50.042216],[9.1989732,50.0423365],[9.1989433,50.0424598],[9.1988909,50.0426101],[9.1988441,50.0427404],[9.1987596,50.0429655],[9.1987055,50.0431]]}},{"type":"Feature","properties":{"source":"osm_exact_topology_chain","lines":["86","93"],"line_count":2,"segment_count":5,"osm_way_ids":["546350639","37910674","610220495","59398208","19187010"]},"geometry":{"type":"LineString","coordinates":[[9.2131957,49.7218488],[9.2130575,49.7219228],[9.2128252,49.7220473],[9.2126676,49.7221179],[9.212568,49.722159],[9.2123269,49.7222637],[9.2118605,49.7223797],[9.2115633,49.7224709],[9.2110649,49.7226321],[9.2107874,49.7227148],[9.2104717,49.7228089],[9.2100841,49.7229463],[9.2100053,49.7229837],[9.2095854,49.7231826],[9.2085323,49.7238262],[9.2082417,49.72399],[9.2074621,49.7241438],[9.2066505,49.7243591],[9.2058368,49.7246162],[9.2054576,49.7247374],[9.2052135,49.7248013],[9.2046513,49.7249258],[9.2044091,49.7249783],[9.2036002,49.7251027],[9.2025689,49.7252246],[9.2024314,49.7252442],[9.2013015,49.7253863],[9.2008181,49.7254465],[9.200573,49.7254767],[9.2001179,49.7255325],[9.199844,49.7255602],[9.1995069,49.7255883]]}},{"type":"Feature","properties":{"source":"osm_exact_topology_chain","lines":["86","93"],"line_count":2,"segment_count":8,"osm_way_ids":["1043854120","1043854121","192262026","37910675","489604546","1171737657","136617816","136617815"]},"geometry":{"type":"LineString","coordinates":[[9.2159764,49.7200933],[9.2159569,49.7199437],[9.2159264,49.7198019],[9.2159174,49.7195866],[9.2159611,49.7193402],[9.2160259,49.7191773],[9.2161512,49.7189704],[9.2162803,49.7187864],[9.2165739,49.718455],[9.2168908,49.7181612],[9.2171576,49.7179253],[9.2172454,49.7178345],[9.2176262,49.7174887],[9.2183263,49.7168527],[9.2184529,49.7167377],[9.2185967,49.7166071],[9.2190209,49.7162521],[9.2191943,49.7161072],[9.2191983,49.7159819],[9.2191687,49.7158575],[9.2190517,49.7157392],[9.2189696,49.7156809],[9.2189046,49.7156141],[9.2188587,49.7155411],[9.2188334,49.7154639],[9.2188295,49.7153851],[9.2188471,49.715307],[9.2188855,49.7152322],[9.2189438,49.7151629],[9.2190199,49.7151013],[9.2191149,49.7150527],[9.2193472,49.7149065],[9.2193955,49.7148548],[9.219428,49.7147982],[9.2194434,49.7147386],[9.2194413,49.7146783],[9.2193883,49.7145453]]}},{"type":"Feature","properties":{"source":"osm_exact_topology_chain","lines":["86","93"],"line_count":2,"segment_count":1,"osm_way_ids":["23216866"]},"geometry":{"type":"LineString","coordinates":[[9.1995069,49.7255883],[9.1992898,49.7256018],[9.1990489,49.7256357],[9.1988497,49.7256844]]}},{"type":"Feature","properties":{"source":"osm_exact_topology_chain","lines":["86","93"],"line_count":2,"segment_count":2,"osm_way_ids":["23216865","136617143"]},"geometry":{"type":"LineString","coordinates":[[9.1995069,49.7255883],[9.1993462,49.7255434],[9.199242,49.7255013],[9.1991767,49.7254605],[9.1988497,49.7256844]]}},{"type":"Feature","properties":{"source":"osm_exact_topology_chain","lines":["86","93"],"line_count":2,"segment_count":5,"osm_way_ids":["368790870","206643628","37989082","368790858","319418076"]},"geometry":{"type":"LineString","coordinates":[[9.1988497,49.7256844],[9.1981021,49.7261776],[9.1976018,49.7265102],[9.1972856,49.7267379],[9.1955866,49.727961],[9.1953958,49.7280957],[9.1947021,49.7285912],[9.1903926,49.731772],[9.1892244,49.7327175],[9.1880558,49.73364],[9.1874938,49.7340823],[9.1873889,49.734164],[9.1847003,49.7363528],[9.1835148,49.7373385],[9.1832872,49.7375287],[9.1823062,49.7383353]]}},{"type":"Feature","properties":{"source":"osm_exact_topology_chain","lines":["86","93"],"line_count":2,"segment_count":11,"osm_way_ids":["55906787","1093737922","39831597","1178535398","83643839","24337399","301844673","27673548","704296235","704296237","23133970"]},"geometry":{"type":"LineString","coordinates":[[9.1823062,49.7383353],[9.1822194,49.7383644],[9.1821268,49.7383688],[9.1820544,49.7383601],[9.1819659,49.7383376],[9.1818553,49.7383252],[9.1817929,49.7383228],[9.1817206,49.7383256],[9.1816756,49.7383512],[9.1816119,49.7383949],[9.1814977,49.7385174],[9.1813805,49.7386962],[9.1812056,49.7388911],[9.1801534,49.7397695],[9.1799422,49.7399503],[9.1798919,49.7400123],[9.179556,49.7403929],[9.1794953,49.7404616],[9.1782927,49.7416512],[9.1781648,49.741785],[9.1779991,49.7419727],[9.1778731,49.7421558],[9.1776545,49.7424735],[9.1774655,49.7427482],[9.1771411,49.7431581],[9.1765868,49.7440422],[9.1765498,49.7441013],[9.1764258,49.7442909],[9.1762705,49.7445283],[9.1762492,49.7445983],[9.176191,49.7447902],[9.1761856,49.7449139],[9.1761692,49.745287],[9.1760909,49.7455884],[9.1760876,49.7455951],[9.176002,49.7458196],[9.1758066,49.7462754],[9.1755456,49.74687],[9.1753523,49.7476107],[9.1753339,49.7476956],[9.1750708,49.749021],[9.1750784,49.7490791],[9.1751038,49.7491204],[9.1751183,49.7491377]]}},{"type":"Feature","properties":{"source":"osm_exact_topology_chain","lines":["86","93"],"line_count":2,"segment_count":10,"osm_way_ids":["368790862","368790863","59398216","23328253","23328254","23328262","23328261","59398218","368790866","158905785"]},"geometry":{"type":"LineString","coordinates":[[9.1823062,49.7383353],[9.1819434,49.7386354],[9.1816172,49.7389053],[9.1813665,49.7391287],[9.1809726,49.7394846],[9.1806516,49.7398014],[9.1803051,49.740184],[9.1797754,49.7408383],[9.1792066,49.7416717],[9.1788439,49.7422164],[9.1784961,49.7428478],[9.1783691,49.7430972],[9.1778455,49.7440984],[9.1776576,49.7444749],[9.1765103,49.7468399],[9.1761669,49.7475457],[9.1758754,49.7482074],[9.1756615,49.74874],[9.1755155,49.7491143]]}},{"type":"Feature","properties":{"source":"osm_exact_topology_chain","lines":["93","95","96"],"line_count":3,"segment_count":18,"osm_way_ids":["38153152","605010742","158898039","189193380","853607901","333163916","504811037","42044456","42044457","333163915","504811038","235993206","1093177235","775630880","44332542","158901614","183618884","1178535400"]},"geometry":{"type":"LineString","coordinates":[[9.2213037,49.6420638],[9.2212773,49.6419769],[9.2212131,49.6418989],[9.2210848,49.6418261],[9.2210053,49.6418021],[9.2205625,49.6417387],[9.2203289,49.6417053],[9.2201496,49.6416649],[9.2200111,49.6416265],[9.2198672,49.6415407],[9.2198086,49.641482],[9.2197633,49.6414152],[9.2197135,49.641295],[9.2196736,49.6411107],[9.2195187,49.640396],[9.219375,49.640139],[9.2192007,49.6399126],[9.2187542,49.6394899],[9.2184052,49.6390611],[9.2182963,49.638829],[9.2182299,49.638565],[9.2182236,49.6381929],[9.218217,49.6381047],[9.2181926,49.6377773],[9.2181699,49.6377259],[9.2180684,49.637496],[9.2179891,49.6373555],[9.2178678,49.6372059],[9.2176822,49.637011],[9.2172138,49.6365809],[9.2164718,49.6360291],[9.2157046,49.6355431],[9.2138383,49.6344065],[9.2126085,49.6335838],[9.2120033,49.6331495],[9.2116963,49.6329088],[9.2116457,49.6328623],[9.2114131,49.6326484],[9.2110789,49.6322391],[9.2107993,49.6317556],[9.2107382,49.6316161],[9.2106231,49.6313535],[9.2103603,49.6307042],[9.2100697,49.6302319],[9.2097914,49.6298062],[9.2096478,49.6296795],[9.2092536,49.6293427],[9.2085495,49.6288088],[9.2083634,49.6286768],[9.2083114,49.6286417],[9.2080426,49.6284499],[9.2077415,49.6282336],[9.2076832,49.6281803],[9.2076551,49.6281504],[9.2076369,49.628131],[9.207482,49.6279296],[9.2073591,49.6277584],[9.2073255,49.6277095],[9.20712,49.6274275],[9.2066438,49.6267529],[9.2061114,49.626086],[9.20604,49.625973],[9.2059835,49.625892],[9.2058875,49.6256687],[9.2057764,49.6253246],[9.205566,49.6246126],[9.2052611,49.6233712],[9.2051168,49.6229931],[9.2050703,49.6228621],[9.2049506,49.6226416],[9.2045018,49.6220324],[9.2041396,49.6215785],[9.2037047,49.6210923],[9.2032732,49.6207704],[9.2028269,49.6205348],[9.2022635,49.6203092],[9.2019044,49.6201917],[9.2016707,49.6201304],[9.2014229,49.6200873],[9.2012975,49.6200712],[9.2007208,49.6199973],[9.2001874,49.6199405],[9.2000187,49.6199225],[9.1998749,49.6199078],[9.1993354,49.6198608],[9.1963261,49.6195987],[9.1954463,49.6196482],[9.1945027,49.6198959],[9.1936003,49.6201776],[9.1931125,49.6203025],[9.1926689,49.6203181],[9.1921394,49.6202867],[9.1915167,49.6201891],[9.1899822,49.6198123],[9.1895332,49.6197092],[9.1890893,49.6196371],[9.1885864,49.6196008],[9.188029,49.619606],[9.1856986,49.6197575],[9.184709,49.6198258],[9.184065,49.6198801],[9.1833782,49.6199564],[9.1827326,49.6200276],[9.1817276,49.6200962],[9.1814658,49.6201036],[9.1812611,49.6201054],[9.1811716,49.6201017],[9.1810809,49.6200912],[9.1808974,49.6200614],[9.180739,49.6200216],[9.1804835,49.6199527],[9.1802205,49.6198711],[9.1798282,49.6197178],[9.1795405,49.6195582],[9.1793962,49.6194563],[9.1790296,49.6191976],[9.1787043,49.6189631],[9.1783391,49.6186617],[9.1781411,49.618513],[9.1778369,49.6182927],[9.1775805,49.618165],[9.1772629,49.6180344],[9.1771638,49.6179944]]}},{"type":"Feature","properties":{"source":"osm_exact_topology_chain","lines":["95","96"],"line_count":2,"segment_count":4,"osm_way_ids":["494245845","485624476","1327079452","700408276"]},"geometry":{"type":"LineString","coordinates":[[9.1771638,49.6179944],[9.1769198,49.617896],[9.1766799,49.6177992],[9.1765754,49.617757],[9.1764706,49.6177147],[9.176336,49.6176698],[9.1761791,49.6176289],[9.175982,49.6176177],[9.1758646,49.6176188],[9.1757514,49.61762],[9.1754171,49.6176022],[9.1744123,49.6174848]]}},{"type":"Feature","properties":{"source":"osm_exact_topology_chain","lines":["80","83","87","88"],"line_count":4,"segment_count":1,"osm_way_ids":["39831062"]},"geometry":{"type":"LineString","coordinates":[[9.2483528,49.705932],[9.2484892,49.7059048],[9.2486251,49.70587],[9.2486976,49.7058452]]}},{"type":"Feature","properties":{"source":"osm_exact_topology_chain","lines":["80","83","87","88","40N"],"line_count":5,"segment_count":5,"osm_way_ids":["767377894","5184853","759001966","709319942","60709962"]},"geometry":{"type":"LineString","coordinates":[[9.2483528,49.705932],[9.2481194,49.7059689],[9.2478045,49.7059664],[9.2475495,49.7059514],[9.2473236,49.7059232],[9.246555,49.7058294],[9.2460449,49.7057697],[9.2456838,49.7057319],[9.2453087,49.7056922],[9.2451726,49.705676],[9.2450783,49.7056686],[9.245004,49.7056703],[9.2449314,49.7056833],[9.2449017,49.70569],[9.2448496,49.7057062],[9.2447476,49.7057339],[9.2446897,49.7057504],[9.2445367,49.7057967],[9.2442619,49.7058825],[9.2440092,49.7059663]]}},{"type":"Feature","properties":{"source":"osm_exact_topology_chain","lines":["80","83","40N"],"line_count":3,"segment_count":22,"osm_way_ids":["19187015","198137874","59399650","665114270","59399653","368786593","25441101","322742903","322742922","19187011","368786574","59399652","599442104","368786583","368786584","368786598","26800156","665114269","60709959","322740998","762651095","322740997"]},"geometry":{"type":"LineString","coordinates":[[9.2440092,49.7059663],[9.2437365,49.7060577],[9.2432923,49.7062712],[9.2431329,49.7063755],[9.2428574,49.7065712],[9.2424148,49.7069024],[9.2420992,49.7071861],[9.2416558,49.7079421],[9.2412229,49.7087196],[9.2407503,49.7095812],[9.2403965,49.7101711],[9.2401793,49.7105706],[9.2395695,49.7116638],[9.2394276,49.7119311],[9.2389691,49.7127574],[9.2387413,49.7131704],[9.238493,49.7136411],[9.2383078,49.7139559],[9.2381853,49.7141402],[9.2381001,49.7142553],[9.2378855,49.7145323],[9.2376501,49.714794],[9.2373873,49.7150878],[9.2370796,49.7154415],[9.2368561,49.7156882],[9.2365122,49.716061],[9.2362101,49.7163571],[9.2359115,49.7166582],[9.2356372,49.7169261],[9.2351974,49.7173557],[9.2347854,49.7177368],[9.2342691,49.7181873],[9.2336208,49.7187383],[9.2332973,49.7189931],[9.2329414,49.7192883],[9.2323056,49.7198153],[9.231857,49.7201867],[9.2317922,49.7202379],[9.2311487,49.7207301],[9.230785,49.7209749],[9.2304055,49.7212353],[9.2303671,49.7212622],[9.2302696,49.7213298],[9.2301351,49.7214251],[9.2300713,49.7215075],[9.2300116,49.7215483],[9.2299975,49.7215579],[9.2299419,49.7215898]]}},{"type":"Feature","properties":{"source":"osm_exact_topology_chain","lines":["80","83"],"line_count":2,"segment_count":2,"osm_way_ids":["38077842","38077843"]},"geometry":{"type":"LineString","coordinates":[[9.2290554,49.7325465],[9.2289614,49.7325269],[9.228166,49.7323633],[9.2274345,49.7321382]]}},{"type":"Feature","properties":{"source":"osm_exact_topology_chain","lines":["80","83"],"line_count":2,"segment_count":1,"osm_way_ids":["322740996"]},"geometry":{"type":"LineString","coordinates":[[9.2295902,49.7215548],[9.2296144,49.7215258],[9.2296501,49.7215023],[9.2296945,49.7214861]]}},{"type":"Feature","properties":{"source":"osm_exact_topology_chain","lines":["80","83"],"line_count":2,"segment_count":2,"osm_way_ids":["25486583","762651092"]},"geometry":{"type":"LineString","coordinates":[[9.2298587,49.7214967],[9.2299975,49.7214542],[9.2301351,49.7214251]]}},{"type":"Feature","properties":{"source":"osm_exact_topology_chain","lines":["80","88"],"line_count":2,"segment_count":1,"osm_way_ids":["367972181"]},"geometry":{"type":"LineString","coordinates":[[9.2558576,49.7015029],[9.2559631,49.7014641],[9.2561445,49.7014649],[9.2564032,49.7014637],[9.2565419,49.7014641]]}},{"type":"Feature","properties":{"source":"osm_exact_topology_chain","lines":["80","82","88"],"line_count":3,"segment_count":11,"osm_way_ids":["1042615685","1042615684","30647653","419173510","24602146","1052469605","27457915","294350804","759007561","39971969","39971974"]},"geometry":{"type":"LineString","coordinates":[[9.2617273,49.7032243],[9.2614068,49.7025587],[9.2611583,49.7020428],[9.2610628,49.7018826],[9.2608926,49.7015969],[9.2607448,49.7013464],[9.2606914,49.701256],[9.260623,49.7011858],[9.2605393,49.7011273],[9.2604128,49.7010098],[9.2601418,49.7007581],[9.2598586,49.7004951],[9.2596084,49.7002628],[9.2593388,49.7003],[9.2588411,49.7003991],[9.2587828,49.7004168],[9.2587568,49.7004244],[9.2586844,49.7004493],[9.2586317,49.7004664],[9.2585094,49.7005213],[9.2581575,49.7007083],[9.2579986,49.7007894],[9.2577957,49.7009058],[9.2576694,49.7009782],[9.2575094,49.7010435],[9.2574641,49.701062],[9.2573429,49.7011115],[9.2572671,49.701087],[9.2571816,49.7011097],[9.2566865,49.7014033],[9.2565419,49.7014641],[9.256389,49.7015182],[9.2562389,49.701583],[9.2561857,49.7016094],[9.2560899,49.7017501]]}},{"type":"Feature","properties":{"source":"osm_exact_topology_chain","lines":["80","82"],"line_count":2,"segment_count":1,"osm_way_ids":["619862830"]},"geometry":{"type":"LineString","coordinates":[[9.2617273,49.7032243],[9.2615591,49.7033039],[9.2613767,49.7033936],[9.2611077,49.7035412],[9.2610404,49.7035899],[9.2609973,49.7036231]]}},{"type":"Feature","properties":{"source":"osm_exact_topology_chain","lines":["80","82","84","87","88"],"line_count":5,"segment_count":3,"osm_way_ids":["146979889","667869247","753300203"]},"geometry":{"type":"LineString","coordinates":[[9.2609973,49.7036231],[9.2611224,49.7036615],[9.2612857,49.7037276],[9.2615323,49.7038845],[9.2616345,49.7039495]]}},{"type":"Feature","properties":{"source":"osm_exact_topology_chain","lines":["80","84","87"],"line_count":3,"segment_count":5,"osm_way_ids":["762923768","762923769","443237513","237357958","368271402"]},"geometry":{"type":"LineString","coordinates":[[9.2646611,49.7066613],[9.264642,49.7066388],[9.2646133,49.7066211],[9.2645776,49.7066099],[9.2645383,49.7066063],[9.2644992,49.7066105],[9.2644639,49.7066221],[9.2644329,49.7066427],[9.2644146,49.7066688],[9.2644109,49.7066974],[9.2644225,49.7067252],[9.264441,49.7067438],[9.2644664,49.7067587],[9.2644969,49.7067687],[9.2645304,49.7067732],[9.2645646,49.7067718],[9.2645971,49.7067647],[9.2646597,49.7068569],[9.2649997,49.7072753],[9.2650427,49.7074055]]}},{"type":"Feature","properties":{"source":"osm_exact_topology_chain","lines":["80","85","977"],"line_count":3,"segment_count":4,"osm_way_ids":["751068783","751068782","368271405","30783087"]},"geometry":{"type":"LineString","coordinates":[[9.2651396,49.7073649],[9.2651769,49.7073605],[9.2652147,49.7073609],[9.2652518,49.707366],[9.2652866,49.7073756],[9.265318,49.7073894],[9.2653446,49.7074068],[9.2653639,49.7074253],[9.2653779,49.7074456],[9.2653861,49.7074673],[9.2653884,49.7074895],[9.2653772,49.7075288],[9.2653477,49.7075639],[9.2653026,49.7075913],[9.265364,49.7077335]]}},{"type":"Feature","properties":{"source":"osm_exact_topology_chain","lines":["80","84","85","87","977"],"line_count":5,"segment_count":1,"osm_way_ids":["47515599"]},"geometry":{"type":"LineString","coordinates":[[9.2649974,49.7074807],[9.265004,49.7074537],[9.2650193,49.7074283],[9.2650427,49.7074055]]}},{"type":"Feature","properties":{"source":"osm_exact_topology_chain","lines":["82","84","85","87","977"],"line_count":5,"segment_count":1,"osm_way_ids":["367981755"]},"geometry":{"type":"LineString","coordinates":[[9.2574254,49.7033923],[9.2573603,49.703287],[9.2573443,49.7032611],[9.2572721,49.7031523]]}},{"type":"Feature","properties":{"source":"osm_exact_topology_chain","lines":["82","84","87","88"],"line_count":4,"segment_count":3,"osm_way_ids":["15241525","55492705","146979888"]},"geometry":{"type":"LineString","coordinates":[[9.258634,49.7045855],[9.2586791,49.7045824],[9.2587148,49.7045757],[9.2587529,49.7045663],[9.2588118,49.7045444],[9.2588652,49.7045175],[9.2590483,49.7044225],[9.2594999,49.7041895],[9.2595717,49.7041547],[9.2602164,49.7038316],[9.2605647,49.7036638],[9.2607555,49.7036176],[9.2608632,49.7036127],[9.2609973,49.7036231]]}},{"type":"Feature","properties":{"source":"osm_exact_topology_chain","lines":["82","84","87","88"],"line_count":4,"segment_count":3,"osm_way_ids":["24328423","750796413","758180713"]},"geometry":{"type":"LineString","coordinates":[[9.2648828,49.7042034],[9.2638129,49.7039977],[9.2637077,49.7039818],[9.2636915,49.7039794],[9.2636056,49.7039665],[9.2633195,49.70392],[9.2629364,49.7038772],[9.2625465,49.7038663],[9.2619872,49.7038562],[9.2617752,49.7038832],[9.2616345,49.7039495]]}},{"type":"Feature","properties":{"source":"osm_exact_topology_chain","lines":["82","87"],"line_count":2,"segment_count":3,"osm_way_ids":["764603495","762952096","237357959"]},"geometry":{"type":"LineString","coordinates":[[9.2648828,49.7042034],[9.2668753,49.7045357],[9.2675026,49.7046425],[9.2679009,49.7047083],[9.2684286,49.7047964],[9.2691406,49.7049034],[9.2692693,49.7049227],[9.2698085,49.7049848],[9.2703097,49.705],[9.2703997,49.7050022],[9.270643,49.7050083],[9.2708463,49.7050095],[9.2710293,49.7050106],[9.271259,49.7050119],[9.2713072,49.7050122],[9.2713347,49.7050126],[9.2715128,49.7050155],[9.2715917,49.7050168],[9.272031,49.7050393],[9.2721127,49.7050509],[9.2722219,49.7050811]]}},{"type":"Feature","properties":{"source":"osm_exact_topology_chain","lines":["87","88"],"line_count":2,"segment_count":1,"osm_way_ids":["15220841"]},"geometry":{"type":"LineString","coordinates":[[9.2755492,49.7006291],[9.2755227,49.700707],[9.2754784,49.7008518],[9.2754167,49.7009897],[9.2753215,49.7011459],[9.275229,49.7012968],[9.2751557,49.7014168],[9.2750844,49.7016029],[9.2750654,49.7017869],[9.2750305,49.701969],[9.2749689,49.7020838],[9.274836,49.7022518],[9.2745645,49.7025384],[9.2744511,49.7026386],[9.2743459,49.7027164],[9.2741751,49.7027999],[9.2741388,49.7028166],[9.2740743,49.7028442],[9.2738732,49.702955],[9.2737216,49.7030853],[9.2733164,49.7034758],[9.2729409,49.7039373]]}},{"type":"Feature","properties":{"source":"osm_exact_topology_chain","lines":["87","88"],"line_count":2,"segment_count":6,"osm_way_ids":["24435470","710527576","26983452","39432680","1060828690","24602156"]},"geometry":{"type":"LineString","coordinates":[[9.2440092,49.7059663],[9.2440951,49.7060195],[9.2441301,49.7060412],[9.2441856,49.7060799],[9.2444437,49.7061552],[9.2449753,49.7062926],[9.245325,49.706376],[9.2461767,49.7065315],[9.2465093,49.7065952],[9.2467105,49.7066337],[9.2466226,49.7068828],[9.2465282,49.7070249],[9.2464435,49.7071106],[9.2462499,49.7072101],[9.2464837,49.7074341],[9.246591,49.7075217],[9.2467448,49.7075973],[9.2470482,49.7076843],[9.2472915,49.7077293],[9.2474729,49.7077628],[9.2477113,49.7078068],[9.2481095,49.7078993],[9.2484649,49.7079818],[9.2485797,49.7080092],[9.2490667,49.7081444],[9.2493049,49.7082214],[9.2494615,49.708272],[9.2496642,49.7083384],[9.2497052,49.7083539],[9.2503039,49.7086005],[9.2505293,49.7086945],[9.2509359,49.7088841],[9.2512891,49.7090979],[9.2517049,49.7093674],[9.25204,49.7096012]]}},{"type":"Feature","properties":{"source":"osm_exact_topology_chain","lines":["87","88"],"line_count":2,"segment_count":3,"osm_way_ids":["39432681","616228979","710527575"]},"geometry":{"type":"LineString","coordinates":[[9.2508172,49.7077157],[9.2511075,49.7078957],[9.251349,49.7080455],[9.2514135,49.7080855],[9.2516942,49.7082596],[9.2517003,49.7082634],[9.251988,49.7084455],[9.2520077,49.7084579],[9.2520466,49.7084826],[9.2523142,49.7086529],[9.2528941,49.709178]]}},{"type":"Feature","properties":{"source":"osm_exact_topology_chain","lines":["84","87","88"],"line_count":3,"segment_count":2,"osm_way_ids":["27457995","764603496"]},"geometry":{"type":"LineString","coordinates":[[9.2683494,49.7040947],[9.2677729,49.7037641],[9.2669735,49.7031038],[9.266621,49.7028819],[9.2665263,49.7028237],[9.2658989,49.7025042]]}},{"type":"Feature","properties":{"source":"osm_exact_topology_chain","lines":["84","85","87","977"],"line_count":4,"segment_count":2,"osm_way_ids":["367981745","762923103"]},"geometry":{"type":"LineString","coordinates":[[9.261296,49.7075335],[9.2614168,49.7075781],[9.2615749,49.707613],[9.2616826,49.7076295],[9.2618898,49.707616]]}},{"type":"Feature","properties":{"source":"osm_exact_topology_chain","lines":["84","85","87","977"],"line_count":4,"segment_count":1,"osm_way_ids":["384829464"]},"geometry":{"type":"LineString","coordinates":[[9.262995,49.7077801],[9.2631325,49.7078431],[9.2633214,49.7080275]]}},{"type":"Feature","properties":{"source":"osm_exact_topology_chain","lines":["84","85","87","977"],"line_count":4,"segment_count":2,"osm_way_ids":["751068777","368271400"]},"geometry":{"type":"LineString","coordinates":[[9.2647149,49.7075973],[9.2648609,49.7075347],[9.2649347,49.7075026],[9.2649974,49.7074807]]}},{"type":"Feature","properties":{"source":"osm_exact_topology_chain","lines":["84","87"],"line_count":2,"segment_count":4,"osm_way_ids":["237357962","24328422","1042577440","759001972"]},"geometry":{"type":"LineString","coordinates":[[9.2646611,49.7066613],[9.2647871,49.7066064],[9.2648263,49.7065849],[9.2651482,49.7064086],[9.2664593,49.7058161],[9.2667996,49.7055556],[9.2669639,49.7054251],[9.2673139,49.7051424],[9.2675813,49.7049366],[9.2678324,49.7047576],[9.2679009,49.7047083],[9.2681879,49.7043157],[9.2683494,49.7040947]]}},{"type":"Feature","properties":{"source":"osm_exact_topology_chain","lines":["84","93","94","98","40N"],"line_count":5,"segment_count":2,"osm_way_ids":["285794413","309961426"]},"geometry":{"type":"LineString","coordinates":[[9.2227975,49.6451606],[9.2226561,49.6452364],[9.2225165,49.6453071],[9.2220773,49.6455256],[9.2218533,49.6456312],[9.2213275,49.6458857],[9.2208461,49.6461313],[9.2207489,49.6461809],[9.2207029,49.6462044],[9.2204971,49.6463048],[9.2204178,49.6463441],[9.220335,49.6463852],[9.2201687,49.6464616],[9.2200509,49.6465107],[9.2199456,49.6465574],[9.219818,49.646616]]}},{"type":"Feature","properties":{"source":"osm_exact_topology_chain","lines":["84","93","94"],"line_count":3,"segment_count":4,"osm_way_ids":["40295112","127546997","291188364","1342083309"]},"geometry":{"type":"LineString","coordinates":[[9.2115991,49.6697495],[9.2114677,49.6696615],[9.211096,49.6693983],[9.210855,49.6692178],[9.2106953,49.6691042],[9.2104772,49.6689537],[9.2103874,49.6689067],[9.2102902,49.6688743],[9.2102607,49.6688787],[9.2102059,49.6688753],[9.2101559,49.6688608],[9.2101156,49.6688367]]}},{"type":"Feature","properties":{"source":"osm_exact_topology_chain","lines":["84","93","94"],"line_count":3,"segment_count":1,"osm_way_ids":["1342112840"]},"geometry":{"type":"LineString","coordinates":[[9.2101074,49.6687089],[9.210122,49.6686983]]}},{"type":"Feature","properties":{"source":"osm_exact_topology_chain","lines":["84","93","94","40N"],"line_count":4,"segment_count":3,"osm_way_ids":["1342083310","1342083307","1342085401"]},"geometry":{"type":"LineString","coordinates":[[9.2102877,49.6686621],[9.2103368,49.6686748],[9.2103776,49.6686972],[9.2104059,49.6687262],[9.2104185,49.6687594],[9.2104149,49.6687937],[9.2104637,49.6688634],[9.2105401,49.6689294],[9.2107094,49.6690539],[9.2109016,49.6691985],[9.2112449,49.6694566],[9.2114809,49.6696411],[9.2115991,49.6697495]]}},{"type":"Feature","properties":{"source":"osm_exact_topology_chain","lines":["84","40N"],"line_count":2,"segment_count":7,"osm_way_ids":["1207507556","1207507557","25639201","27262182","27251191","171348074","1207507555"]},"geometry":{"type":"LineString","coordinates":[[9.2205291,49.6864847],[9.2210054,49.6871379],[9.2213611,49.6876061],[9.2224914,49.6890939],[9.2228931,49.6896835],[9.2231721,49.6901173],[9.223363,49.6905406],[9.2235582,49.6910329],[9.2235826,49.6911521],[9.2236094,49.6912961],[9.2236415,49.6915549],[9.2236565,49.6917297],[9.2236644,49.6917944],[9.2236291,49.6921009],[9.2235433,49.6924673],[9.2233459,49.6929837],[9.2227324,49.6940255],[9.222633,49.6941943],[9.2226261,49.694206],[9.2226141,49.6942255]]}},{"type":"Feature","properties":{"source":"osm_exact_topology_chain","lines":["32","566"],"line_count":2,"segment_count":1,"osm_way_ids":["463277014"]},"geometry":{"type":"LineString","coordinates":[[8.9953015,50.0524293],[8.995133,50.0526059]]}},{"type":"Feature","properties":{"source":"osm_exact_topology_chain","lines":["85","977"],"line_count":2,"segment_count":1,"osm_way_ids":["18893068"]},"geometry":{"type":"LineString","coordinates":[[9.2650427,49.7074055],[9.2650864,49.7073805],[9.2651396,49.7073649]]}},{"type":"Feature","properties":{"source":"osm_exact_topology_chain","lines":["85","977"],"line_count":2,"segment_count":1,"osm_way_ids":["368276465"]},"geometry":{"type":"LineString","coordinates":[[9.2700699,49.7213916],[9.269956,49.7216465],[9.2698234,49.7217275]]}},{"type":"Feature","properties":{"source":"osm_exact_topology_chain","lines":["82","971"],"line_count":2,"segment_count":2,"osm_way_ids":["1174523357","18896889"]},"geometry":{"type":"LineString","coordinates":[[9.4016187,49.7047541],[9.4016265,49.7048165],[9.4016451,49.705096],[9.4016539,49.7053708],[9.401599,49.705552],[9.4012395,49.7063804],[9.4010368,49.7063593],[9.4009556,49.7063548],[9.400636,49.706337],[9.400413,49.706367],[9.4003306,49.7064032],[9.4001019,49.7065035],[9.4000456,49.7065586]]}},{"type":"Feature","properties":{"source":"osm_exact_topology_chain","lines":["98","40N"],"line_count":2,"segment_count":29,"osm_way_ids":["1177205027","1177205028","309642495","27674418","53840739","98489557","98489572","27674421","230529721","315691738","230529720","53840736","700408272","700408271","285799813","53840744","183585544","230529603","183717936","230529604","230529598","230529597","230529594","1341318290","230529599","230529601","230529595","42044453","42044451"]},"geometry":{"type":"LineString","coordinates":[[9.0776485,49.6799817],[9.0783353,49.6800999],[9.0786842,49.6801599],[9.0797181,49.6803262],[9.079847,49.6803396],[9.0800351,49.6803402],[9.0802046,49.6803296],[9.0803549,49.680304],[9.0804733,49.6802769],[9.080577,49.6802446],[9.0806686,49.6802101],[9.0810863,49.6799976],[9.0816877,49.679669],[9.0838218,49.6784849],[9.0864665,49.6770351],[9.0890091,49.6756234],[9.0902754,49.674747],[9.0911916,49.6741472],[9.0923584,49.6733436],[9.0937352,49.6724103],[9.0941642,49.6722076],[9.0958084,49.6714719],[9.0963845,49.6712265],[9.0977694,49.6706168],[9.1044691,49.6676334],[9.1054235,49.6672328],[9.1056602,49.6671348],[9.1059023,49.667049],[9.1063919,49.6668879],[9.1083416,49.6662882],[9.1084604,49.6662522],[9.1090865,49.6660557],[9.1091904,49.666026],[9.1096841,49.665879],[9.1098792,49.6658229],[9.1099294,49.6658084],[9.1104226,49.6656665],[9.111824,49.665226],[9.1122584,49.6650895],[9.11245,49.6650293],[9.1130455,49.6648421],[9.1130722,49.6648337],[9.1137108,49.6646432],[9.1140003,49.6645568],[9.1143214,49.6644663],[9.114659,49.6643671],[9.1161904,49.6638859],[9.1169329,49.6636494],[9.1172758,49.6635449],[9.1180226,49.6633607],[9.1187681,49.6631872],[9.1203835,49.6628176],[9.1212593,49.6626095],[9.121636,49.6625183],[9.122009,49.6623891],[9.1223242,49.6622498],[9.1226052,49.6620846],[9.1229918,49.6618018],[9.1231765,49.661642],[9.1232735,49.6615174],[9.1233638,49.6613905],[9.1235353,49.6611298],[9.123866,49.6605897],[9.1245351,49.6595094],[9.1256782,49.6576139],[9.1259236,49.657207],[9.1261872,49.6568159],[9.1263129,49.6566723],[9.1265373,49.6564821],[9.1268597,49.6562751],[9.1271778,49.6561286],[9.1274212,49.6560469],[9.1276773,49.6559804],[9.1279689,49.6559277],[9.1282292,49.6558997],[9.1284726,49.6558879],[9.1287131,49.6558828],[9.1359516,49.6557035],[9.1367353,49.655696],[9.1371859,49.6556959],[9.1396271,49.6557966],[9.1400121,49.6558148],[9.1403997,49.6558122],[9.1408056,49.6557672],[9.1420478,49.6556223],[9.1427279,49.6555474],[9.1431744,49.6554718],[9.1434641,49.6554171],[9.1439711,49.6552869],[9.144069,49.6552658],[9.1444498,49.6552018],[9.1447167,49.6551836],[9.1452962,49.6551916],[9.145752,49.6552183],[9.1461611,49.6552374],[9.1464737,49.6552518],[9.1469,49.6552583],[9.1473098,49.6552217],[9.1477557,49.6551601],[9.1481713,49.6551169],[9.1486166,49.6551202],[9.1489677,49.6551716],[9.1494951,49.6552991],[9.1497271,49.6553411],[9.1499926,49.6553624],[9.1502689,49.655365],[9.1505086,49.6553521],[9.1508068,49.6553147],[9.1510992,49.6552363],[9.1518876,49.6549518],[9.1521558,49.6548736],[9.1525199,49.6548189],[9.1533266,49.6547462],[9.153832,49.6546987],[9.1541125,49.6546844],[9.1543841,49.6546955],[9.1547388,49.654746],[9.1550629,49.6547652],[9.1553329,49.6547547],[9.1555963,49.6547251],[9.1557647,49.6546904],[9.1559466,49.6546348],[9.1560906,49.6545845],[9.1562272,49.6545145],[9.1564125,49.6543909],[9.1566605,49.6541593],[9.1568014,49.6540645],[9.1569534,49.6539952],[9.1571715,49.6539307],[9.1573827,49.6539],[9.1578606,49.6538956],[9.1581666,49.6538865],[9.1584284,49.6538644],[9.1587259,49.6538231],[9.1590024,49.6537694],[9.1606182,49.6534185],[9.1609343,49.6533695],[9.1612351,49.6533412],[9.1615364,49.6533225],[9.1619714,49.65331],[9.1622476,49.6532882],[9.1624756,49.6532346],[9.1627468,49.6531384],[9.163259,49.6529428],[9.1635284,49.6528324],[9.1636933,49.6527334],[9.1638572,49.6526198],[9.163983,49.6525007],[9.1641254,49.6523691],[9.1644031,49.6520229],[9.1647224,49.6515346],[9.1651248,49.6509007],[9.1655146,49.650574],[9.165937,49.6502493],[9.1667252,49.6495789],[9.1672253,49.6491245],[9.1674659,49.6489199],[9.1677305,49.6487484],[9.1679755,49.6486559],[9.1682838,49.6485619],[9.1689097,49.6483829],[9.1690028,49.648339],[9.1690604,49.6482791],[9.1690953,49.6482105],[9.1691036,49.6481319],[9.1690743,49.6478633],[9.168932,49.6474715],[9.1689357,49.6473647],[9.1689867,49.6472469],[9.1691443,49.647018],[9.1696465,49.6463974],[9.1703251,49.6457313],[9.1704266,49.6455887],[9.1707247,49.6451035],[9.1711593,49.6445677],[9.1714865,49.6442194],[9.1718613,49.6438891],[9.1725433,49.6433361],[9.1728903,49.6430709],[9.173245,49.6428654],[9.1736443,49.6427188],[9.1740098,49.6426255],[9.1744423,49.6425634],[9.1749755,49.6425256],[9.1757324,49.6424835],[9.1759433,49.6424447],[9.1767049,49.642186],[9.1771165,49.6421221],[9.1774322,49.6421038],[9.1777687,49.6421193],[9.1780713,49.6421555],[9.1783769,49.642213],[9.1786963,49.6422533],[9.1789615,49.6422584],[9.1799029,49.6422416],[9.1800897,49.6422391],[9.1808008,49.6422429],[9.1815367,49.6423334],[9.1826319,49.6424738],[9.1836873,49.6426131],[9.1841224,49.6427075],[9.1845583,49.6428146],[9.1849351,49.6429793],[9.1852401,49.6431411],[9.1854254,49.6432744],[9.1856055,49.6434272],[9.1857006,49.6435552],[9.1857465,49.6437184],[9.1857688,49.6439422],[9.1858309,49.6440692],[9.1859474,49.6441896],[9.1869773,49.6449547],[9.1871694,49.6450878],[9.1875267,49.6453562],[9.1877317,49.6455237],[9.1878544,49.6456872],[9.1878886,49.6457681],[9.187896,49.6458578],[9.1878848,49.6459145],[9.1878542,49.6460128],[9.1878051,49.6461089],[9.1877681,49.6462456],[9.1877756,49.6463192],[9.1878077,49.6463793],[9.1878654,49.6464295],[9.1879301,49.6464669],[9.188021,49.6464963],[9.1881112,49.6465066],[9.1882443,49.6465045],[9.1883465,49.646493],[9.1884314,49.6464735],[9.1884912,49.6464618],[9.1886602,49.646425],[9.1889247,49.6463551],[9.1892018,49.6462736],[9.1894709,49.6461671],[9.189751,49.6460344],[9.1899934,49.6458853],[9.190207,49.6457113],[9.1904034,49.6455222],[9.1907099,49.6450965],[9.1909219,49.6447965],[9.1911484,49.644473],[9.1913959,49.6441597],[9.1916246,49.6438892],[9.1918476,49.6437243],[9.19199,49.6436793],[9.1921152,49.6436633],[9.1922408,49.6436632],[9.19237,49.6436772],[9.1925338,49.6437084],[9.1926729,49.6437532],[9.1935652,49.6441533],[9.1945361,49.6446623],[9.1954197,49.6451437],[9.1958758,49.6454335],[9.1961373,49.6456497],[9.1962266,49.645763],[9.1962768,49.6458451],[9.1962998,49.6459266],[9.1962875,49.6460005],[9.196263,49.6460677],[9.1961618,49.6462136],[9.196054,49.6464338],[9.1960435,49.6465436],[9.1960797,49.6466692],[9.1961695,49.6467664],[9.1962814,49.6468358],[9.1964462,49.6469025],[9.1966633,49.6469626],[9.1970748,49.647053],[9.1972844,49.647118],[9.1974449,49.6471858],[9.1990076,49.6480446],[9.1993499,49.6482423],[9.1994566,49.648332],[9.1995435,49.6484395],[9.199719,49.6486744],[9.1999114,49.6489262],[9.2000226,49.6490721],[9.200124,49.6491983],[9.2003769,49.6495],[9.200679,49.6498091],[9.2009227,49.6500244],[9.2013373,49.6503222],[9.2015557,49.6504677],[9.2018121,49.6506338],[9.2019351,49.6506942],[9.2022373,49.6508478],[9.2027028,49.6510406],[9.2029189,49.6511163],[9.2035867,49.6513398],[9.2046534,49.6515913],[9.2054326,49.6517578],[9.2059239,49.6518696],[9.2060506,49.6518994],[9.2066275,49.6520376],[9.2068953,49.6521097],[9.2073064,49.6522352],[9.2077685,49.6524136],[9.2083182,49.6526563],[9.2084929,49.6527388],[9.2087349,49.6528566],[9.209031,49.6529483],[9.2091181,49.6529779],[9.2092813,49.6530491]]}},{"type":"Feature","properties":{"source":"osm_exact_topology_chain","lines":["93","98","40N"],"line_count":3,"segment_count":9,"osm_way_ids":["1341491758","230529593","230529591","158896940","158896938","159973114","230529590","136708459","1341764363"]},"geometry":{"type":"LineString","coordinates":[[9.2180098,49.6475734],[9.2179983,49.647581],[9.2174679,49.6479503],[9.216543,49.6486166],[9.2136322,49.6507144],[9.2130426,49.6511011],[9.2125131,49.6514017],[9.2119081,49.6516935],[9.2115243,49.6518667],[9.2110544,49.6520809],[9.2104934,49.6523366],[9.2103717,49.6523921],[9.2098315,49.6526836],[9.2095142,49.6528803],[9.2092813,49.6530491],[9.2091956,49.6531279]]}},{"type":"Feature","properties":{"source":"osm_exact_topology_chain","lines":["93","98","40N"],"line_count":3,"segment_count":1,"osm_way_ids":["53840745"]},"geometry":{"type":"LineString","coordinates":[[9.2180098,49.6475734],[9.2181824,49.6474367],[9.2186786,49.647117],[9.2192586,49.6468084],[9.2194015,49.6467137]]}},{"type":"Feature","properties":{"source":"osm_exact_topology_chain","lines":["93","98","40N"],"line_count":3,"segment_count":1,"osm_way_ids":["1341489960"]},"geometry":{"type":"LineString","coordinates":[[9.2180098,49.6475734],[9.2182324,49.6474585],[9.2188246,49.6471159],[9.2193292,49.6468606],[9.2194806,49.646808]]}},{"type":"Feature","properties":{"source":"osm_exact_topology_chain","lines":["93","98","40N"],"line_count":3,"segment_count":2,"osm_way_ids":["484334663","1343524076"]},"geometry":{"type":"LineString","coordinates":[[9.219818,49.646616],[9.2196967,49.6466735],[9.2197129,49.6467075],[9.2197099,49.646743],[9.2196883,49.6467757],[9.2196503,49.6468015]]}},{"type":"Feature","properties":{"source":"osm_exact_topology_chain","lines":["93","97"],"line_count":2,"segment_count":3,"osm_way_ids":["19186976","136711046","158896935"]},"geometry":{"type":"LineString","coordinates":[[9.2230398,49.645007],[9.2232518,49.6449617],[9.2246007,49.6445668],[9.2258817,49.6442146],[9.2266267,49.6439594],[9.2274816,49.6436251],[9.2282381,49.6432882],[9.2293992,49.6427492],[9.2297188,49.6426119],[9.2301596,49.6424555],[9.230684,49.6423217]]}},{"type":"Feature","properties":{"source":"osm_exact_topology_chain","lines":["93","97","99"],"line_count":3,"segment_count":10,"osm_way_ids":["1190408113","704538935","136711043","1178528443","136711034","230483269","53840749","230483270","53840750","152360862"]},"geometry":{"type":"LineString","coordinates":[[9.230684,49.6423217],[9.231121,49.6422489],[9.2315956,49.6421867],[9.2319937,49.6421594],[9.232396,49.6421614],[9.2324955,49.6421689],[9.2328216,49.6422128],[9.2331418,49.6422686],[9.2333188,49.6423079],[9.2336611,49.6423867],[9.2337509,49.6424073],[9.234091,49.6424854],[9.2346375,49.6425979],[9.2348975,49.6426329],[9.2351279,49.642664],[9.2355061,49.6426832],[9.2359229,49.642658],[9.2366107,49.6425982],[9.2378988,49.642497],[9.2382977,49.6424644],[9.2386817,49.642422],[9.2393465,49.6423251],[9.2398489,49.6422454],[9.2403024,49.6421566],[9.2407064,49.6420533],[9.2410606,49.6419218],[9.2414089,49.6417735],[9.2417696,49.6416307],[9.2420918,49.6415248],[9.2424572,49.6414151],[9.2428576,49.6413095],[9.2429667,49.6412889],[9.2431061,49.6412731],[9.2432984,49.6412649],[9.2437805,49.6412578],[9.2441602,49.641255],[9.2444882,49.6412443],[9.2448093,49.6412104],[9.2450329,49.6411702],[9.2452326,49.6411124],[9.2456449,49.6409716],[9.2459239,49.6408664],[9.246258,49.6407171],[9.2463666,49.6406408],[9.2464758,49.6405536],[9.2465739,49.6404849],[9.2467166,49.6404206],[9.246885,49.6403946],[9.2470925,49.640401]]}},{"type":"Feature","properties":{"source":"osm_exact_topology_chain","lines":["97","99"],"line_count":2,"segment_count":10,"osm_way_ids":["1178535401","353487720","300691044","1188024390","1188024391","53840748","230483275","1187863846","230483272","230483271"]},"geometry":{"type":"LineString","coordinates":[[9.2470925,49.640401],[9.24724,49.6404055],[9.2473696,49.6404059],[9.2474884,49.6403974],[9.2481096,49.6402886],[9.2482591,49.6402662],[9.2483656,49.6402502],[9.2485062,49.6402209],[9.2486321,49.6401946],[9.2488163,49.6401847],[9.2490862,49.6401786],[9.2494609,49.6401942],[9.2500668,49.6402653],[9.2503182,49.6402925],[9.2507143,49.6403508],[9.2510387,49.6404328],[9.2512748,49.6404913],[9.251402,49.6405127],[9.2514826,49.6405215],[9.2516804,49.6405352],[9.251882,49.6405563],[9.2520976,49.6405933],[9.2523692,49.6406532],[9.2525415,49.6406912],[9.2527373,49.6407146],[9.2530056,49.6407358],[9.2532252,49.6407652],[9.2533484,49.6407817],[9.2536656,49.6408525],[9.2541851,49.6410242],[9.2544677,49.6411022],[9.2546753,49.641143],[9.2548949,49.6411668],[9.2551212,49.6411703],[9.2551368,49.6411684],[9.2552745,49.6411516],[9.2554319,49.641112],[9.2555838,49.6410725],[9.2557337,49.6410336],[9.2560066,49.6409763],[9.2560632,49.6409648],[9.2563185,49.6409149],[9.2564006,49.6408943],[9.2571454,49.640707],[9.2573827,49.6406578],[9.2574857,49.6406365],[9.2578671,49.6405727],[9.2583384,49.6405166],[9.2587981,49.6404506]]}},{"type":"Feature","properties":{"source":"osm_exact_topology_chain","lines":["93","40N"],"line_count":2,"segment_count":6,"osm_way_ids":["131189479","131192138","247569235","1342093471","1342093470","1342093469"]},"geometry":{"type":"LineString","coordinates":[[9.2091956,49.6531279],[9.2088705,49.6534406],[9.2087573,49.6535734],[9.2085167,49.6539253],[9.2083745,49.6542322],[9.2081751,49.654727],[9.2081178,49.655347],[9.2081665,49.6558319],[9.2083108,49.6563066],[9.2088171,49.6571345],[9.2095809,49.6580928],[9.2106162,49.6592818],[9.2112387,49.6601328],[9.2118453,49.661179],[9.2119951,49.6617114],[9.2120847,49.6621326],[9.2120922,49.6626144],[9.2120167,49.6631105],[9.2118358,49.6635316],[9.2116378,49.6638738],[9.2113919,49.6642138],[9.2109929,49.6646595],[9.2103822,49.6652115],[9.2100551,49.6655702],[9.2098047,49.6659779],[9.2095956,49.6664187],[9.2095181,49.6668474],[9.2095146,49.667123],[9.2096262,49.6676018],[9.2097294,49.6678483],[9.2098676,49.6680983],[9.2099762,49.6682441],[9.2101935,49.6685435],[9.2102877,49.6686621]]}},{"type":"Feature","properties":{"source":"osm_exact_topology_chain","lines":["652","654"],"line_count":2,"segment_count":10,"osm_way_ids":["371955190","371955144","756604432","371955226","371955171","309064289","371955096","15790796","15790795","8352259"]},"geometry":{"type":"LineString","coordinates":[[9.5687184,49.9946844],[9.5686548,49.9945957],[9.5685248,49.9944384],[9.5684086,49.9942905],[9.5683134,49.9941832],[9.5681968,49.9940764],[9.5680591,49.9939726],[9.5679733,49.9939207],[9.5679409,49.9939011],[9.5677946,49.9938183],[9.5678513,49.9937793],[9.5678959,49.9937537],[9.567952,49.9937194],[9.568135,49.9936474],[9.5685535,49.9935386],[9.5687092,49.9935036],[9.5693064,49.9933784],[9.5693562,49.9933674],[9.5695911,49.9933126],[9.5696229,49.9933594],[9.5696687,49.9934297],[9.5696872,49.9934603],[9.5698301,49.9936819],[9.5698741,49.9937364],[9.5699095,49.9937692],[9.5699652,49.9938008],[9.5700071,49.9938262],[9.5700798,49.9938589],[9.5701683,49.9938896],[9.5702139,49.9938968],[9.5702637,49.9939011],[9.5703239,49.9939029],[9.5704416,49.9938989],[9.5706162,49.9938865],[9.5710507,49.9938882],[9.5712313,49.9939029],[9.5712385,49.9941386],[9.5712412,49.9942262],[9.5712653,49.9942954],[9.5714369,49.9946093],[9.5715863,49.994882],[9.5715914,49.9948916],[9.5716195,49.99495],[9.5716406,49.9949903],[9.5716486,49.9950048],[9.5717079,49.9951252],[9.5717196,49.9951462],[9.571754,49.9952084],[9.571772,49.9952365],[9.5718645,49.9953813],[9.5719521,49.995517],[9.571957,49.9955237],[9.5719604,49.9955302],[9.5720401,49.9956554],[9.5721852,49.9958743]]}},{"type":"Feature","properties":{"source":"osm_exact_topology_chain","lines":["652","654"],"line_count":2,"segment_count":4,"osm_way_ids":["8352264","672383689","15789161","15718417"]},"geometry":{"type":"LineString","coordinates":[[9.5724171,49.9959874],[9.5726843,49.996207],[9.5727144,49.9962285],[9.5729319,49.9963839],[9.5730347,49.9964255],[9.5731533,49.9964417],[9.5733313,49.9964226],[9.5733744,49.9964178],[9.5734343,49.9964111],[9.5735005,49.9964041],[9.5737722,49.9963583],[9.5740306,49.9963147],[9.574438,49.996173],[9.5749128,49.9960079],[9.5750575,49.9959538],[9.5751498,49.9959135],[9.5753384,49.9958248],[9.5753598,49.9958162],[9.5754448,49.9957712],[9.575521,49.9957322],[9.5757234,49.9956267],[9.5757706,49.9956021],[9.5759413,49.995513],[9.5760774,49.9954523],[9.5762317,49.9953952],[9.5763473,49.9953637],[9.5763936,49.9953558],[9.5764291,49.9953528],[9.5764922,49.9953502],[9.5765601,49.9953501]]}},{"type":"Feature","properties":{"source":"osm_exact_topology_chain","lines":["652","654"],"line_count":2,"segment_count":6,"osm_way_ids":["221608928","221608925","221608926","1334539825","221608924","68611020"]},"geometry":{"type":"LineString","coordinates":[[9.5765601,49.9953501],[9.5765924,49.9954152],[9.5766175,49.9954489],[9.5766786,49.9955586],[9.5767051,49.9956107],[9.5767261,49.9956519],[9.5767869,49.9957619],[9.5769425,49.9960433],[9.5769549,49.9960656],[9.5769977,49.9961526],[9.5769894,49.9962119],[9.5770354,49.9962555],[9.5770891,49.9962681],[9.5771294,49.9962634],[9.5772477,49.9962412]]}},{"type":"Feature","properties":{"source":"osm_exact_topology_chain","lines":["652","654"],"line_count":2,"segment_count":5,"osm_way_ids":["231076840","221478218","212472589","401637093","221478980"]},"geometry":{"type":"LineString","coordinates":[[9.5765601,49.9953501],[9.5766648,49.9953607],[9.5767775,49.9953832],[9.5771044,49.9954774],[9.5771391,49.9954441],[9.577184,49.9954165],[9.5772372,49.9953956],[9.577296,49.9953826],[9.5773579,49.9953781],[9.5774198,49.9953821],[9.5774789,49.9953946],[9.5775379,49.9954177],[9.5775867,49.9954492],[9.5776225,49.9954872],[9.5776431,49.9955296],[9.5776475,49.995574],[9.5776352,49.9956177],[9.5776083,49.9956571],[9.577568,49.9956914],[9.5775165,49.9957188],[9.5774565,49.9957378],[9.5773914,49.9957475],[9.5773245,49.9957472],[9.5772557,49.9957392],[9.5772183,49.9957975],[9.5771836,49.9958592],[9.5771616,49.9959233],[9.5771528,49.9959887],[9.5771571,49.9960543],[9.5771746,49.9961189],[9.577205,49.9961816],[9.5772477,49.9962412]]}},{"type":"Feature","properties":{"source":"osm_exact_topology_chain","lines":["652","654"],"line_count":2,"segment_count":4,"osm_way_ids":["29500951","29500949","27043119","364565235"]},"geometry":{"type":"LineString","coordinates":[[9.5772477,49.9962412],[9.5773067,49.9962941],[9.5773938,49.9963668],[9.5774878,49.9964357],[9.5775883,49.9965007],[9.5776263,49.9965276],[9.5777979,49.9966337],[9.5778814,49.9966809],[9.5780543,49.9967705],[9.5782414,49.9968543],[9.5786546,49.9970332],[9.5787139,49.9970686],[9.5787703,49.9971179],[9.5787809,49.9971302]]}},{"type":"Feature","properties":{"source":"osm_exact_topology_chain","lines":["652","654"],"line_count":2,"segment_count":1,"osm_way_ids":["221478219"]},"geometry":{"type":"LineString","coordinates":[[9.578786,49.9973198],[9.5787422,49.9972981],[9.5787116,49.9972686],[9.578699,49.9972416],[9.578697,49.9972191],[9.5787022,49.9971967],[9.5787134,49.9971772],[9.5787301,49.9971593],[9.5787532,49.9971431],[9.5787809,49.9971302],[9.5788117,49.9971212],[9.5788447,49.9971164],[9.5789006,49.9971179],[9.5789439,49.9971279],[9.5789813,49.9971451],[9.579007,49.9971648],[9.5790272,49.9971928],[9.5790339,49.9972158],[9.5790315,49.997244],[9.5790136,49.9972763],[9.578982,49.9973027],[9.5789502,49.997318],[9.5789138,49.9973281],[9.5788728,49.9973325],[9.5788318,49.9973304],[9.578786,49.9973198]]}},{"type":"Feature","properties":{"source":"osm_exact_topology_chain","lines":["652","654"],"line_count":2,"segment_count":6,"osm_way_ids":["371955129","658314064","28958331","62235816","18776875","210966016"]},"geometry":{"type":"LineString","coordinates":[[9.578786,49.9973198],[9.5787578,49.9973437],[9.5787176,49.9973783],[9.5784884,49.9975561],[9.5784274,49.9975949],[9.5783634,49.9976357],[9.5775011,49.9982059],[9.577411,49.9982692],[9.5771391,49.9984666],[9.5770207,49.9985733],[9.5769341,49.9986897],[9.5768789,49.9988094],[9.5768829,49.9989343],[9.5769129,49.99903],[9.5770006,49.9993069],[9.5770735,49.9994938],[9.5771843,49.9997222],[9.577236,49.9998798],[9.5772462,49.9999539],[9.5772506,50.0000311],[9.5772448,50.0001123],[9.5772287,50.0001916],[9.5772108,50.000248],[9.5771867,50.0003056],[9.5771574,50.0003617],[9.5771092,50.0004356],[9.5770515,50.0005068],[9.5769846,50.0005747],[9.5769091,50.0006388],[9.5768255,50.0006986],[9.5767369,50.0007523],[9.5766458,50.0008047],[9.5762762,50.0010033],[9.5762256,50.0010316],[9.5763722,50.0011266],[9.5764964,50.0011918],[9.5766803,50.0012575],[9.5769369,50.0013322],[9.5772151,50.001405],[9.5774171,50.0014357]]}},{"type":"Feature","properties":{"source":"osm_exact_topology_chain","lines":["652","654"],"line_count":2,"segment_count":3,"osm_way_ids":["8317241","210966021","1498820276"]},"geometry":{"type":"LineString","coordinates":[[9.5774171,50.0014357],[9.5774504,50.0015878],[9.5776124,50.001937],[9.5776937,50.0020297],[9.5777509,50.002065],[9.5777477,50.0021641],[9.5777578,50.0022117],[9.57779,50.0022702],[9.5781469,50.0029521],[9.5782021,50.0030577],[9.5782414,50.0030977],[9.5783189,50.0031403],[9.5785122,50.0031991],[9.5785725,50.003218],[9.5805445,50.003835],[9.5805786,50.0038458],[9.5806864,50.0038798]]}},{"type":"Feature","properties":{"source":"osm_exact_topology_chain","lines":["652","654"],"line_count":2,"segment_count":11,"osm_way_ids":["18777118","34583987","101184837","371955216","156089337","173671512","173671511","54244556","54244557","371955166","53502867"]},"geometry":{"type":"LineString","coordinates":[[9.5774171,50.0014357],[9.5775216,50.0014388],[9.5776085,50.001426],[9.5776671,50.0014093],[9.5777442,50.001377],[9.5778109,50.0013285],[9.5778334,50.0012746],[9.5778362,50.0012313],[9.5778301,50.0011902],[9.5778106,50.0011454],[9.5777779,50.0011105],[9.5777322,50.0010802],[9.5776727,50.0010516],[9.577365,50.0009709],[9.577164,50.0009556],[9.5767686,50.0009307],[9.5759505,50.0008567],[9.5756069,50.0008191],[9.5752346,50.000765],[9.5749515,50.0007169],[9.5746789,50.000663],[9.5743677,50.000595],[9.5740547,50.0005079],[9.5737011,50.0003913],[9.5734247,50.0002827],[9.5731193,50.0001457],[9.5726492,49.9998848],[9.5722448,49.9996095],[9.57217,49.9995489],[9.5718286,49.9992532],[9.5714842,49.9988586],[9.5711588,49.998405],[9.5703212,49.9968757],[9.5701113,49.9965408],[9.5698482,49.9961669],[9.569762,49.9960424],[9.5693183,49.9954391],[9.5691866,49.9952725]]}},{"type":"Feature","properties":{"source":"osm_exact_topology_chain","lines":["652","654"],"line_count":2,"segment_count":1,"osm_way_ids":["71025108"]},"geometry":{"type":"LineString","coordinates":[[9.5705487,49.9937761],[9.5711133,49.9937716],[9.571133,49.9937872],[9.571133,49.9938229],[9.570521,49.9938243],[9.5705221,49.9938021],[9.5705487,49.9937761]]}},{"type":"Feature","properties":{"source":"osm_exact_topology_chain","lines":["971","972","977"],"line_count":3,"segment_count":6,"osm_way_ids":["470640152","470640147","47515615","47515616","47515617","25013270"]},"geometry":{"type":"LineString","coordinates":[[9.5047242,49.7811891],[9.5049207,49.7810961],[9.5050865,49.7810159],[9.505205,49.7809587],[9.5055418,49.780775],[9.5057995,49.7806001],[9.5059439,49.780502],[9.50677,49.779899],[9.5071728,49.779511],[9.5075069,49.7791774],[9.5078959,49.7787534],[9.5083617,49.7781157],[9.5085,49.7778244],[9.5085174,49.7777877],[9.5088412,49.7768622],[9.5088551,49.7765291],[9.5088695,49.775924],[9.5088723,49.7758086],[9.5088669,49.7751046],[9.5088597,49.7748034],[9.5087006,49.7739406],[9.5084888,49.7729633],[9.5084603,49.772832],[9.5082519,49.7722668],[9.5081587,49.7716418],[9.508117,49.7709473],[9.5081136,49.770334],[9.5082237,49.7695646],[9.5084068,49.768926],[9.5084182,49.7687744],[9.5083874,49.7686542],[9.5083347,49.768501]]}},{"type":"Feature","properties":{"source":"osm_exact_topology_chain","lines":["972","977"],"line_count":2,"segment_count":33,"osm_way_ids":["47515610","47515611","853230697","853223496","47515606","853223495","47515608","43663797","367940155","367940161","1347038046","1347038047","47515607","43663794","853228634","655689810","54601440","54601438","655689809","47515603","47515605","853223492","853223493","47515604","853223494","853223491","47515602","24614743","853223490","853223489","853609558","853223488","368278221"]},"geometry":{"type":"LineString","coordinates":[[9.4679087,49.7715863],[9.4678704,49.771567],[9.4677643,49.7715135],[9.4676792,49.7714705],[9.4668624,49.7710584],[9.4663461,49.7707979],[9.4660219,49.770629],[9.4648011,49.7700914],[9.463874,49.7697392],[9.4627931,49.7693285],[9.461461,49.7688224],[9.4610158,49.7686734],[9.4607217,49.7685749],[9.4599964,49.7684308],[9.4597593,49.7683837],[9.4588402,49.7684306],[9.4573934,49.7686192],[9.4567782,49.7686994],[9.4559154,49.7688119],[9.4550206,49.7689285],[9.4532229,49.7692136],[9.4509796,49.7696924],[9.4507142,49.7697658],[9.4504503,49.7698478],[9.4487743,49.7703962],[9.4476066,49.7709244],[9.4463065,49.7715707],[9.4443552,49.7724875],[9.4441085,49.7726806],[9.443587,49.7730889],[9.4434247,49.773216],[9.4431615,49.7734503],[9.4427959,49.7737971],[9.4423779,49.7742777],[9.4420486,49.7747595],[9.441441,49.7758223],[9.4407106,49.7770416],[9.4399514,49.778209],[9.4398773,49.778323],[9.4398137,49.7783996],[9.4393729,49.7789299],[9.4384896,49.7799925],[9.4384176,49.7800857],[9.4382802,49.7802444],[9.4382774,49.7802474],[9.4381183,49.7804178],[9.4378441,49.7807414],[9.4375762,49.7810657],[9.4372387,49.7813991],[9.4362904,49.782336],[9.4356602,49.7829585],[9.4353582,49.7831856],[9.4350579,49.7834115],[9.4348113,49.7835269],[9.4346377,49.7835827],[9.4344524,49.783626],[9.4341245,49.7836752],[9.4337711,49.7837096],[9.4332759,49.783733],[9.4319252,49.7837805],[9.4310185,49.7838116],[9.430388,49.7838283],[9.4300396,49.783829],[9.429688,49.7838085],[9.4294462,49.7837871],[9.4290042,49.7837479],[9.4283255,49.7836761],[9.4276027,49.7836151],[9.4264298,49.7835669],[9.4262616,49.7835714],[9.4246204,49.7836416],[9.4244359,49.7836449],[9.4235487,49.7836608],[9.4234041,49.78366],[9.4228957,49.7836574],[9.4223962,49.7836332],[9.4220062,49.783635],[9.4216417,49.783677],[9.4212563,49.7837348],[9.4207126,49.7838994],[9.4206667,49.7839133],[9.4204357,49.7839832],[9.4200722,49.784121],[9.4197217,49.7843041],[9.4195489,49.7844226],[9.4192491,49.784644],[9.4191218,49.7847142],[9.4189666,49.7847853],[9.4187563,49.7848389],[9.4184192,49.7848519],[9.4181132,49.784797],[9.4176005,49.7845314],[9.4174103,49.7844329],[9.4169406,49.7841658],[9.4167459,49.7840125],[9.4167036,49.7839663],[9.4166491,49.7838847],[9.4163908,49.7834075],[9.4163279,49.7832998],[9.4163181,49.7832842],[9.4161738,49.7830324],[9.4161533,49.7829978],[9.4160221,49.7827762],[9.415841,49.7824429],[9.4156666,49.7822177],[9.4155171,49.7820792],[9.4151222,49.7817134],[9.414874,49.781594],[9.4146048,49.7814375],[9.4143223,49.7812732],[9.4135228,49.7807581],[9.4131753,49.7805208],[9.4129875,49.7803921],[9.4129002,49.7803381],[9.4127403,49.7802391],[9.4121842,49.7798736],[9.4117373,49.7794874],[9.4103382,49.7782872],[9.4088529,49.7770989],[9.4080989,49.7764702],[9.4071802,49.775701],[9.406698,49.7753266],[9.4060797,49.7749313],[9.4054506,49.7746016],[9.4053085,49.7745212],[9.404574,49.7741628],[9.4038971,49.7737649],[9.4032316,49.7732372],[9.4026733,49.7727502],[9.4020122,49.7721596],[9.4016674,49.7718516],[9.4015364,49.7717529],[9.4014787,49.7717103],[9.4013575,49.7716207],[9.4012075,49.7715514],[9.4011282,49.7715129],[9.4009828,49.7714607],[9.4007852,49.771414],[9.400144,49.7712808],[9.3994718,49.7711116],[9.3989641,49.7709683],[9.3982205,49.7707523],[9.396063,49.7700754],[9.3954992,49.7698962],[9.3950952,49.7697433],[9.3947087,49.769594],[9.3939756,49.7693224],[9.3934399,49.769143],[9.3931417,49.7690595],[9.3927838,49.7689796],[9.3922909,49.7688955],[9.3918512,49.7688611],[9.3913978,49.7688606],[9.3911387,49.7688777],[9.3903862,49.7690164],[9.3890482,49.7693171],[9.3885745,49.7694388],[9.3881922,49.7695582],[9.3861097,49.7703526],[9.3856447,49.7705491],[9.3843579,49.7711768],[9.3829138,49.771976],[9.3824147,49.7722454],[9.3818626,49.7725851],[9.381302,49.7729551],[9.3808734,49.7732594],[9.3798244,49.7742111],[9.3791042,49.7749098],[9.378783,49.7752025],[9.3783245,49.775615],[9.3780834,49.7758326],[9.3777025,49.7761101],[9.377181,49.7764422],[9.3766533,49.7767708],[9.3763463,49.7769336],[9.37597,49.7770872],[9.3756878,49.7771637],[9.3753054,49.7772271],[9.3750694,49.7772478],[9.3748354,49.7772515],[9.3746103,49.7772425],[9.3741505,49.7771926],[9.3726737,49.776913],[9.3724007,49.7768491],[9.371154,49.7765079],[9.3706536,49.776385],[9.3702418,49.7762686],[9.3699266,49.7761492],[9.369659,49.776037],[9.3689973,49.7756829],[9.3674954,49.7749521],[9.3659984,49.7742237],[9.3647856,49.773639],[9.3640066,49.7732206],[9.3637444,49.7730925],[9.3635187,49.772984],[9.363275,49.7728235],[9.3629512,49.7725578],[9.3626789,49.7722835],[9.3625773,49.7721381],[9.3624953,49.7719869],[9.3624317,49.7718385],[9.3623628,49.7717069],[9.3622831,49.7716162],[9.3622504,49.771594],[9.3622086,49.7715711],[9.3620736,49.7714971],[9.3619061,49.7714268],[9.3615129,49.7713799],[9.3611804,49.7713475],[9.3608499,49.7712999],[9.3601256,49.7711014],[9.3594303,49.7708805],[9.3587417,49.7706175],[9.3573601,49.7700593],[9.3552595,49.7693489],[9.3544438,49.7690976],[9.3539351,49.7689605],[9.3534427,49.7688475],[9.3523108,49.7685994],[9.3506825,49.7682294],[9.3500909,49.7681399],[9.349182,49.7680206],[9.3486146,49.76797],[9.3476959,49.7679046],[9.3464869,49.7678368],[9.3457099,49.7678052],[9.3421938,49.7677075],[9.3415016,49.7677147],[9.3393456,49.7678409],[9.335339,49.768366],[9.3344722,49.7684849],[9.3340976,49.7685283],[9.333541,49.7685659],[9.3330017,49.7685839],[9.3324599,49.7685839],[9.3318591,49.7685575],[9.3312631,49.7685087],[9.3308217,49.7684524],[9.3301061,49.7683486],[9.329691,49.7682565],[9.3293479,49.7681567],[9.3288935,49.7680127],[9.3285942,49.7679078],[9.3283166,49.7677883],[9.3280048,49.7676506],[9.3275875,49.7674372],[9.3270966,49.7671334],[9.3269886,49.7670604],[9.3265315,49.7667116],[9.3260707,49.7663143],[9.3257359,49.7659392],[9.3253974,49.765472],[9.3253243,49.7653436],[9.3250304,49.7647723],[9.3248843,49.7643608],[9.3247467,49.7638924],[9.3246277,49.7634687],[9.3245534,49.763164],[9.3242971,49.7616257],[9.3235989,49.7574347],[9.3235458,49.7571208]]}},{"type":"Feature","properties":{"source":"osm_exact_topology_chain","lines":["972","977"],"line_count":2,"segment_count":2,"osm_way_ids":["386832753","853223498"]},"geometry":{"type":"LineString","coordinates":[[9.4679087,49.7715863],[9.4682958,49.7718],[9.4690557,49.772233],[9.469275,49.7723672],[9.4697548,49.7727108],[9.4700472,49.7729566],[9.4705956,49.7734905],[9.4711695,49.7741307],[9.4721223,49.7753916]]}},{"type":"Feature","properties":{"source":"osm_exact_topology_chain","lines":["972","977"],"line_count":2,"segment_count":4,"osm_way_ids":["386832750","1384569397","42281415","41382958"]},"geometry":{"type":"LineString","coordinates":[[9.4679087,49.7715863],[9.4681115,49.7713983],[9.4682326,49.7712879],[9.4684154,49.7710734],[9.4686195,49.7707042],[9.4691078,49.7703141],[9.4692372,49.770346],[9.4696539,49.7704489],[9.4697497,49.7704727],[9.4702508,49.7706817],[9.470589,49.7708359],[9.4709056,49.7710554],[9.471281,49.7714064],[9.4719847,49.7729062],[9.4722504,49.7732334],[9.4724382,49.7734645],[9.4724889,49.7735269],[9.4725027,49.773544],[9.4737439,49.7750722],[9.4729932,49.7751828],[9.4726761,49.7752336],[9.4724673,49.7752938],[9.4722851,49.7753462],[9.4721223,49.7753916]]}},{"type":"Feature","properties":{"source":"osm_exact_topology_chain","lines":["972","977"],"line_count":2,"segment_count":7,"osm_way_ids":["386832740","47515609","47515612","42155023","47515619","1387188078","387216612"]},"geometry":{"type":"LineString","coordinates":[[9.4721223,49.7753916],[9.4722653,49.7755894],[9.4724719,49.7758018],[9.4729905,49.776335],[9.4740991,49.7771661],[9.4755067,49.7779431],[9.4763042,49.778351],[9.4773395,49.7788806],[9.4782356,49.7793669],[9.4792079,49.7797814],[9.4808384,49.7805034],[9.481011,49.7805674],[9.4816503,49.7808043],[9.4818123,49.7808655],[9.4820609,49.7809593],[9.482697,49.7811995],[9.4830829,49.7813359],[9.4837398,49.7815682],[9.4853936,49.7821209],[9.4868907,49.7825795],[9.4874478,49.7827298],[9.4880592,49.7828609],[9.4886236,49.7829517],[9.4893795,49.783034],[9.4898134,49.7830654],[9.4902976,49.7830683],[9.4907905,49.783054],[9.4914859,49.7829956],[9.4925535,49.7828631],[9.4934363,49.7827053],[9.4940483,49.7826023],[9.4951479,49.7823818],[9.4964097,49.7821602],[9.4969009,49.7820828],[9.4979763,49.7819318],[9.4992881,49.7819024],[9.4994248,49.7819039],[9.4995485,49.7819053],[9.5001038,49.7819187],[9.5001806,49.7819206],[9.500482,49.7819315],[9.5009101,49.7819469],[9.5011507,49.7819469],[9.5015351,49.7819249],[9.501756,49.7819053],[9.5018911,49.7818933],[9.5024486,49.7818177],[9.502916,49.7817288],[9.5031054,49.7816894],[9.5032964,49.7816498],[9.5036133,49.7815678],[9.5039321,49.781482],[9.5040647,49.7814347],[9.5043157,49.7813451],[9.5047242,49.7811891]]}},{"type":"Feature","properties":{"source":"osm_exact_topology_chain","lines":["972","977"],"line_count":2,"segment_count":1,"osm_way_ids":["368278230"]},"geometry":{"type":"LineString","coordinates":[[9.3235458,49.7571208],[9.3234986,49.7570478],[9.3234491,49.7569604]]}},{"type":"Feature","properties":{"source":"osm_exact_topology_chain","lines":["972","977"],"line_count":2,"segment_count":1,"osm_way_ids":["24327860"]},"geometry":{"type":"LineString","coordinates":[[9.3235458,49.7571208],[9.323582,49.7570199],[9.3236163,49.7569469]]}},{"type":"Feature","properties":{"source":"osm_exact_topology_chain","lines":["BG1","BG2","BG3"],"line_count":3,"segment_count":9,"osm_way_ids":["891310697","973475461","37195400","891310696","140172292","1421212070","248608471","908911237","121679488"]},"geometry":{"type":"LineString","coordinates":[[8.9568457,49.9581798],[8.9566635,49.9583494],[8.956636,49.958375],[8.9565045,49.9584975],[8.9561488,49.9588383],[8.9561069,49.9588784],[8.9560386,49.958814],[8.9559937,49.9587551],[8.9559507,49.9586719],[8.955929,49.9586083],[8.9559142,49.9585391],[8.95592,49.9584615],[8.9559388,49.9583976],[8.9559739,49.9583367],[8.9560385,49.9582625],[8.9561246,49.9581908],[8.9561422,49.9581771],[8.9565434,49.9578618],[8.9566788,49.9577522],[8.9570808,49.9574242],[8.9571647,49.9573562]]}},{"type":"Feature","properties":{"source":"osm_exact_topology_chain","lines":["BG1","BG2","BG3"],"line_count":3,"segment_count":1,"osm_way_ids":["59257510"]},"geometry":{"type":"LineString","coordinates":[[8.9571647,49.9573562],[8.957213,49.9572588],[8.95722,49.9571965],[8.9571928,49.9571314],[8.9571269,49.9570465]]}},{"type":"Feature","properties":{"source":"osm_exact_topology_chain","lines":["BG1","BG2","BG3"],"line_count":3,"segment_count":3,"osm_way_ids":["829802614","31016422","59257509"]},"geometry":{"type":"LineString","coordinates":[[8.9571647,49.9573562],[8.9573371,49.9572237],[8.9573994,49.9571714],[8.9571269,49.9570465]]}},{"type":"Feature","properties":{"source":"osm_exact_topology_chain","lines":["BG1","BG2","BG3"],"line_count":3,"segment_count":6,"osm_way_ids":["121679489","363642086","59258608","509653073","510755139","59258604"]},"geometry":{"type":"LineString","coordinates":[[8.9571269,49.9570465],[8.9565787,49.95686],[8.9561512,49.9567257],[8.955548,49.9565361],[8.9550574,49.9563621],[8.9549234,49.9563085],[8.9548065,49.9562646],[8.9546317,49.9561616],[8.9544022,49.9560008],[8.9542023,49.9558245],[8.9540652,49.9556806],[8.9538719,49.9553595],[8.9537589,49.955163]]}},{"type":"Feature","properties":{"source":"osm_exact_topology_chain","lines":["BG1","BG2","BG3"],"line_count":3,"segment_count":1,"osm_way_ids":["59258607"]},"geometry":{"type":"LineString","coordinates":[[8.9537589,49.955163],[8.953788,49.955109],[8.9538199,49.9550659],[8.9538679,49.9550263],[8.9539635,49.9549873],[8.9541039,49.9549294],[8.95418,49.9548952],[8.9544238,49.9547947]]}},{"type":"Feature","properties":{"source":"osm_exact_topology_chain","lines":["BG1","BG2","BG3"],"line_count":3,"segment_count":1,"osm_way_ids":["59258602"]},"geometry":{"type":"LineString","coordinates":[[8.9537589,49.955163],[8.9539464,49.9551147],[8.9539916,49.9550963],[8.9541304,49.9550283],[8.9542675,49.954939],[8.9544238,49.9547947]]}},{"type":"Feature","properties":{"source":"osm_exact_topology_chain","lines":["BG1","BG2","BG3"],"line_count":3,"segment_count":5,"osm_way_ids":["689515925","1291155577","689515924","1011321939","689515921"]},"geometry":{"type":"LineString","coordinates":[[8.9544238,49.9547947],[8.9546277,49.954631],[8.9548073,49.9544733],[8.9557839,49.9536157],[8.9563021,49.9531453],[8.9566412,49.9528441],[8.9569005,49.9526137],[8.9569955,49.9525294],[8.9570069,49.9525193],[8.9572353,49.9523164]]}},{"type":"Feature","properties":{"source":"osm_exact_topology_chain","lines":["BG1","BG2","BG3"],"line_count":3,"segment_count":1,"osm_way_ids":["689515922"]},"geometry":{"type":"LineString","coordinates":[[8.9572353,49.9523164],[8.9573718,49.9521554],[8.9575131,49.9520194],[8.9575237,49.951977]]}},{"type":"Feature","properties":{"source":"osm_exact_topology_chain","lines":["BG1","BG2","BG3"],"line_count":3,"segment_count":1,"osm_way_ids":["172506048"]},"geometry":{"type":"LineString","coordinates":[[8.9572353,49.9523164],[8.9574289,49.9521833],[8.9575918,49.9520565],[8.9576514,49.9520326]]}},{"type":"Feature","properties":{"source":"osm_exact_topology_chain","lines":["BG1","BG2","BG3"],"line_count":3,"segment_count":2,"osm_way_ids":["689515912","829802611"]},"geometry":{"type":"LineString","coordinates":[[8.9576418,49.9518567],[8.9577152,49.9518301],[8.9577726,49.9517862],[8.9578824,49.9517022],[8.9580188,49.9516266]]}},{"type":"Feature","properties":{"source":"osm_exact_topology_chain","lines":["BG1","BG2","BG3"],"line_count":3,"segment_count":10,"osm_way_ids":["191538964","1136455898","191538953","689515909","689515908","689515910","641668604","689515907","689515906","140961615"]},"geometry":{"type":"LineString","coordinates":[[8.9580188,49.9516266],[8.9589914,49.9507587],[8.9591982,49.950577],[8.9598526,49.9500022],[8.9600661,49.9498043],[8.9608074,49.9491647],[8.9617113,49.9483654],[8.9628891,49.9473122],[8.9639974,49.9463479],[8.9661629,49.944442],[8.9672752,49.9437329],[8.9702704,49.9419991],[8.9724278,49.9407825],[8.9731891,49.9403565],[8.9765114,49.9384984],[8.9769094,49.9382758],[8.9808511,49.9360654],[8.9808848,49.9360474],[8.9809481,49.9360143],[8.9853319,49.9335329],[8.9875366,49.932293],[8.988633,49.9316764],[8.9890725,49.93143],[8.9903016,49.9307185],[8.9906781,49.9305448],[8.991058,49.9303995],[8.9916853,49.9302399],[8.9922331,49.9301264],[8.9938223,49.9298999],[8.9943511,49.929822],[8.9956202,49.929646],[8.9972602,49.9294179],[8.9978048,49.9293491],[8.998243,49.9292883],[8.9985095,49.9292416],[8.9985838,49.9292286]]}},{"type":"Feature","properties":{"source":"osm_exact_topology_chain","lines":["BG1","BG2","BG3"],"line_count":3,"segment_count":2,"osm_way_ids":["689515911","829802612"]},"geometry":{"type":"LineString","coordinates":[[8.9580188,49.9516266],[8.9579386,49.9517331],[8.9578459,49.9518226],[8.9578018,49.9518659],[8.9577823,49.9519198]]}},{"type":"Feature","properties":{"source":"osm_exact_topology_chain","lines":["BG1","BG2","BG3"],"line_count":3,"segment_count":1,"osm_way_ids":["1017093791"]},"geometry":{"type":"LineString","coordinates":[[8.956333,49.9585809],[8.9562939,49.9585643],[8.9564247,49.9584367],[8.956464,49.958453],[8.956333,49.9585809]]}},{"type":"Feature","properties":{"source":"osm_exact_topology_chain","lines":["BG1","BG2","BG3"],"line_count":3,"segment_count":1,"osm_way_ids":["22890828"]},"geometry":{"type":"LineString","coordinates":[[8.9576964,49.9520276],[8.9576742,49.9520313],[8.9576514,49.9520326],[8.9576281,49.9520314],[8.9576055,49.9520276],[8.9575842,49.9520215],[8.9575648,49.952013],[8.957548,49.9520026],[8.9575341,49.9519905],[8.9575237,49.951977],[8.9575169,49.9519624],[8.9575141,49.9519475],[8.9575153,49.9519324],[8.9575205,49.9519178],[8.9575295,49.9519039],[8.957542,49.9518912],[8.9575577,49.95188],[8.9575762,49.9518708],[8.9575968,49.9518637],[8.957619,49.9518589],[8.9576418,49.9518567],[8.9576649,49.9518569],[8.9576877,49.9518597],[8.9577093,49.9518649],[8.9577293,49.9518724],[8.9577471,49.9518819],[8.9577621,49.9518932],[8.9577739,49.951906],[8.9577823,49.9519198],[8.9577869,49.9519344],[8.9577876,49.9519492],[8.9577844,49.9519639],[8.9577775,49.951978],[8.957767,49.9519912],[8.9577532,49.9520031],[8.9577365,49.9520133],[8.9577174,49.9520215],[8.9576964,49.9520276]]}},{"type":"Feature","properties":{"source":"osm_exact_topology_chain","lines":["BG1","BG2"],"line_count":2,"segment_count":1,"osm_way_ids":["25389557"]},"geometry":{"type":"LineString","coordinates":[[8.9985838,49.9292286],[8.9986097,49.9292796],[8.9986637,49.9293859],[8.9990754,49.9305187],[8.9992748,49.9310672]]}},{"type":"Feature","properties":{"source":"osm_exact_topology_chain","lines":["53","BG1","BG2"],"line_count":3,"segment_count":2,"osm_way_ids":["186808180","186808179"]},"geometry":{"type":"LineString","coordinates":[[8.9992748,49.9310672],[9.0009505,49.9309796],[9.0014419,49.9309528],[9.0015136,49.9309489],[9.0022604,49.9309082],[9.0022802,49.9306791],[9.0020808,49.9290537],[9.0020889,49.9287337],[9.0022239,49.9282892],[9.002238,49.9282177],[9.0020922,49.92816],[9.0015339,49.9279517],[9.0014571,49.9279231]]}},{"type":"Feature","properties":{"source":"osm_exact_topology_chain","lines":["53","BG1","BG2"],"line_count":3,"segment_count":1,"osm_way_ids":["464938059"]},"geometry":{"type":"LineString","coordinates":[[9.0131763,49.922834],[9.013262,49.922855],[9.0134681,49.9228707],[9.0135825,49.922898]]}},{"type":"Feature","properties":{"source":"osm_exact_topology_chain","lines":["53","BG1","BG2"],"line_count":3,"segment_count":18,"osm_way_ids":["464938073","689468133","689468132","307644454","689487431","307644079","307644078","47586224","378642681","35693143","378642679","45171485","25533744","25256226","30979744","1154590284","1154590283","140961619"]},"geometry":{"type":"LineString","coordinates":[[9.0135825,49.922898],[9.0142424,49.9229668],[9.0144679,49.9229793],[9.0147327,49.9229926],[9.0150964,49.9230048],[9.0156523,49.923012],[9.0156766,49.9230123],[9.0157183,49.9230135],[9.0158998,49.9230185],[9.0164208,49.9230331],[9.0175508,49.9230942],[9.0179192,49.9231179],[9.0188075,49.9232116],[9.0200968,49.9233695],[9.0217191,49.9235681],[9.0217707,49.923573],[9.0224227,49.9236353],[9.0236508,49.9237373],[9.0243522,49.9237955],[9.0251702,49.9238565],[9.0263837,49.9239588],[9.0266548,49.9239988],[9.0269004,49.9240414],[9.0273742,49.9241482],[9.0277845,49.9242841],[9.0281454,49.9244223],[9.0284143,49.9245281],[9.028903,49.9247518],[9.0302924,49.9254098],[9.0307409,49.925586],[9.0310463,49.9256646],[9.0313157,49.9257109],[9.0315087,49.9257418],[9.0313978,49.9258695],[9.0313506,49.9259101],[9.0308847,49.9263104],[9.030773,49.9264103],[9.0307967,49.9264218],[9.0313543,49.92671],[9.0315406,49.9267894],[9.0315625,49.9267987],[9.0315846,49.9268081],[9.0315027,49.9269136],[9.0310537,49.927493],[9.030917,49.9277399],[9.0308727,49.9278361],[9.0308527,49.9279087],[9.0308505,49.9279305],[9.0314623,49.9280977],[9.0319935,49.9282527],[9.0322655,49.9283108],[9.0328721,49.928442],[9.0329099,49.9284479],[9.0331135,49.9284794],[9.0332444,49.9285043],[9.0334797,49.9285492],[9.0337484,49.9286004],[9.0338447,49.9286251],[9.0341452,49.9287021],[9.0342344,49.9287249],[9.0346729,49.9288752],[9.0350874,49.9290451],[9.0352177,49.9291022],[9.0354975,49.9292364],[9.0361381,49.9295436]]}},{"type":"Feature","properties":{"source":"osm_exact_topology_chain","lines":["53","BG1","BG2"],"line_count":3,"segment_count":1,"osm_way_ids":["464938069"]},"geometry":{"type":"LineString","coordinates":[[9.0135825,49.922898],[9.0134586,49.9229131],[9.0132686,49.9229206],[9.0131753,49.9229485]]}},{"type":"Feature","properties":{"source":"osm_exact_topology_chain","lines":["53","BG1","BG2"],"line_count":3,"segment_count":3,"osm_way_ids":["45171484","1417168096","421694139"]},"geometry":{"type":"LineString","coordinates":[[9.0400973,49.9294543],[9.040627,49.928846],[9.0409861,49.9284306],[9.0412518,49.9280975],[9.041531,49.9277311],[9.0419122,49.927355],[9.0420975,49.9271582],[9.0422673,49.9269514],[9.0424673,49.9266767],[9.0425814,49.9264546],[9.0426756,49.9262404],[9.0427165,49.9261168],[9.0427618,49.9259287],[9.0427969,49.9257052],[9.0427989,49.9253789],[9.0427557,49.9250952],[9.0426144,49.9244938]]}},{"type":"Feature","properties":{"source":"osm_exact_topology_chain","lines":["53","BG1","BG2"],"line_count":3,"segment_count":1,"osm_way_ids":["421694140"]},"geometry":{"type":"LineString","coordinates":[[9.0426144,49.9244938],[9.0425583,49.9243921],[9.0425076,49.9242514],[9.042475,49.9242114]]}},{"type":"Feature","properties":{"source":"osm_exact_topology_chain","lines":["53","BG1","BG2"],"line_count":3,"segment_count":1,"osm_way_ids":["403525675"]},"geometry":{"type":"LineString","coordinates":[[9.0426144,49.9244938],[9.0426359,49.9243802],[9.0426327,49.9242458],[9.0426525,49.9241895]]}},{"type":"Feature","properties":{"source":"osm_exact_topology_chain","lines":["53","BG1","BG2"],"line_count":3,"segment_count":1,"osm_way_ids":["421694132"]},"geometry":{"type":"LineString","coordinates":[[9.0427526,49.9240869],[9.0427408,49.9241171],[9.0427195,49.924145],[9.0426896,49.9241695],[9.0426525,49.9241895],[9.0426116,49.9242036],[9.0425672,49.9242121],[9.0425211,49.9242147],[9.042475,49.9242114],[9.0424319,49.9242025],[9.0423923,49.9241883],[9.0423578,49.9241695],[9.0423203,49.9241365],[9.0422981,49.9240982],[9.042293,49.9240574],[9.0423032,49.9240214],[9.0423268,49.923988],[9.0423624,49.9239594],[9.0424077,49.9239372],[9.0424601,49.9239229],[9.0425163,49.9239172],[9.042573,49.9239205],[9.0426223,49.9239313],[9.0426665,49.9239489],[9.0427036,49.9239724],[9.0427361,49.9240071],[9.0427529,49.9240463],[9.0427526,49.9240869]]}},{"type":"Feature","properties":{"source":"osm_exact_topology_chain","lines":["53","BG1","BG2"],"line_count":3,"segment_count":1,"osm_way_ids":["421694127"]},"geometry":{"type":"LineString","coordinates":[[9.0427526,49.9240869],[9.0428105,49.9240429],[9.0429911,49.9239844],[9.0431838,49.9239165]]}},{"type":"Feature","properties":{"source":"osm_exact_topology_chain","lines":["53","BG1","BG2"],"line_count":3,"segment_count":1,"osm_way_ids":["421694138"]},"geometry":{"type":"LineString","coordinates":[[9.0427036,49.9239724],[9.0427735,49.9239698],[9.0429676,49.9239423],[9.0431838,49.9239165]]}},{"type":"Feature","properties":{"source":"osm_exact_topology_chain","lines":["53","BG1","BG2"],"line_count":3,"segment_count":3,"osm_way_ids":["140961618","403526140","77348121"]},"geometry":{"type":"LineString","coordinates":[[9.0431838,49.9239165],[9.0445343,49.9236351],[9.044772,49.923586],[9.0452202,49.9235013],[9.0456898,49.9234355],[9.0465773,49.9233297],[9.0471206,49.9232512],[9.0478636,49.9231062],[9.0483505,49.922989],[9.0488245,49.9228549],[9.0492959,49.9227052],[9.0496177,49.9225895],[9.0502119,49.9223817],[9.0507927,49.9221813],[9.0512453,49.9220421],[9.051703,49.9219155],[9.0522162,49.9218028],[9.0528082,49.9216943],[9.0530932,49.9216521],[9.0533113,49.921619],[9.0535156,49.9215983],[9.0540388,49.9215482],[9.0549494,49.9214946],[9.0564495,49.921438],[9.0576435,49.921393],[9.0578513,49.9213879]]}},{"type":"Feature","properties":{"source":"osm_exact_topology_chain","lines":["53","BG1","BG2"],"line_count":3,"segment_count":1,"osm_way_ids":["77348118"]},"geometry":{"type":"LineString","coordinates":[[9.0578513,49.9213879],[9.0581381,49.9213452],[9.058248,49.9213351],[9.0583606,49.9213233],[9.0584198,49.9212978]]}},{"type":"Feature","properties":{"source":"osm_exact_topology_chain","lines":["53","BG1","BG2"],"line_count":3,"segment_count":1,"osm_way_ids":["77348125"]},"geometry":{"type":"LineString","coordinates":[[9.0578513,49.9213879],[9.0580173,49.9213989],[9.0581524,49.9214049],[9.0582497,49.9214076],[9.0583625,49.921411],[9.0584466,49.9214293]]}},{"type":"Feature","properties":{"source":"osm_exact_topology_chain","lines":["53","BG1","BG2"],"line_count":3,"segment_count":1,"osm_way_ids":["7974878"]},"geometry":{"type":"LineString","coordinates":[[9.0740257,49.9219786],[9.0741379,49.9220937],[9.0743683,49.9222067],[9.074668,49.9222602],[9.0751127,49.9222535],[9.0757719,49.9222417],[9.0760577,49.9222296],[9.07629,49.9222347],[9.0765615,49.9223595],[9.0767821,49.9225408]]}},{"type":"Feature","properties":{"source":"osm_exact_topology_chain","lines":["53","BG1","BG2"],"line_count":3,"segment_count":1,"osm_way_ids":["7974978"]},"geometry":{"type":"LineString","coordinates":[[9.0129228,49.9229578],[9.0129008,49.9229365],[9.0128877,49.9229124],[9.0128841,49.9228922],[9.0128868,49.9228719],[9.0129005,49.9228454],[9.0129249,49.9228222],[9.012958,49.9228042],[9.0129974,49.9227925],[9.0130371,49.9227882],[9.0130773,49.9227905],[9.0131152,49.9227991],[9.0131493,49.922814],[9.0131763,49.922834],[9.0131933,49.9228557],[9.0132019,49.9228793],[9.0132017,49.9229035],[9.0131926,49.922927],[9.0131753,49.9229485],[9.0131529,49.9229654],[9.0131254,49.9229788],[9.0130941,49.9229881],[9.0130604,49.9229928],[9.013026,49.9229927],[9.0129874,49.9229868],[9.0129523,49.9229749],[9.0129228,49.9229578]]}},{"type":"Feature","properties":{"source":"osm_exact_topology_chain","lines":["53","BG1","BG2","BG3"],"line_count":4,"segment_count":4,"osm_way_ids":["374844003","689493034","1415398160","689493028"]},"geometry":{"type":"LineString","coordinates":[[9.0014571,49.9279231],[9.0015844,49.9278108],[9.0017429,49.9276729],[9.0018413,49.927577],[9.0019248,49.9274955],[9.0019451,49.9274763],[9.0026364,49.9268202],[9.0033113,49.9261358],[9.0034846,49.9259518],[9.0040257,49.9253772],[9.0041343,49.9252629],[9.0041837,49.9252094],[9.0048695,49.9244799],[9.0049118,49.9244374]]}},{"type":"Feature","properties":{"source":"osm_exact_topology_chain","lines":["53","BG1","BG2","BG3"],"line_count":4,"segment_count":1,"osm_way_ids":["689493029"]},"geometry":{"type":"LineString","coordinates":[[9.0049118,49.9244374],[9.0049595,49.924356],[9.005017,49.9242671],[9.0050339,49.9242271]]}},{"type":"Feature","properties":{"source":"osm_exact_topology_chain","lines":["53","BG1","BG2","BG3"],"line_count":4,"segment_count":1,"osm_way_ids":["15089747"]},"geometry":{"type":"LineString","coordinates":[[9.0049118,49.9244374],[9.005013,49.9243724],[9.0051004,49.9243042],[9.0051607,49.9242672]]}},{"type":"Feature","properties":{"source":"osm_exact_topology_chain","lines":["53","BG1","BG2","BG3"],"line_count":4,"segment_count":1,"osm_way_ids":["782136869"]},"geometry":{"type":"LineString","coordinates":[[9.0051358,49.9242677],[9.0051112,49.9242651],[9.0050879,49.9242595],[9.0050667,49.924251],[9.0050485,49.9242401],[9.0050339,49.9242271],[9.0050223,49.9242103],[9.0050169,49.9241922],[9.0050179,49.9241736],[9.0050254,49.9241556],[9.0050353,49.9241428],[9.0050484,49.9241314],[9.0050644,49.9241216],[9.0050828,49.9241137],[9.005103,49.924108],[9.0051244,49.9241046],[9.0051465,49.9241036],[9.0051672,49.924105],[9.0051873,49.9241085],[9.0052062,49.924114],[9.0052234,49.9241214],[9.0052385,49.9241305],[9.0052512,49.9241411],[9.0052617,49.9241539],[9.0052685,49.9241677],[9.0052715,49.924182],[9.0052705,49.9241964],[9.0052657,49.9242105],[9.005257,49.9242239],[9.0052449,49.924236],[9.0052296,49.9242466],[9.005209,49.9242564],[9.0051857,49.9242634],[9.0051607,49.9242672],[9.0051358,49.9242677]]}},{"type":"Feature","properties":{"source":"osm_exact_topology_chain","lines":["53","54","BG1","BG2","BG3"],"line_count":5,"segment_count":2,"osm_way_ids":["140172288","1147098751"]},"geometry":{"type":"LineString","coordinates":[[9.0767821,49.9225408],[9.0769104,49.9226965],[9.0771598,49.9231887],[9.0773557,49.9235567],[9.0776156,49.9240454],[9.0779251,49.9245154],[9.0779928,49.9245988],[9.0780667,49.9246899]]}},{"type":"Feature","properties":{"source":"osm_exact_topology_chain","lines":["53","54","BG1","BG2","BG3"],"line_count":5,"segment_count":1,"osm_way_ids":["847339160"]},"geometry":{"type":"LineString","coordinates":[[8.9563636,49.9580888],[8.9564042,49.9581082],[8.9563745,49.9581339],[8.9562034,49.9582821],[8.9561628,49.9582626],[8.9562326,49.9582022],[8.9563636,49.9580888]]}},{"type":"Feature","properties":{"source":"osm_exact_topology_chain","lines":["53","54","BG2","BG3"],"line_count":4,"segment_count":2,"osm_way_ids":["144110639","666237136"]},"geometry":{"type":"LineString","coordinates":[[9.0829078,49.9291102],[9.0828521,49.9290647],[9.0828142,49.9290193],[9.0827981,49.9289696],[9.0827885,49.9288521],[9.0827875,49.9287617],[9.082773,49.9287003]]}},{"type":"Feature","properties":{"source":"osm_exact_topology_chain","lines":["53","54","BG2","BG3"],"line_count":4,"segment_count":2,"osm_way_ids":["313139131","666237133"]},"geometry":{"type":"LineString","coordinates":[[9.082773,49.9287003],[9.0827493,49.9286767],[9.082721,49.9286523],[9.0826581,49.9286108],[9.0822317,49.9283652],[9.081826,49.928085]]}},{"type":"Feature","properties":{"source":"osm_exact_topology_chain","lines":["53","54","BG2","BG3"],"line_count":4,"segment_count":2,"osm_way_ids":["666237131","313139130"]},"geometry":{"type":"LineString","coordinates":[[9.082773,49.9287003],[9.0828568,49.9287856],[9.0828983,49.9288438],[9.0829223,49.9289019],[9.0830216,49.9289973],[9.0830901,49.9290611],[9.083163,49.9291155],[9.0832466,49.9291665]]}},{"type":"Feature","properties":{"source":"osm_exact_topology_chain","lines":["53","BG2"],"line_count":2,"segment_count":7,"osm_way_ids":["140961600","1417170024","25736223","37415574","140961605","23007688","37415575"]},"geometry":{"type":"LineString","coordinates":[[9.0400973,49.9294543],[9.041575,49.9298811],[9.0417063,49.9299127],[9.0418327,49.9299455],[9.0421268,49.9300165],[9.0421366,49.930019],[9.042861,49.9302018],[9.0432134,49.9302927],[9.043463,49.9303603],[9.0435377,49.9303985],[9.0435481,49.9304343],[9.0435408,49.9304862],[9.0430212,49.9313987],[9.0428147,49.9317302],[9.0423793,49.9324744],[9.0423492,49.9325259],[9.0423095,49.9325938],[9.042254,49.9326925],[9.0417653,49.9335298],[9.0410935,49.9347229],[9.0410656,49.9347708],[9.040085,49.934501],[9.039743,49.9344069],[9.0395998,49.9343675],[9.039565,49.9343588],[9.0394749,49.9343362],[9.039365,49.9343026],[9.0389671,49.9342009],[9.0388045,49.9341557],[9.0386434,49.934115],[9.0383334,49.9340284],[9.0364019,49.9334838],[9.0360443,49.9333843],[9.035694,49.9332869],[9.0354073,49.9332095],[9.0349736,49.933093],[9.0347501,49.9330312],[9.0346102,49.9329926],[9.0344272,49.9329454],[9.0344002,49.9329384],[9.0340297,49.9328428],[9.0333672,49.9326777],[9.0334206,49.9325924],[9.0335984,49.9323087],[9.0337639,49.9320361],[9.0339378,49.9317672],[9.033975,49.9316995],[9.0342707,49.9312379],[9.034306,49.9311913],[9.0345489,49.9308638],[9.0347714,49.9306396],[9.0350721,49.9304069],[9.0352099,49.9303003],[9.0355931,49.9299807],[9.0360314,49.9296341],[9.0361381,49.9295436]]}},{"type":"Feature","properties":{"source":"osm_exact_topology_chain","lines":["53","BG2"],"line_count":2,"segment_count":1,"osm_way_ids":["464938061"]},"geometry":{"type":"LineString","coordinates":[[9.0128868,49.9228719],[9.0128517,49.9228236],[9.0128141,49.9227898],[9.0127577,49.9227198]]}},{"type":"Feature","properties":{"source":"osm_exact_topology_chain","lines":["53","BG2"],"line_count":2,"segment_count":5,"osm_way_ids":["799842888","24015113","24015114","143201762","35692162"]},"geometry":{"type":"LineString","coordinates":[[9.0127577,49.9227198],[9.012693,49.9226934],[9.0118447,49.9224633],[9.0114855,49.9223659],[9.0110764,49.9222541],[9.0108367,49.9222065],[9.0103329,49.9221191],[9.0102545,49.9221002],[9.0097688,49.9219806],[9.0092991,49.921821],[9.0087135,49.9216489],[9.0079598,49.9215009],[9.0079068,49.9214905],[9.0077998,49.9214685],[9.0077055,49.9214492],[9.0075934,49.921424],[9.0074753,49.9213975],[9.0072095,49.9212753],[9.0072066,49.9213693],[9.007052,49.9216269],[9.0069852,49.9217583],[9.0064683,49.9225717],[9.0061811,49.9230027],[9.0061372,49.9230498],[9.0053346,49.9239544],[9.0052062,49.924114]]}},{"type":"Feature","properties":{"source":"osm_exact_topology_chain","lines":["53","BG2"],"line_count":2,"segment_count":1,"osm_way_ids":["464938062"]},"geometry":{"type":"LineString","coordinates":[[9.0127577,49.9227198],[9.0128271,49.9227309],[9.0129314,49.9227742],[9.0129974,49.9227925]]}},{"type":"Feature","properties":{"source":"osm_exact_topology_chain","lines":["54","BG3"],"line_count":2,"segment_count":6,"osm_way_ids":["1237359779","1154590289","1154590286","1154590288","1154590282","25345571"]},"geometry":{"type":"LineString","coordinates":[[9.0767821,49.9225408],[9.0768877,49.9224845],[9.0769319,49.9224892],[9.0772658,49.9225246],[9.0776374,49.9225344],[9.078562,49.9225078],[9.0792727,49.9225121],[9.0803557,49.9226189],[9.0813783,49.922788],[9.0815008,49.9228041],[9.0824389,49.9229081],[9.0834343,49.9228958],[9.084155,49.9228434],[9.0843265,49.9228309],[9.0848413,49.9227878],[9.0853107,49.9227967]]}},{"type":"Feature","properties":{"source":"osm_exact_topology_chain","lines":["54","BG3"],"line_count":2,"segment_count":16,"osm_way_ids":["35642883","162180561","162180558","148785343","1254165414","162179838","148785330","23136418","23008526","38674136","162179842","919055966","148785352","32900177","23136420","687667311"]},"geometry":{"type":"LineString","coordinates":[[9.0868219,49.9185571],[9.0864381,49.9184016],[9.0863427,49.9183629],[9.0854572,49.9179862],[9.0853116,49.9179224],[9.084922,49.9177223],[9.0843825,49.9174502],[9.0839811,49.9174485],[9.0837723,49.9174516],[9.0835058,49.9174987],[9.0831301,49.9175761],[9.0829349,49.9176056],[9.0826218,49.9176431],[9.082325,49.9176598],[9.0821778,49.9176642],[9.0820851,49.9176588],[9.0815775,49.9176293],[9.0809582,49.9176134],[9.0809114,49.9176091],[9.0808406,49.917599],[9.0803455,49.9175555],[9.0802445,49.9175455],[9.0798892,49.9175104],[9.0798345,49.917505],[9.0797217,49.9174938],[9.079207,49.9174974],[9.0788006,49.917533],[9.0786963,49.9175316],[9.078428,49.9175297],[9.0780948,49.9175273],[9.0778499,49.9175262],[9.0770592,49.9174847],[9.0770127,49.9174917],[9.0768516,49.9175138],[9.0767624,49.9175403],[9.0765502,49.9176199],[9.0763261,49.9176959],[9.076028,49.9177734],[9.0758169,49.9178223],[9.0755133,49.9178415],[9.0749376,49.9178943],[9.0748539,49.9178881],[9.0741388,49.9178329],[9.0739829,49.9178209],[9.0739429,49.9178178],[9.0737094,49.9177998],[9.0736754,49.9177972],[9.0735514,49.9177691],[9.0731307,49.9176621],[9.0730428,49.9176408],[9.0722614,49.9174237],[9.0721967,49.9174057],[9.0712438,49.9171312],[9.070951,49.9170506],[9.0708282,49.9170183],[9.0704647,49.9169227],[9.0701709,49.9168372],[9.0701301,49.9168253],[9.0697848,49.9167155],[9.0695304,49.9166406],[9.0688532,49.9164362],[9.0683027,49.9162381],[9.0677622,49.9159712],[9.0672538,49.9157026],[9.0670873,49.9156207],[9.0663856,49.9152754],[9.065897,49.9150349],[9.0653902,49.9147781],[9.0650745,49.9145963],[9.064898,49.9144595],[9.064717,49.9143066],[9.0644643,49.9140351],[9.0641103,49.9136997],[9.0636647,49.913358],[9.063554,49.9132494],[9.0634215,49.9131208],[9.0633336,49.9130385],[9.0632552,49.9129868],[9.0632067,49.9129663],[9.0630648,49.9129253]]}},{"type":"Feature","properties":{"source":"osm_exact_topology_chain","lines":["54","BG3"],"line_count":2,"segment_count":1,"osm_way_ids":["22568473"]},"geometry":{"type":"LineString","coordinates":[[9.0630648,49.9129253],[9.0628988,49.9128833],[9.0625628,49.9128491]]}},{"type":"Feature","properties":{"source":"osm_exact_topology_chain","lines":["54","BG3"],"line_count":2,"segment_count":1,"osm_way_ids":["687667310"]},"geometry":{"type":"LineString","coordinates":[[9.0630648,49.9129253],[9.0629081,49.9128011],[9.0627269,49.9126935],[9.0625996,49.9125852]]}},{"type":"Feature","properties":{"source":"osm_exact_topology_chain","lines":["54","BG3"],"line_count":2,"segment_count":45,"osm_way_ids":["162958491","162958492","1016983788","687667307","919062226","919062225","919062224","983356743","25380272","25380268","162124940","162124935","819609558","527752540","162124943","1154590279","1154590280","871216539","162124936","22749933","216067432","139270293","140028602","480927970","1303335625","45729821","162958497","139270294","129626566","1018741841","1202329863","22749964","191538950","191538965","1066652223","129626562","695219687","693965271","7974979","35693045","33549959","35692181","954835402","954837654","1417333294"]},"geometry":{"type":"LineString","coordinates":[[9.0601669,49.9082528],[9.0596144,49.907874],[9.0595107,49.9078194],[9.0592421,49.9076779],[9.0591016,49.9075944],[9.058965,49.9075367],[9.0588967,49.9075119],[9.0586312,49.9074155],[9.0583315,49.9072816],[9.0582101,49.9071892],[9.0580924,49.907078],[9.0578695,49.9068431],[9.0570519,49.9058317],[9.0566515,49.9052414],[9.056591,49.9051481],[9.0565874,49.9051431],[9.0565791,49.9051317],[9.0564726,49.9049853],[9.0563781,49.9048607],[9.0563109,49.9047663],[9.0563061,49.9047596],[9.0558309,49.9042128],[9.0556875,49.9040411],[9.0551941,49.9034268],[9.0550575,49.9032318],[9.0548669,49.9029053],[9.0546905,49.9026062],[9.0545506,49.9023309],[9.0544839,49.9021319],[9.0544517,49.9019592],[9.0544504,49.9018011],[9.054555,49.9013814],[9.054614,49.9010608],[9.0545872,49.9009424],[9.0545338,49.9008364],[9.054437,49.9007291],[9.0543152,49.9006107],[9.0540617,49.9004054],[9.0537972,49.9002617],[9.0535477,49.9001361],[9.0525584,49.8996452],[9.051641,49.8991734],[9.0513629,49.8990574],[9.0504373,49.8987271],[9.0497676,49.8984348],[9.0494961,49.8982432],[9.0492259,49.8979804],[9.0489124,49.897588],[9.0486794,49.8973114],[9.048648,49.8972741],[9.0485206,49.8971413],[9.0483432,49.8969564],[9.0479279,49.8965764],[9.04781,49.8964774],[9.0476647,49.8963624],[9.0472383,49.8960594],[9.0470116,49.8958685],[9.0467899,49.8956649],[9.0464503,49.8952261],[9.0462945,49.8950296],[9.0462589,49.8949852],[9.0461208,49.8948189],[9.0460288,49.894726],[9.0459128,49.8946435],[9.0456899,49.8944821],[9.0455377,49.8943754],[9.0454004,49.8942791],[9.0453703,49.894258],[9.0452514,49.8942046],[9.0448782,49.8941025],[9.0447164,49.8940582],[9.0443242,49.893959],[9.0442331,49.893936],[9.0442048,49.8939284],[9.0441723,49.8939129],[9.043889,49.8938392],[9.0438696,49.8938345],[9.0432872,49.8936921],[9.0431298,49.8936652],[9.0431131,49.8936623],[9.0429344,49.893634],[9.0423616,49.89362],[9.0421906,49.8936158],[9.0420611,49.8936044],[9.0420394,49.8936025],[9.0418285,49.8935415],[9.0416105,49.893454],[9.0413478,49.893309],[9.0411484,49.8931989],[9.0409892,49.893122],[9.0408523,49.8930848],[9.0405884,49.893026],[9.0405025,49.893015],[9.0402581,49.8929837],[9.0400036,49.8929642],[9.0399268,49.8929583],[9.0396781,49.8929392],[9.0394995,49.8929254],[9.0393827,49.8929039],[9.039372,49.8929028],[9.0384263,49.8926849],[9.0381954,49.8926161],[9.0381247,49.8925865],[9.0379315,49.8925057],[9.037786,49.8924449],[9.0377367,49.8924279],[9.0377093,49.8924185],[9.0372801,49.8922662],[9.0371497,49.8922199],[9.0370046,49.8921734],[9.0364997,49.8920391],[9.0359161,49.8919461],[9.035351,49.8918653],[9.035204,49.8918443],[9.0348899,49.8917994],[9.0348799,49.891798],[9.0348677,49.8917962],[9.034477,49.8917353],[9.0342479,49.8916735],[9.0335734,49.891457],[9.0328392,49.8911964],[9.0327301,49.8911522],[9.0326622,49.8911246],[9.0316765,49.8907246],[9.031469,49.8906404],[9.0306537,49.8903446],[9.0305695,49.8903352],[9.0304914,49.8903464],[9.0304325,49.8903763],[9.0303892,49.8904097],[9.0303739,49.8904315],[9.0300276,49.8909238],[9.0298553,49.8911689],[9.0298186,49.8912211],[9.0297819,49.8912739],[9.0297466,49.8913246],[9.0297289,49.8913442],[9.0295383,49.891555],[9.0292181,49.8918988],[9.0290714,49.8919735],[9.0289986,49.8919894],[9.028931,49.8919856],[9.0283495,49.8918581],[9.0281788,49.8918123],[9.027366,49.8914809],[9.0271782,49.8914245],[9.0270736,49.8914035],[9.0269628,49.8913867],[9.0268543,49.8913712],[9.0267574,49.8913605],[9.0266094,49.8913173],[9.0264963,49.8912505],[9.0257619,49.8907841],[9.0248578,49.890207],[9.0246432,49.8900855],[9.0244016,49.8899742],[9.0240255,49.8898331],[9.0237257,49.8897206],[9.0227672,49.8893871],[9.0223058,49.8892265],[9.0222349,49.8892061],[9.022002,49.8891454],[9.0213896,49.8889598],[9.0210425,49.8888766],[9.0208642,49.8888414],[9.0204737,49.8887643],[9.0200171,49.8887012],[9.0199217,49.8886881],[9.0195021,49.888662],[9.0190938,49.8887242],[9.0183032,49.8888204],[9.0179365,49.8889168],[9.0173539,49.8891104],[9.0171771,49.8891344],[9.0169128,49.8891585],[9.0167985,49.8891694],[9.0163375,49.8893763],[9.0161305,49.8894731],[9.0160485,49.889492],[9.0159885,49.8894857],[9.0159224,49.8895689],[9.0158607,49.8896302],[9.0156324,49.8897912],[9.0154577,49.8899358],[9.0154297,49.889959],[9.0154214,49.8899638],[9.0151318,49.8901787],[9.014946,49.8903477],[9.0149337,49.8903586],[9.0147062,49.8905899],[9.0146254,49.890675],[9.0143779,49.8909863],[9.0141908,49.8912358],[9.0140145,49.8914847],[9.0138669,49.8917266],[9.0137311,49.8919634],[9.0136053,49.8921767],[9.0134935,49.8923587],[9.013374,49.8925604],[9.0132704,49.892754],[9.0130113,49.8932765],[9.0127843,49.8938025],[9.0125459,49.8943102],[9.0120183,49.8954316],[9.0118811,49.895644],[9.0116786,49.8958963],[9.0114467,49.8961487],[9.0105222,49.8971391],[9.0105094,49.8971529],[9.0089286,49.8988641],[9.0088225,49.8989933],[9.0087388,49.8991246],[9.0086696,49.899261],[9.0086069,49.8994332],[9.0085507,49.899712],[9.0085323,49.9002061],[9.0084946,49.9006332],[9.0084224,49.9009473],[9.0083122,49.9012626],[9.0081581,49.901565],[9.0078405,49.9020588],[9.0077192,49.9022844],[9.0076467,49.9024853],[9.0076289,49.9026771],[9.0076437,49.9028534],[9.0076988,49.9030591],[9.0077786,49.9033105],[9.0078631,49.9035909],[9.007978,49.9039619],[9.008066,49.9042369],[9.0081001,49.904429],[9.0080975,49.9046257],[9.0080431,49.9048409],[9.00803,49.9048784],[9.0080045,49.9049356],[9.0079355,49.9050802],[9.0074167,49.905888],[9.0069081,49.9066967],[9.006718,49.9070022],[9.0065722,49.9073098],[9.0064706,49.9075855],[9.006341,49.9080462],[9.0061697,49.9086792],[9.0059269,49.9094977],[9.0058304,49.9098088],[9.005672,49.9103634],[9.0055925,49.9106297],[9.0054973,49.9108554],[9.0053153,49.9111371],[9.0050621,49.9114176],[9.0046214,49.9118984],[9.0044767,49.9121316],[9.0043828,49.9123388],[9.0043128,49.9125708],[9.0042051,49.9130759],[9.0041401,49.9133242],[9.0040703,49.9135832],[9.0038987,49.9139484],[9.0038195,49.9140867],[9.0035686,49.9144305],[9.0033649,49.9147068],[9.0032682,49.9148655],[9.0031906,49.9150254],[9.0031544,49.9151509],[9.0031678,49.9152465],[9.0032122,49.9153551],[9.0035401,49.9158028],[9.0036833,49.9160152],[9.0039255,49.9163959],[9.0041414,49.9167561],[9.0044341,49.9172487],[9.0049196,49.9180879],[9.0051232,49.9184387],[9.0054366,49.919002],[9.0055589,49.9192161],[9.0055899,49.9193252],[9.0055946,49.9193795],[9.0055597,49.9194391],[9.0055128,49.9194788],[9.0053153,49.9195606],[9.0052265,49.9195881],[9.0043551,49.9198764],[9.0041982,49.9199259],[9.0040561,49.919952],[9.0040307,49.9199968],[9.0039734,49.9200645],[9.003361,49.9206326],[9.0028977,49.9210752],[9.0025679,49.9213821],[9.0023346,49.9215921],[9.0019811,49.9218785],[9.0011358,49.9225319],[9.0013173,49.9226171],[9.0021619,49.922961],[9.002708,49.9231639],[9.0028624,49.9232213],[9.0030944,49.9233115],[9.0032725,49.9233807],[9.0034768,49.923438],[9.0037804,49.9235549],[9.0040387,49.9236543],[9.0041339,49.923691]]}},{"type":"Feature","properties":{"source":"osm_exact_topology_chain","lines":["54","BG3"],"line_count":2,"segment_count":3,"osm_way_ids":["32547714","1154590281","35650098"]},"geometry":{"type":"LineString","coordinates":[[9.0844154,49.9244676],[9.0839776,49.9244234],[9.0831246,49.9243626],[9.0821802,49.9242976],[9.0812428,49.924196],[9.0806772,49.9241876],[9.080383,49.9242126],[9.0796104,49.9243028],[9.0787753,49.9244188],[9.0787559,49.9244214],[9.0785741,49.9244458],[9.0779251,49.9245154]]}}]}